{"type":"FeatureCollection","features":[{"type":"Feature","geometry":{"type":"Point","coordinates":[16.361981,48.249541]},"properties":{"name":"Hohe Warte","band":0,"modes":"bus,tram,metro","arr":["10A","11A","37","38A","39A","5B","U4"],"off":[0,-0.8]}},{"type":"Feature","geometry":{"type":"Point","coordinates":[16.361981,48.249541]},"properties":{"name":"Heiligenstadt","band":0,"modes":"bus,tram,metro","arr":["10A","11A","37","38A","39A","5B","U4"],"off":[0,-1.9]}},{"type":"Feature","geometry":{"type":"Point","coordinates":[16.361981,48.249541]},"properties":{"line":"10A","mode":"bus","color":"#0059a9","colorDark":"#00294f","band":0,"off":[-6.8,1.1]}},{"type":"Feature","geometry":{"type":"Point","coordinates":[16.361981,48.249541]},"properties":{"line":"11A","mode":"bus","color":"#0059a9","colorDark":"#00294f","band":0,"off":[-3.4,1.1]}},{"type":"Feature","geometry":{"type":"Point","coordinates":[16.361981,48.249541]},"properties":{"line":"37","mode":"tram","color":"#d6212b","colorDark":"#7c1116","band":0,"off":[0,1.1]}},{"type":"Feature","geometry":{"type":"Point","coordinates":[16.361981,48.249541]},"properties":{"line":"38A","mode":"bus","color":"#0059a9","colorDark":"#00294f","band":0,"off":[3.4,1.1]}},{"type":"Feature","geometry":{"type":"Point","coordinates":[16.361981,48.249541]},"properties":{"line":"39A","mode":"bus","color":"#0059a9","colorDark":"#00294f","band":0,"off":[6.8,1.1]}},{"type":"Feature","geometry":{"type":"Point","coordinates":[16.361981,48.249541]},"properties":{"line":"5B","mode":"bus","color":"#0059a9","colorDark":"#00294f","band":0,"off":[-1.7,3.1]}},{"type":"Feature","geometry":{"type":"Point","coordinates":[16.361981,48.249541]},"properties":{"line":"U4","mode":"tram","color":"#319F49","colorDark":"#1b5728","band":0,"metro":1,"off":[1.7,3.1]}},{"type":"Feature","geometry":{"type":"Point","coordinates":[16.330675,48.181346]},"properties":{"name":"Niederhofstraße","band":0,"modes":"bus","arr":["10A"],"off":[0,-0.8]}},{"type":"Feature","geometry":{"type":"Point","coordinates":[16.330675,48.181346]},"properties":{"line":"10A","mode":"bus","color":"#0059a9","colorDark":"#00294f","band":0,"off":[0,1.1]}},{"type":"Feature","geometry":{"type":"Point","coordinates":[16.421405,48.210962]},"properties":{"name":"Stadion","band":0,"modes":"bus","arr":["11A"],"off":[0,-0.8]}},{"type":"Feature","geometry":{"type":"Point","coordinates":[16.421405,48.210962]},"properties":{"line":"11A","mode":"bus","color":"#0059a9","colorDark":"#00294f","band":0,"off":[0,1.1]}},{"type":"Feature","geometry":{"type":"Point","coordinates":[16.383929,48.241121]},"properties":{"name":"Handelskai","band":0,"modes":"bus","arr":["N8"],"off":[0,-0.8]}},{"type":"Feature","geometry":{"type":"Point","coordinates":[16.383929,48.241121]},"properties":{"line":"N8","mode":"bus","color":"#0059a9","colorDark":"#00294f","band":0,"off":[0,1.1]}},{"type":"Feature","geometry":{"type":"Point","coordinates":[16.309381,48.209464]},"properties":{"name":"Schmelz, Gablenzgasse","band":0,"modes":"bus,tram,metro","arr":["12A","45A","46","46A","46B","N46","U3"],"off":[0,-0.8]}},{"type":"Feature","geometry":{"type":"Point","coordinates":[16.309381,48.209464]},"properties":{"name":"Ottakring","band":0,"modes":"bus,tram,metro","arr":["12A","45A","46","46A","46B","N46","U3"],"off":[0,-3]}},{"type":"Feature","geometry":{"type":"Point","coordinates":[16.309381,48.209464]},"properties":{"name":"Joachimsthalerplatz","band":0,"modes":"bus,tram,metro","arr":["12A","45A","46","46A","46B","N46","U3"],"off":[0,-4.1]}},{"type":"Feature","geometry":{"type":"Point","coordinates":[16.309381,48.209464]},"properties":{"line":"12A","mode":"bus","color":"#0059a9","colorDark":"#00294f","band":0,"off":[-6.8,1.1]}},{"type":"Feature","geometry":{"type":"Point","coordinates":[16.309381,48.209464]},"properties":{"line":"45A","mode":"bus","color":"#0059a9","colorDark":"#00294f","band":0,"off":[-3.4,1.1]}},{"type":"Feature","geometry":{"type":"Point","coordinates":[16.309381,48.209464]},"properties":{"line":"46","mode":"tram","color":"#d6212b","colorDark":"#7c1116","band":0,"off":[0,1.1]}},{"type":"Feature","geometry":{"type":"Point","coordinates":[16.309381,48.209464]},"properties":{"line":"46A","mode":"bus","color":"#0059a9","colorDark":"#00294f","band":0,"off":[3.4,1.1]}},{"type":"Feature","geometry":{"type":"Point","coordinates":[16.309381,48.209464]},"properties":{"line":"46B","mode":"bus","color":"#0059a9","colorDark":"#00294f","band":0,"off":[6.8,1.1]}},{"type":"Feature","geometry":{"type":"Point","coordinates":[16.309381,48.209464]},"properties":{"line":"N46","mode":"bus","color":"#0059a9","colorDark":"#00294f","band":0,"off":[-1.7,3.1]}},{"type":"Feature","geometry":{"type":"Point","coordinates":[16.309381,48.209464]},"properties":{"line":"U3","mode":"tram","color":"#EF7C00","colorDark":"#834400","band":0,"metro":1,"off":[1.7,3.1]}},{"type":"Feature","geometry":{"type":"Point","coordinates":[16.350214,48.181464]},"properties":{"name":"Eichenstraße","band":0,"modes":"bus","arr":["12A"],"off":[0,-0.8]}},{"type":"Feature","geometry":{"type":"Point","coordinates":[16.350214,48.181464]},"properties":{"line":"12A","mode":"bus","color":"#0059a9","colorDark":"#00294f","band":0,"off":[0,1.1]}},{"type":"Feature","geometry":{"type":"Point","coordinates":[16.348651,48.214861]},"properties":{"name":"Skodagasse","band":0,"modes":"bus","arr":["13A"],"off":[0,-0.8]}},{"type":"Feature","geometry":{"type":"Point","coordinates":[16.348651,48.214861]},"properties":{"line":"13A","mode":"bus","color":"#0059a9","colorDark":"#00294f","band":0,"off":[0,1.1]}},{"type":"Feature","geometry":{"type":"Point","coordinates":[16.375474,48.186139]},"properties":{"name":"Hauptbahnhof","band":0,"modes":"bus","arr":["13A","69A"],"off":[0,-0.8]}},{"type":"Feature","geometry":{"type":"Point","coordinates":[16.375474,48.186139]},"properties":{"line":"13A","mode":"bus","color":"#0059a9","colorDark":"#00294f","band":0,"off":[-1.7,1.1]}},{"type":"Feature","geometry":{"type":"Point","coordinates":[16.375474,48.186139]},"properties":{"line":"69A","mode":"bus","color":"#0059a9","colorDark":"#00294f","band":0,"off":[1.7,1.1]}},{"type":"Feature","geometry":{"type":"Point","coordinates":[16.350877,48.198109]},"properties":{"name":"Neubaugasse","band":0,"modes":"bus","arr":["14A"],"off":[0,-0.8]}},{"type":"Feature","geometry":{"type":"Point","coordinates":[16.350877,48.198109]},"properties":{"line":"14A","mode":"bus","color":"#0059a9","colorDark":"#00294f","band":0,"off":[0,1.1]}},{"type":"Feature","geometry":{"type":"Point","coordinates":[16.376098,48.175406]},"properties":{"name":"Reumannplatz","band":0,"modes":"bus","arr":["14A","68A","68B","N68"],"off":[0,-0.8]}},{"type":"Feature","geometry":{"type":"Point","coordinates":[16.376098,48.175406]},"properties":{"name":"Quellenplatz","band":0,"modes":"bus","arr":["14A","68A","68B","N68"],"off":[0,-1.9]}},{"type":"Feature","geometry":{"type":"Point","coordinates":[16.376098,48.175406]},"properties":{"line":"14A","mode":"bus","color":"#0059a9","colorDark":"#00294f","band":0,"off":[-5.1,1.1]}},{"type":"Feature","geometry":{"type":"Point","coordinates":[16.376098,48.175406]},"properties":{"line":"68A","mode":"bus","color":"#0059a9","colorDark":"#00294f","band":0,"off":[-1.7,1.1]}},{"type":"Feature","geometry":{"type":"Point","coordinates":[16.376098,48.175406]},"properties":{"line":"68B","mode":"bus","color":"#0059a9","colorDark":"#00294f","band":0,"off":[1.7,1.1]}},{"type":"Feature","geometry":{"type":"Point","coordinates":[16.376098,48.175406]},"properties":{"line":"N68","mode":"bus","color":"#0059a9","colorDark":"#00294f","band":0,"off":[5.1,1.1]}},{"type":"Feature","geometry":{"type":"Point","coordinates":[16.332303,48.174126]},"properties":{"name":"Meidling, Schedifkaplatz","band":0,"modes":"bus","arr":["15A","59A","62A","7B","8A","9A"],"off":[0,-0.8]}},{"type":"Feature","geometry":{"type":"Point","coordinates":[16.332303,48.174126]},"properties":{"name":"Meidling, Eichenstraße","band":0,"modes":"bus","arr":["15A","59A","62A","7B","8A","9A"],"off":[0,-3]}},{"type":"Feature","geometry":{"type":"Point","coordinates":[16.332303,48.174126]},"properties":{"name":"Meidling","band":0,"modes":"bus","arr":["15A","59A","62A","7B","8A","9A"],"off":[0,-5.2]}},{"type":"Feature","geometry":{"type":"Point","coordinates":[16.332303,48.174126]},"properties":{"line":"15A","mode":"bus","color":"#0059a9","colorDark":"#00294f","band":0,"off":[-6.8,1.1]}},{"type":"Feature","geometry":{"type":"Point","coordinates":[16.332303,48.174126]},"properties":{"line":"59A","mode":"bus","color":"#0059a9","colorDark":"#00294f","band":0,"off":[-3.4,1.1]}},{"type":"Feature","geometry":{"type":"Point","coordinates":[16.332303,48.174126]},"properties":{"line":"62A","mode":"bus","color":"#0059a9","colorDark":"#00294f","band":0,"off":[0,1.1]}},{"type":"Feature","geometry":{"type":"Point","coordinates":[16.332303,48.174126]},"properties":{"line":"7B","mode":"bus","color":"#0059a9","colorDark":"#00294f","band":0,"off":[3.4,1.1]}},{"type":"Feature","geometry":{"type":"Point","coordinates":[16.332303,48.174126]},"properties":{"line":"8A","mode":"bus","color":"#0059a9","colorDark":"#00294f","band":0,"off":[6.8,1.1]}},{"type":"Feature","geometry":{"type":"Point","coordinates":[16.332303,48.174126]},"properties":{"line":"9A","mode":"bus","color":"#0059a9","colorDark":"#00294f","band":0,"off":[0,3.1]}},{"type":"Feature","geometry":{"type":"Point","coordinates":[16.415962,48.173959]},"properties":{"name":"Enkplatz","band":0,"modes":"bus","arr":["15A","76A","76B","N6"],"off":[0,-0.8]}},{"type":"Feature","geometry":{"type":"Point","coordinates":[16.415962,48.173959]},"properties":{"line":"15A","mode":"bus","color":"#0059a9","colorDark":"#00294f","band":0,"off":[-5.1,1.1]}},{"type":"Feature","geometry":{"type":"Point","coordinates":[16.415962,48.173959]},"properties":{"line":"76A","mode":"bus","color":"#0059a9","colorDark":"#00294f","band":0,"off":[-1.7,1.1]}},{"type":"Feature","geometry":{"type":"Point","coordinates":[16.415962,48.173959]},"properties":{"line":"76B","mode":"bus","color":"#0059a9","colorDark":"#00294f","band":0,"off":[1.7,1.1]}},{"type":"Feature","geometry":{"type":"Point","coordinates":[16.415962,48.173959]},"properties":{"line":"N6","mode":"bus","color":"#0059a9","colorDark":"#00294f","band":0,"off":[5.1,1.1]}},{"type":"Feature","geometry":{"type":"Point","coordinates":[16.383569,48.160858]},"properties":{"name":"Altes Landgut","band":0,"modes":"bus","arr":["N67"],"off":[0,-0.8]}},{"type":"Feature","geometry":{"type":"Point","coordinates":[16.383569,48.160858]},"properties":{"line":"N67","mode":"bus","color":"#0059a9","colorDark":"#00294f","band":0,"off":[0,1.1]}},{"type":"Feature","geometry":{"type":"Point","coordinates":[16.344744,48.168926]},"properties":{"name":"Wienerberg City","band":0,"modes":"bus","arr":["63A","65A","7B"],"off":[0,-0.8]}},{"type":"Feature","geometry":{"type":"Point","coordinates":[16.344744,48.168926]},"properties":{"name":"Gesundheitszentrum Süd","band":0,"modes":"bus","arr":["63A","65A","7B"],"off":[0,-1.9]}},{"type":"Feature","geometry":{"type":"Point","coordinates":[16.344744,48.168926]},"properties":{"line":"63A","mode":"bus","color":"#0059a9","colorDark":"#00294f","band":0,"off":[-3.4,1.1]}},{"type":"Feature","geometry":{"type":"Point","coordinates":[16.344744,48.168926]},"properties":{"line":"65A","mode":"bus","color":"#0059a9","colorDark":"#00294f","band":0,"off":[0,1.1]}},{"type":"Feature","geometry":{"type":"Point","coordinates":[16.344744,48.168926]},"properties":{"line":"7B","mode":"bus","color":"#0059a9","colorDark":"#00294f","band":0,"off":[3.4,1.1]}},{"type":"Feature","geometry":{"type":"Point","coordinates":[16.314441,48.165826]},"properties":{"name":"Hetzendorf","band":0,"modes":"bus","arr":["16A","64B"],"off":[0,-0.8]}},{"type":"Feature","geometry":{"type":"Point","coordinates":[16.314441,48.165826]},"properties":{"line":"16A","mode":"bus","color":"#0059a9","colorDark":"#00294f","band":0,"off":[-1.7,1.1]}},{"type":"Feature","geometry":{"type":"Point","coordinates":[16.314441,48.165826]},"properties":{"line":"64B","mode":"bus","color":"#0059a9","colorDark":"#00294f","band":0,"off":[1.7,1.1]}},{"type":"Feature","geometry":{"type":"Point","coordinates":[16.383866,48.152845]},"properties":{"name":"Alaudagasse","band":0,"modes":"bus","arr":["16A","19A","67A","67B","N17"],"off":[0,-0.8]}},{"type":"Feature","geometry":{"type":"Point","coordinates":[16.383866,48.152845]},"properties":{"name":"Ada-Christen-Gasse","band":0,"modes":"bus","arr":["16A","19A","67A","67B","N17"],"off":[0,-1.9]}},{"type":"Feature","geometry":{"type":"Point","coordinates":[16.383866,48.152845]},"properties":{"line":"16A","mode":"bus","color":"#0059a9","colorDark":"#00294f","band":0,"off":[-6.8,1.1]}},{"type":"Feature","geometry":{"type":"Point","coordinates":[16.383866,48.152845]},"properties":{"line":"19A","mode":"bus","color":"#0059a9","colorDark":"#00294f","band":0,"off":[-3.4,1.1]}},{"type":"Feature","geometry":{"type":"Point","coordinates":[16.383866,48.152845]},"properties":{"line":"67A","mode":"bus","color":"#0059a9","colorDark":"#00294f","band":0,"off":[0,1.1]}},{"type":"Feature","geometry":{"type":"Point","coordinates":[16.383866,48.152845]},"properties":{"line":"67B","mode":"bus","color":"#0059a9","colorDark":"#00294f","band":0,"off":[3.4,1.1]}},{"type":"Feature","geometry":{"type":"Point","coordinates":[16.383866,48.152845]},"properties":{"line":"N17","mode":"bus","color":"#0059a9","colorDark":"#00294f","band":0,"off":[6.8,1.1]}},{"type":"Feature","geometry":{"type":"Point","coordinates":[16.354565,48.136191]},"properties":{"name":"Inzersdorf, Großmarkt","band":0,"modes":"bus","arr":["17A","N67"],"off":[0,-0.8]}},{"type":"Feature","geometry":{"type":"Point","coordinates":[16.354565,48.136191]},"properties":{"name":"Inzersdorf, Birostraße","band":0,"modes":"bus","arr":["17A","N67"],"off":[0,-3]}},{"type":"Feature","geometry":{"type":"Point","coordinates":[16.354565,48.136191]},"properties":{"line":"17A","mode":"bus","color":"#0059a9","colorDark":"#00294f","band":0,"off":[-1.7,1.1]}},{"type":"Feature","geometry":{"type":"Point","coordinates":[16.354565,48.136191]},"properties":{"line":"N67","mode":"bus","color":"#0059a9","colorDark":"#00294f","band":0,"off":[1.7,1.1]}},{"type":"Feature","geometry":{"type":"Point","coordinates":[16.399283,48.142892]},"properties":{"name":"Oberlaa","band":0,"modes":"bus,metro","arr":["17A","68B","70A","N68","U1"],"off":[0,-0.8]}},{"type":"Feature","geometry":{"type":"Point","coordinates":[16.399283,48.142892]},"properties":{"line":"17A","mode":"bus","color":"#0059a9","colorDark":"#00294f","band":0,"off":[-6.8,1.1]}},{"type":"Feature","geometry":{"type":"Point","coordinates":[16.399283,48.142892]},"properties":{"line":"68B","mode":"bus","color":"#0059a9","colorDark":"#00294f","band":0,"off":[-3.4,1.1]}},{"type":"Feature","geometry":{"type":"Point","coordinates":[16.399283,48.142892]},"properties":{"line":"70A","mode":"bus","color":"#0059a9","colorDark":"#00294f","band":0,"off":[0,1.1]}},{"type":"Feature","geometry":{"type":"Point","coordinates":[16.399283,48.142892]},"properties":{"line":"N68","mode":"bus","color":"#0059a9","colorDark":"#00294f","band":0,"off":[3.4,1.1]}},{"type":"Feature","geometry":{"type":"Point","coordinates":[16.399283,48.142892]},"properties":{"line":"U1","mode":"tram","color":"#E3000F","colorDark":"#7d0008","band":0,"metro":1,"off":[6.8,1.1]}},{"type":"Feature","geometry":{"type":"Point","coordinates":[16.372554,48.209309]},"properties":{"name":"Stephansplatz","band":0,"modes":"bus","arr":["1A"],"off":[0,-0.8]}},{"type":"Feature","geometry":{"type":"Point","coordinates":[16.372554,48.209309]},"properties":{"line":"1A","mode":"bus","color":"#0059a9","colorDark":"#00294f","band":0,"off":[0,1.1]}},{"type":"Feature","geometry":{"type":"Point","coordinates":[16.363089,48.214267]},"properties":{"name":"Schottentor","band":0,"modes":"bus,tram","arr":["1A","37","38","40","40A","41","42","43","44","N38","N41","N43"],"off":[0,-0.8]}},{"type":"Feature","geometry":{"type":"Point","coordinates":[16.363089,48.214267]},"properties":{"line":"1A","mode":"bus","color":"#0059a9","colorDark":"#00294f","band":0,"off":[-6.8,1.1]}},{"type":"Feature","geometry":{"type":"Point","coordinates":[16.363089,48.214267]},"properties":{"line":"37","mode":"tram","color":"#d6212b","colorDark":"#7c1116","band":0,"off":[-3.4,1.1]}},{"type":"Feature","geometry":{"type":"Point","coordinates":[16.363089,48.214267]},"properties":{"line":"38","mode":"tram","color":"#d6212b","colorDark":"#7c1116","band":0,"off":[0,1.1]}},{"type":"Feature","geometry":{"type":"Point","coordinates":[16.363089,48.214267]},"properties":{"line":"40","mode":"tram","color":"#d6212b","colorDark":"#7c1116","band":0,"off":[3.4,1.1]}},{"type":"Feature","geometry":{"type":"Point","coordinates":[16.363089,48.214267]},"properties":{"line":"40A","mode":"bus","color":"#0059a9","colorDark":"#00294f","band":0,"off":[6.8,1.1]}},{"type":"Feature","geometry":{"type":"Point","coordinates":[16.363089,48.214267]},"properties":{"line":"41","mode":"tram","color":"#d6212b","colorDark":"#7c1116","band":0,"off":[-6.8,3.1]}},{"type":"Feature","geometry":{"type":"Point","coordinates":[16.363089,48.214267]},"properties":{"line":"42","mode":"tram","color":"#d6212b","colorDark":"#7c1116","band":0,"off":[-3.4,3.1]}},{"type":"Feature","geometry":{"type":"Point","coordinates":[16.363089,48.214267]},"properties":{"line":"43","mode":"tram","color":"#d6212b","colorDark":"#7c1116","band":0,"off":[0,3.1]}},{"type":"Feature","geometry":{"type":"Point","coordinates":[16.363089,48.214267]},"properties":{"line":"44","mode":"tram","color":"#d6212b","colorDark":"#7c1116","band":0,"off":[3.4,3.1]}},{"type":"Feature","geometry":{"type":"Point","coordinates":[16.363089,48.214267]},"properties":{"line":"N38","mode":"bus","color":"#0059a9","colorDark":"#00294f","band":0,"off":[6.8,3.1]}},{"type":"Feature","geometry":{"type":"Point","coordinates":[16.363089,48.214267]},"properties":{"line":"N41","mode":"bus","color":"#0059a9","colorDark":"#00294f","band":0,"off":[-1.7,5.1]}},{"type":"Feature","geometry":{"type":"Point","coordinates":[16.363089,48.214267]},"properties":{"line":"N43","mode":"bus","color":"#0059a9","colorDark":"#00294f","band":0,"off":[1.7,5.1]}},{"type":"Feature","geometry":{"type":"Point","coordinates":[16.415603,48.232789]},"properties":{"name":"Kaisermühlen-VIC","band":0,"modes":"bus","arr":["20A","92A","92B","N90"],"off":[0,-0.8]}},{"type":"Feature","geometry":{"type":"Point","coordinates":[16.415603,48.232789]},"properties":{"line":"20A","mode":"bus","color":"#0059a9","colorDark":"#00294f","band":0,"off":[-5.1,1.1]}},{"type":"Feature","geometry":{"type":"Point","coordinates":[16.415603,48.232789]},"properties":{"line":"92A","mode":"bus","color":"#0059a9","colorDark":"#00294f","band":0,"off":[-1.7,1.1]}},{"type":"Feature","geometry":{"type":"Point","coordinates":[16.415603,48.232789]},"properties":{"line":"92B","mode":"bus","color":"#0059a9","colorDark":"#00294f","band":0,"off":[1.7,1.1]}},{"type":"Feature","geometry":{"type":"Point","coordinates":[16.415603,48.232789]},"properties":{"line":"N90","mode":"bus","color":"#0059a9","colorDark":"#00294f","band":0,"off":[5.1,1.1]}},{"type":"Feature","geometry":{"type":"Point","coordinates":[16.395151,48.246473]},"properties":{"name":"Neue Donau","band":0,"modes":"bus","arr":["20A","20B"],"off":[0,-0.8]}},{"type":"Feature","geometry":{"type":"Point","coordinates":[16.395151,48.246473]},"properties":{"line":"20A","mode":"bus","color":"#0059a9","colorDark":"#00294f","band":0,"off":[-1.7,1.1]}},{"type":"Feature","geometry":{"type":"Point","coordinates":[16.395151,48.246473]},"properties":{"line":"20B","mode":"bus","color":"#0059a9","colorDark":"#00294f","band":0,"off":[1.7,1.1]}},{"type":"Feature","geometry":{"type":"Point","coordinates":[16.423737,48.238013]},"properties":{"name":"Alte Donau","band":0,"modes":"bus","arr":["20B"],"off":[0,-0.8]}},{"type":"Feature","geometry":{"type":"Point","coordinates":[16.423737,48.238013]},"properties":{"line":"20B","mode":"bus","color":"#0059a9","colorDark":"#00294f","band":0,"off":[0,1.1]}},{"type":"Feature","geometry":{"type":"Point","coordinates":[16.443287,48.250587]},"properties":{"name":"Kagraner Platz","band":0,"modes":"bus","arr":["22A","24A","31A","N23","N24"],"off":[0,-0.8]}},{"type":"Feature","geometry":{"type":"Point","coordinates":[16.443287,48.250587]},"properties":{"line":"22A","mode":"bus","color":"#0059a9","colorDark":"#00294f","band":0,"off":[-6.8,1.1]}},{"type":"Feature","geometry":{"type":"Point","coordinates":[16.443287,48.250587]},"properties":{"line":"24A","mode":"bus","color":"#0059a9","colorDark":"#00294f","band":0,"off":[-3.4,1.1]}},{"type":"Feature","geometry":{"type":"Point","coordinates":[16.443287,48.250587]},"properties":{"line":"31A","mode":"bus","color":"#0059a9","colorDark":"#00294f","band":0,"off":[0,1.1]}},{"type":"Feature","geometry":{"type":"Point","coordinates":[16.443287,48.250587]},"properties":{"line":"N23","mode":"bus","color":"#0059a9","colorDark":"#00294f","band":0,"off":[3.4,1.1]}},{"type":"Feature","geometry":{"type":"Point","coordinates":[16.443287,48.250587]},"properties":{"line":"N24","mode":"bus","color":"#0059a9","colorDark":"#00294f","band":0,"off":[6.8,1.1]}},{"type":"Feature","geometry":{"type":"Point","coordinates":[16.475509,48.222962]},"properties":{"name":"Aspernstraße","band":0,"modes":"bus","arr":["22A","84A","93A","97A","98A"],"off":[0,-0.8]}},{"type":"Feature","geometry":{"type":"Point","coordinates":[16.475509,48.222962]},"properties":{"line":"22A","mode":"bus","color":"#0059a9","colorDark":"#00294f","band":0,"off":[-6.8,1.1]}},{"type":"Feature","geometry":{"type":"Point","coordinates":[16.475509,48.222962]},"properties":{"line":"84A","mode":"bus","color":"#0059a9","colorDark":"#00294f","band":0,"off":[-3.4,1.1]}},{"type":"Feature","geometry":{"type":"Point","coordinates":[16.475509,48.222962]},"properties":{"line":"93A","mode":"bus","color":"#0059a9","colorDark":"#00294f","band":0,"off":[0,1.1]}},{"type":"Feature","geometry":{"type":"Point","coordinates":[16.475509,48.222962]},"properties":{"line":"97A","mode":"bus","color":"#0059a9","colorDark":"#00294f","band":0,"off":[3.4,1.1]}},{"type":"Feature","geometry":{"type":"Point","coordinates":[16.475509,48.222962]},"properties":{"line":"98A","mode":"bus","color":"#0059a9","colorDark":"#00294f","band":0,"off":[6.8,1.1]}},{"type":"Feature","geometry":{"type":"Point","coordinates":[16.479496,48.251459]},"properties":{"name":"Breitenlee, Arnikaweg","band":0,"modes":"bus","arr":["86A"],"off":[0,-0.8]}},{"type":"Feature","geometry":{"type":"Point","coordinates":[16.479496,48.251459]},"properties":{"line":"86A","mode":"bus","color":"#0059a9","colorDark":"#00294f","band":0,"off":[0,1.1]}},{"type":"Feature","geometry":{"type":"Point","coordinates":[16.532176,48.249384]},"properties":{"name":"Neueßling","band":0,"modes":"bus","arr":["24A"],"off":[0,-0.8]}},{"type":"Feature","geometry":{"type":"Point","coordinates":[16.532176,48.249384]},"properties":{"line":"24A","mode":"bus","color":"#0059a9","colorDark":"#00294f","band":0,"off":[0,1.1]}},{"type":"Feature","geometry":{"type":"Point","coordinates":[16.450177,48.257263]},"properties":{"name":"Rennbahnweg U","band":0,"modes":"bus","arr":["25A"],"off":[0,-0.8]}},{"type":"Feature","geometry":{"type":"Point","coordinates":[16.450177,48.257263]},"properties":{"line":"25A","mode":"bus","color":"#0059a9","colorDark":"#00294f","band":0,"off":[0,1.1]}},{"type":"Feature","geometry":{"type":"Point","coordinates":[16.495924,48.277259]},"properties":{"name":"Süßenbrunner Platz","band":0,"modes":"bus","arr":["25A","25B"],"off":[0,-0.8]}},{"type":"Feature","geometry":{"type":"Point","coordinates":[16.495924,48.277259]},"properties":{"line":"25A","mode":"bus","color":"#0059a9","colorDark":"#00294f","band":0,"off":[-1.7,1.1]}},{"type":"Feature","geometry":{"type":"Point","coordinates":[16.495924,48.277259]},"properties":{"line":"25B","mode":"bus","color":"#0059a9","colorDark":"#00294f","band":0,"off":[1.7,1.1]}},{"type":"Feature","geometry":{"type":"Point","coordinates":[16.484691,48.285042]},"properties":{"name":"Süßenbrunn","band":0,"modes":"bus","arr":["25B"],"off":[0,-0.8]}},{"type":"Feature","geometry":{"type":"Point","coordinates":[16.484691,48.285042]},"properties":{"line":"25B","mode":"bus","color":"#0059a9","colorDark":"#00294f","band":0,"off":[0,1.1]}},{"type":"Feature","geometry":{"type":"Point","coordinates":[16.433783,48.2433]},"properties":{"name":"Kagran","band":0,"modes":"bus","arr":["26A","27A","27B","93A","94A"],"off":[0,-0.8]}},{"type":"Feature","geometry":{"type":"Point","coordinates":[16.433783,48.2433]},"properties":{"line":"26A","mode":"bus","color":"#0059a9","colorDark":"#00294f","band":0,"off":[-6.8,1.1]}},{"type":"Feature","geometry":{"type":"Point","coordinates":[16.433783,48.2433]},"properties":{"line":"27A","mode":"bus","color":"#0059a9","colorDark":"#00294f","band":0,"off":[-3.4,1.1]}},{"type":"Feature","geometry":{"type":"Point","coordinates":[16.433783,48.2433]},"properties":{"line":"27B","mode":"bus","color":"#0059a9","colorDark":"#00294f","band":0,"off":[0,1.1]}},{"type":"Feature","geometry":{"type":"Point","coordinates":[16.433783,48.2433]},"properties":{"line":"93A","mode":"bus","color":"#0059a9","colorDark":"#00294f","band":0,"off":[3.4,1.1]}},{"type":"Feature","geometry":{"type":"Point","coordinates":[16.433783,48.2433]},"properties":{"line":"94A","mode":"bus","color":"#0059a9","colorDark":"#00294f","band":0,"off":[6.8,1.1]}},{"type":"Feature","geometry":{"type":"Point","coordinates":[16.48449,48.217381]},"properties":{"name":"Zachgasse","band":0,"modes":"tram,bus","arr":["25","26","92A","N84","N91"],"off":[0,-0.8]}},{"type":"Feature","geometry":{"type":"Point","coordinates":[16.48449,48.217381]},"properties":{"name":"Siegesplatz","band":0,"modes":"tram,bus","arr":["25","26","92A","N84","N91"],"off":[0,-1.9]}},{"type":"Feature","geometry":{"type":"Point","coordinates":[16.48449,48.217381]},"properties":{"name":"Aspern, Oberdorfstraße","band":0,"modes":"tram,bus","arr":["25","26","92A","N84","N91"],"off":[0,-3]}},{"type":"Feature","geometry":{"type":"Point","coordinates":[16.48449,48.217381]},"properties":{"line":"25","mode":"tram","color":"#d6212b","colorDark":"#7c1116","band":0,"off":[-6.8,1.1]}},{"type":"Feature","geometry":{"type":"Point","coordinates":[16.48449,48.217381]},"properties":{"line":"26","mode":"tram","color":"#d6212b","colorDark":"#7c1116","band":0,"off":[-3.4,1.1]}},{"type":"Feature","geometry":{"type":"Point","coordinates":[16.48449,48.217381]},"properties":{"line":"92A","mode":"bus","color":"#0059a9","colorDark":"#00294f","band":0,"off":[0,1.1]}},{"type":"Feature","geometry":{"type":"Point","coordinates":[16.48449,48.217381]},"properties":{"line":"N84","mode":"bus","color":"#0059a9","colorDark":"#00294f","band":0,"off":[3.4,1.1]}},{"type":"Feature","geometry":{"type":"Point","coordinates":[16.48449,48.217381]},"properties":{"line":"N91","mode":"bus","color":"#0059a9","colorDark":"#00294f","band":0,"off":[6.8,1.1]}},{"type":"Feature","geometry":{"type":"Point","coordinates":[16.54946,48.19984]},"properties":{"name":"Groß-Enzersdorf Busbahnhof","band":0,"modes":"bus","arr":["26A"],"off":[0,-0.8]}},{"type":"Feature","geometry":{"type":"Point","coordinates":[16.54946,48.19984]},"properties":{"line":"26A","mode":"bus","color":"#0059a9","colorDark":"#00294f","band":0,"off":[0,1.1]}},{"type":"Feature","geometry":{"type":"Point","coordinates":[16.539633,48.208566]},"properties":{"name":"Eßling, Stadtgrenze","band":0,"modes":"bus","arr":["88A","N20"],"off":[0,-0.8]}},{"type":"Feature","geometry":{"type":"Point","coordinates":[16.539633,48.208566]},"properties":{"line":"88A","mode":"bus","color":"#0059a9","colorDark":"#00294f","band":0,"off":[-1.7,1.1]}},{"type":"Feature","geometry":{"type":"Point","coordinates":[16.539633,48.208566]},"properties":{"line":"N20","mode":"bus","color":"#0059a9","colorDark":"#00294f","band":0,"off":[1.7,1.1]}},{"type":"Feature","geometry":{"type":"Point","coordinates":[16.436455,48.263078]},"properties":{"name":"Eipeldauer Straße","band":0,"modes":"bus","arr":["28A"],"off":[0,-0.8]}},{"type":"Feature","geometry":{"type":"Point","coordinates":[16.436455,48.263078]},"properties":{"line":"28A","mode":"bus","color":"#0059a9","colorDark":"#00294f","band":0,"off":[0,1.1]}},{"type":"Feature","geometry":{"type":"Point","coordinates":[16.474344,48.266956]},"properties":{"name":"Hermann-Gebauer-Straße","band":0,"modes":"bus","arr":["27A","87A"],"off":[0,-0.8]}},{"type":"Feature","geometry":{"type":"Point","coordinates":[16.474344,48.266956]},"properties":{"line":"27A","mode":"bus","color":"#0059a9","colorDark":"#00294f","band":0,"off":[-1.7,1.1]}},{"type":"Feature","geometry":{"type":"Point","coordinates":[16.474344,48.266956]},"properties":{"line":"87A","mode":"bus","color":"#0059a9","colorDark":"#00294f","band":0,"off":[1.7,1.1]}},{"type":"Feature","geometry":{"type":"Point","coordinates":[16.42645,48.257651]},"properties":{"name":"Satzingerweg","band":0,"modes":"bus","arr":["27B"],"off":[0,-0.8]}},{"type":"Feature","geometry":{"type":"Point","coordinates":[16.42645,48.257651]},"properties":{"line":"27B","mode":"bus","color":"#0059a9","colorDark":"#00294f","band":0,"off":[0,1.1]}},{"type":"Feature","geometry":{"type":"Point","coordinates":[16.501735,48.253003]},"properties":{"name":"Breitenlee Schule","band":0,"modes":"bus","arr":["28A","97A"],"off":[0,-0.8]}},{"type":"Feature","geometry":{"type":"Point","coordinates":[16.501735,48.253003]},"properties":{"line":"28A","mode":"bus","color":"#0059a9","colorDark":"#00294f","band":0,"off":[-1.7,1.1]}},{"type":"Feature","geometry":{"type":"Point","coordinates":[16.501735,48.253003]},"properties":{"line":"97A","mode":"bus","color":"#0059a9","colorDark":"#00294f","band":0,"off":[1.7,1.1]}},{"type":"Feature","geometry":{"type":"Point","coordinates":[16.399952,48.255905]},"properties":{"name":"Floridsdorf","band":0,"modes":"tram,bus,metro","arr":["25","26","29A","29B","30","33A","34A","N29","N30","U6"],"off":[0,-0.8]}},{"type":"Feature","geometry":{"type":"Point","coordinates":[16.399952,48.255905]},"properties":{"line":"25","mode":"tram","color":"#d6212b","colorDark":"#7c1116","band":0,"off":[-6.8,1.1]}},{"type":"Feature","geometry":{"type":"Point","coordinates":[16.399952,48.255905]},"properties":{"line":"26","mode":"tram","color":"#d6212b","colorDark":"#7c1116","band":0,"off":[-3.4,1.1]}},{"type":"Feature","geometry":{"type":"Point","coordinates":[16.399952,48.255905]},"properties":{"line":"29A","mode":"bus","color":"#0059a9","colorDark":"#00294f","band":0,"off":[0,1.1]}},{"type":"Feature","geometry":{"type":"Point","coordinates":[16.399952,48.255905]},"properties":{"line":"29B","mode":"bus","color":"#0059a9","colorDark":"#00294f","band":0,"off":[3.4,1.1]}},{"type":"Feature","geometry":{"type":"Point","coordinates":[16.399952,48.255905]},"properties":{"line":"30","mode":"tram","color":"#d6212b","colorDark":"#7c1116","band":0,"off":[6.8,1.1]}},{"type":"Feature","geometry":{"type":"Point","coordinates":[16.399952,48.255905]},"properties":{"line":"33A","mode":"bus","color":"#0059a9","colorDark":"#00294f","band":0,"off":[-6.8,3.1]}},{"type":"Feature","geometry":{"type":"Point","coordinates":[16.399952,48.255905]},"properties":{"line":"34A","mode":"bus","color":"#0059a9","colorDark":"#00294f","band":0,"off":[-3.4,3.1]}},{"type":"Feature","geometry":{"type":"Point","coordinates":[16.399952,48.255905]},"properties":{"line":"N29","mode":"bus","color":"#0059a9","colorDark":"#00294f","band":0,"off":[0,3.1]}},{"type":"Feature","geometry":{"type":"Point","coordinates":[16.399952,48.255905]},"properties":{"line":"N30","mode":"bus","color":"#0059a9","colorDark":"#00294f","band":0,"off":[3.4,3.1]}},{"type":"Feature","geometry":{"type":"Point","coordinates":[16.399952,48.255905]},"properties":{"line":"U6","mode":"tram","color":"#9D6830","colorDark":"#56391a","band":0,"metro":1,"off":[6.8,3.1]}},{"type":"Feature","geometry":{"type":"Point","coordinates":[16.447514,48.270264]},"properties":{"name":"Großfeldsiedlung","band":0,"modes":"bus","arr":["29A","29B","N25"],"off":[0,-0.8]}},{"type":"Feature","geometry":{"type":"Point","coordinates":[16.447514,48.270264]},"properties":{"line":"29A","mode":"bus","color":"#0059a9","colorDark":"#00294f","band":0,"off":[-3.4,1.1]}},{"type":"Feature","geometry":{"type":"Point","coordinates":[16.447514,48.270264]},"properties":{"line":"29B","mode":"bus","color":"#0059a9","colorDark":"#00294f","band":0,"off":[0,1.1]}},{"type":"Feature","geometry":{"type":"Point","coordinates":[16.447514,48.270264]},"properties":{"line":"N25","mode":"bus","color":"#0059a9","colorDark":"#00294f","band":0,"off":[3.4,1.1]}},{"type":"Feature","geometry":{"type":"Point","coordinates":[16.376266,48.211887]},"properties":{"name":"Schwedenplatz","band":0,"modes":"bus","arr":["2A","N25","N31"],"off":[0,-0.8]}},{"type":"Feature","geometry":{"type":"Point","coordinates":[16.376266,48.211887]},"properties":{"line":"2A","mode":"bus","color":"#0059a9","colorDark":"#00294f","band":0,"off":[-3.4,1.1]}},{"type":"Feature","geometry":{"type":"Point","coordinates":[16.376266,48.211887]},"properties":{"line":"N25","mode":"bus","color":"#0059a9","colorDark":"#00294f","band":0,"off":[0,1.1]}},{"type":"Feature","geometry":{"type":"Point","coordinates":[16.376266,48.211887]},"properties":{"line":"N31","mode":"bus","color":"#0059a9","colorDark":"#00294f","band":0,"off":[3.4,1.1]}},{"type":"Feature","geometry":{"type":"Point","coordinates":[16.370428,48.199516]},"properties":{"name":"Schwarzenbergplatz","band":0,"modes":"bus,tram,metro","arr":["2A","4A","59A","62","N46","N62","N71","N75","U2"],"off":[0,-0.8]}},{"type":"Feature","geometry":{"type":"Point","coordinates":[16.370428,48.199516]},"properties":{"name":"Oper/Karlsplatz","band":0,"modes":"bus,tram,metro","arr":["2A","4A","59A","62","N46","N62","N71","N75","U2"],"off":[0,-1.9]}},{"type":"Feature","geometry":{"type":"Point","coordinates":[16.370428,48.199516]},"properties":{"name":"Karlsplatz","band":0,"modes":"bus,tram,metro","arr":["2A","4A","59A","62","N46","N62","N71","N75","U2"],"off":[0,-3]}},{"type":"Feature","geometry":{"type":"Point","coordinates":[16.370428,48.199516]},"properties":{"line":"2A","mode":"bus","color":"#0059a9","colorDark":"#00294f","band":0,"off":[-6.8,1.1]}},{"type":"Feature","geometry":{"type":"Point","coordinates":[16.370428,48.199516]},"properties":{"line":"4A","mode":"bus","color":"#0059a9","colorDark":"#00294f","band":0,"off":[-3.4,1.1]}},{"type":"Feature","geometry":{"type":"Point","coordinates":[16.370428,48.199516]},"properties":{"line":"59A","mode":"bus","color":"#0059a9","colorDark":"#00294f","band":0,"off":[0,1.1]}},{"type":"Feature","geometry":{"type":"Point","coordinates":[16.370428,48.199516]},"properties":{"line":"62","mode":"tram","color":"#d6212b","colorDark":"#7c1116","band":0,"off":[3.4,1.1]}},{"type":"Feature","geometry":{"type":"Point","coordinates":[16.370428,48.199516]},"properties":{"line":"N46","mode":"bus","color":"#0059a9","colorDark":"#00294f","band":0,"off":[6.8,1.1]}},{"type":"Feature","geometry":{"type":"Point","coordinates":[16.370428,48.199516]},"properties":{"line":"N62","mode":"bus","color":"#0059a9","colorDark":"#00294f","band":0,"off":[-5.1,3.1]}},{"type":"Feature","geometry":{"type":"Point","coordinates":[16.370428,48.199516]},"properties":{"line":"N71","mode":"bus","color":"#0059a9","colorDark":"#00294f","band":0,"off":[-1.7,3.1]}},{"type":"Feature","geometry":{"type":"Point","coordinates":[16.370428,48.199516]},"properties":{"line":"N75","mode":"bus","color":"#0059a9","colorDark":"#00294f","band":0,"off":[1.7,3.1]}},{"type":"Feature","geometry":{"type":"Point","coordinates":[16.370428,48.199516]},"properties":{"line":"U2","mode":"tram","color":"#A862A4","colorDark":"#5c365a","band":0,"metro":1,"off":[5.1,3.1]}},{"type":"Feature","geometry":{"type":"Point","coordinates":[16.426301,48.272918]},"properties":{"name":"Neu Leopoldau","band":0,"modes":"bus","arr":["30A","N30"],"off":[0,-0.8]}},{"type":"Feature","geometry":{"type":"Point","coordinates":[16.426301,48.272918]},"properties":{"line":"30A","mode":"bus","color":"#0059a9","colorDark":"#00294f","band":0,"off":[-1.7,1.1]}},{"type":"Feature","geometry":{"type":"Point","coordinates":[16.426301,48.272918]},"properties":{"line":"N30","mode":"bus","color":"#0059a9","colorDark":"#00294f","band":0,"off":[1.7,1.1]}},{"type":"Feature","geometry":{"type":"Point","coordinates":[16.416145,48.301105]},"properties":{"name":"Freiheitsplatz","band":0,"modes":"bus","arr":["30A"],"off":[0,-0.8]}},{"type":"Feature","geometry":{"type":"Point","coordinates":[16.416145,48.301105]},"properties":{"line":"30A","mode":"bus","color":"#0059a9","colorDark":"#00294f","band":0,"off":[0,1.1]}},{"type":"Feature","geometry":{"type":"Point","coordinates":[16.401189,48.279874]},"properties":{"name":"Großjedlersdorf, Jochbergengasse","band":0,"modes":"bus","arr":["31A"],"off":[0,-0.8]}},{"type":"Feature","geometry":{"type":"Point","coordinates":[16.401189,48.279874]},"properties":{"line":"31A","mode":"bus","color":"#0059a9","colorDark":"#00294f","band":0,"off":[0,1.1]}},{"type":"Feature","geometry":{"type":"Point","coordinates":[16.450353,48.277618]},"properties":{"name":"Leopoldau","band":0,"modes":"bus,metro","arr":["32A","36B","U1"],"off":[0,-0.8]}},{"type":"Feature","geometry":{"type":"Point","coordinates":[16.450353,48.277618]},"properties":{"line":"32A","mode":"bus","color":"#0059a9","colorDark":"#00294f","band":0,"off":[-3.4,1.1]}},{"type":"Feature","geometry":{"type":"Point","coordinates":[16.450353,48.277618]},"properties":{"line":"36B","mode":"bus","color":"#0059a9","colorDark":"#00294f","band":0,"off":[0,1.1]}},{"type":"Feature","geometry":{"type":"Point","coordinates":[16.450353,48.277618]},"properties":{"line":"U1","mode":"tram","color":"#E3000F","colorDark":"#7d0008","band":0,"metro":1,"off":[3.4,1.1]}},{"type":"Feature","geometry":{"type":"Point","coordinates":[16.381373,48.286214]},"properties":{"name":"Strebersdorf","band":0,"modes":"bus","arr":["32A"],"off":[0,-0.8]}},{"type":"Feature","geometry":{"type":"Point","coordinates":[16.381373,48.286214]},"properties":{"line":"32A","mode":"bus","color":"#0059a9","colorDark":"#00294f","band":0,"off":[0,1.1]}},{"type":"Feature","geometry":{"type":"Point","coordinates":[16.410728,48.249197]},"properties":{"name":"Mühlschüttel","band":0,"modes":"bus","arr":["33A"],"off":[0,-0.8]}},{"type":"Feature","geometry":{"type":"Point","coordinates":[16.410728,48.249197]},"properties":{"line":"33A","mode":"bus","color":"#0059a9","colorDark":"#00294f","band":0,"off":[0,1.1]}},{"type":"Feature","geometry":{"type":"Point","coordinates":[16.38034,48.269449]},"properties":{"name":"Jedlesee, Überfuhrstraße","band":0,"modes":"bus","arr":["34A"],"off":[0,-0.8]}},{"type":"Feature","geometry":{"type":"Point","coordinates":[16.38034,48.269449]},"properties":{"line":"34A","mode":"bus","color":"#0059a9","colorDark":"#00294f","band":0,"off":[0,1.1]}},{"type":"Feature","geometry":{"type":"Point","coordinates":[16.355425,48.232282]},"properties":{"name":"Spittelau","band":0,"modes":"bus","arr":["35A","37A","N35","N36"],"off":[0,-0.8]}},{"type":"Feature","geometry":{"type":"Point","coordinates":[16.355425,48.232282]},"properties":{"name":"Nußdorfer Straße","band":0,"modes":"bus","arr":["35A","37A","N35","N36"],"off":[0,-1.9]}},{"type":"Feature","geometry":{"type":"Point","coordinates":[16.355425,48.232282]},"properties":{"line":"35A","mode":"bus","color":"#0059a9","colorDark":"#00294f","band":0,"off":[-5.1,1.1]}},{"type":"Feature","geometry":{"type":"Point","coordinates":[16.355425,48.232282]},"properties":{"line":"37A","mode":"bus","color":"#0059a9","colorDark":"#00294f","band":0,"off":[-1.7,1.1]}},{"type":"Feature","geometry":{"type":"Point","coordinates":[16.355425,48.232282]},"properties":{"line":"N35","mode":"bus","color":"#0059a9","colorDark":"#00294f","band":0,"off":[1.7,1.1]}},{"type":"Feature","geometry":{"type":"Point","coordinates":[16.355425,48.232282]},"properties":{"line":"N36","mode":"bus","color":"#0059a9","colorDark":"#00294f","band":0,"off":[5.1,1.1]}},{"type":"Feature","geometry":{"type":"Point","coordinates":[16.293437,48.252137]},"properties":{"name":"Salmannsdorf","band":0,"modes":"bus","arr":["35A","N35"],"off":[0,-0.8]}},{"type":"Feature","geometry":{"type":"Point","coordinates":[16.293437,48.252137]},"properties":{"line":"35A","mode":"bus","color":"#0059a9","colorDark":"#00294f","band":0,"off":[-1.7,1.1]}},{"type":"Feature","geometry":{"type":"Point","coordinates":[16.293437,48.252137]},"properties":{"line":"N35","mode":"bus","color":"#0059a9","colorDark":"#00294f","band":0,"off":[1.7,1.1]}},{"type":"Feature","geometry":{"type":"Point","coordinates":[16.306665,48.250522]},"properties":{"name":"Neustift, Agnesgasse","band":0,"modes":"bus","arr":["43B"],"off":[0,-0.8]}},{"type":"Feature","geometry":{"type":"Point","coordinates":[16.306665,48.250522]},"properties":{"line":"43B","mode":"bus","color":"#0059a9","colorDark":"#00294f","band":0,"off":[0,1.1]}},{"type":"Feature","geometry":{"type":"Point","coordinates":[16.386756,48.263065]},"properties":{"name":"Jedlesee, Bellgasse","band":0,"modes":"bus","arr":["36A","36B"],"off":[0,-0.8]}},{"type":"Feature","geometry":{"type":"Point","coordinates":[16.386756,48.263065]},"properties":{"line":"36A","mode":"bus","color":"#0059a9","colorDark":"#00294f","band":0,"off":[-1.7,1.1]}},{"type":"Feature","geometry":{"type":"Point","coordinates":[16.386756,48.263065]},"properties":{"line":"36B","mode":"bus","color":"#0059a9","colorDark":"#00294f","band":0,"off":[1.7,1.1]}},{"type":"Feature","geometry":{"type":"Point","coordinates":[16.412135,48.280188]},"properties":{"name":"Carabelligasse","band":0,"modes":"bus","arr":["36A"],"off":[0,-0.8]}},{"type":"Feature","geometry":{"type":"Point","coordinates":[16.412135,48.280188]},"properties":{"line":"36A","mode":"bus","color":"#0059a9","colorDark":"#00294f","band":0,"off":[0,1.1]}},{"type":"Feature","geometry":{"type":"Point","coordinates":[16.388836,48.236164]},"properties":{"name":"Brigittenauer Brücke","band":0,"modes":"bus","arr":["37A"],"off":[0,-0.8]}},{"type":"Feature","geometry":{"type":"Point","coordinates":[16.388836,48.236164]},"properties":{"line":"37A","mode":"bus","color":"#0059a9","colorDark":"#00294f","band":0,"off":[0,1.1]}},{"type":"Feature","geometry":{"type":"Point","coordinates":[16.336266,48.276089]},"properties":{"name":"Kahlenberg","band":0,"modes":"bus","arr":["38A"],"off":[0,-0.8]}},{"type":"Feature","geometry":{"type":"Point","coordinates":[16.336266,48.276089]},"properties":{"line":"38A","mode":"bus","color":"#0059a9","colorDark":"#00294f","band":0,"off":[0,1.1]}},{"type":"Feature","geometry":{"type":"Point","coordinates":[16.364179,48.259677]},"properties":{"name":"Nußdorf, Beethovengang","band":0,"modes":"bus,tram","arr":["38B","D","N36"],"off":[0,-0.8]}},{"type":"Feature","geometry":{"type":"Point","coordinates":[16.364179,48.259677]},"properties":{"name":"Nußdorf","band":0,"modes":"bus,tram","arr":["38B","D","N36"],"off":[0,-3]}},{"type":"Feature","geometry":{"type":"Point","coordinates":[16.364179,48.259677]},"properties":{"line":"38B","mode":"bus","color":"#0059a9","colorDark":"#00294f","band":0,"off":[-3.4,1.1]}},{"type":"Feature","geometry":{"type":"Point","coordinates":[16.364179,48.259677]},"properties":{"line":"D","mode":"tram","color":"#d6212b","colorDark":"#7c1116","band":0,"off":[0,1.1]}},{"type":"Feature","geometry":{"type":"Point","coordinates":[16.364179,48.259677]},"properties":{"line":"N36","mode":"bus","color":"#0059a9","colorDark":"#00294f","band":0,"off":[3.4,1.1]}},{"type":"Feature","geometry":{"type":"Point","coordinates":[16.346397,48.260025]},"properties":{"name":"Heiligenstädter Friedhof","band":0,"modes":"bus","arr":["38B"],"off":[0,-0.8]}},{"type":"Feature","geometry":{"type":"Point","coordinates":[16.346397,48.260025]},"properties":{"line":"38B","mode":"bus","color":"#0059a9","colorDark":"#00294f","band":0,"off":[0,1.1]}},{"type":"Feature","geometry":{"type":"Point","coordinates":[16.317119,48.254213]},"properties":{"name":"Sievering","band":0,"modes":"bus","arr":["39A"],"off":[0,-0.8]}},{"type":"Feature","geometry":{"type":"Point","coordinates":[16.317119,48.254213]},"properties":{"line":"39A","mode":"bus","color":"#0059a9","colorDark":"#00294f","band":0,"off":[0,1.1]}},{"type":"Feature","geometry":{"type":"Point","coordinates":[16.322446,48.250113]},"properties":{"name":"Sieveringer Friedhof","band":0,"modes":"bus","arr":["39B"],"off":[0,-0.8]}},{"type":"Feature","geometry":{"type":"Point","coordinates":[16.322446,48.250113]},"properties":{"name":"Karthäuserstraße","band":0,"modes":"bus","arr":["39B"],"off":[0,-3]}},{"type":"Feature","geometry":{"type":"Point","coordinates":[16.322446,48.250113]},"properties":{"line":"39B","mode":"bus","color":"#0059a9","colorDark":"#00294f","band":0,"off":[0,1.1]}},{"type":"Feature","geometry":{"type":"Point","coordinates":[16.370891,48.216757]},"properties":{"name":"Schottenring","band":0,"modes":"tram,bus","arr":["31","3A","71"],"off":[0,-0.8]}},{"type":"Feature","geometry":{"type":"Point","coordinates":[16.370891,48.216757]},"properties":{"line":"31","mode":"tram","color":"#d6212b","colorDark":"#7c1116","band":0,"off":[-3.4,1.1]}},{"type":"Feature","geometry":{"type":"Point","coordinates":[16.370891,48.216757]},"properties":{"line":"3A","mode":"bus","color":"#0059a9","colorDark":"#00294f","band":0,"off":[0,1.1]}},{"type":"Feature","geometry":{"type":"Point","coordinates":[16.370891,48.216757]},"properties":{"line":"71","mode":"tram","color":"#d6212b","colorDark":"#7c1116","band":0,"off":[3.4,1.1]}},{"type":"Feature","geometry":{"type":"Point","coordinates":[16.379909,48.2073]},"properties":{"name":"Stubentor U","band":0,"modes":"bus","arr":["3A","74A"],"off":[0,-0.8]}},{"type":"Feature","geometry":{"type":"Point","coordinates":[16.379909,48.2073]},"properties":{"line":"3A","mode":"bus","color":"#0059a9","colorDark":"#00294f","band":0,"off":[-1.7,1.1]}},{"type":"Feature","geometry":{"type":"Point","coordinates":[16.379909,48.2073]},"properties":{"line":"74A","mode":"bus","color":"#0059a9","colorDark":"#00294f","band":0,"off":[1.7,1.1]}},{"type":"Feature","geometry":{"type":"Point","coordinates":[16.326077,48.240015]},"properties":{"name":"Döblinger Friedhof/Felix-Dahn-Straße","band":0,"modes":"bus","arr":["40A"],"off":[0,-0.8]}},{"type":"Feature","geometry":{"type":"Point","coordinates":[16.326077,48.240015]},"properties":{"line":"40A","mode":"bus","color":"#0059a9","colorDark":"#00294f","band":0,"off":[0,1.1]}},{"type":"Feature","geometry":{"type":"Point","coordinates":[16.31066,48.241083]},"properties":{"name":"Pötzleinsdorf","band":0,"modes":"tram,bus","arr":["41","41A","N41"],"off":[0,-0.8]}},{"type":"Feature","geometry":{"type":"Point","coordinates":[16.31066,48.241083]},"properties":{"line":"41","mode":"tram","color":"#d6212b","colorDark":"#7c1116","band":0,"off":[-3.4,1.1]}},{"type":"Feature","geometry":{"type":"Point","coordinates":[16.31066,48.241083]},"properties":{"line":"41A","mode":"bus","color":"#0059a9","colorDark":"#00294f","band":0,"off":[0,1.1]}},{"type":"Feature","geometry":{"type":"Point","coordinates":[16.31066,48.241083]},"properties":{"line":"N41","mode":"bus","color":"#0059a9","colorDark":"#00294f","band":0,"off":[3.4,1.1]}},{"type":"Feature","geometry":{"type":"Point","coordinates":[16.298458,48.246803]},"properties":{"name":"Neustifter Friedhof 3.Tor","band":0,"modes":"bus","arr":["41A"],"off":[0,-0.8]}},{"type":"Feature","geometry":{"type":"Point","coordinates":[16.298458,48.246803]},"properties":{"line":"41A","mode":"bus","color":"#0059a9","colorDark":"#00294f","band":0,"off":[0,1.1]}},{"type":"Feature","geometry":{"type":"Point","coordinates":[16.317958,48.222314]},"properties":{"name":"Hernals, Wattgasse","band":0,"modes":"bus","arr":["42A","43A","44A"],"off":[0,-0.8]}},{"type":"Feature","geometry":{"type":"Point","coordinates":[16.317958,48.222314]},"properties":{"name":"Hernals","band":0,"modes":"bus","arr":["42A","43A","44A"],"off":[0,-1.9]}},{"type":"Feature","geometry":{"type":"Point","coordinates":[16.317958,48.222314]},"properties":{"line":"42A","mode":"bus","color":"#0059a9","colorDark":"#00294f","band":0,"off":[-3.4,1.1]}},{"type":"Feature","geometry":{"type":"Point","coordinates":[16.317958,48.222314]},"properties":{"line":"43A","mode":"bus","color":"#0059a9","colorDark":"#00294f","band":0,"off":[0,1.1]}},{"type":"Feature","geometry":{"type":"Point","coordinates":[16.317958,48.222314]},"properties":{"line":"44A","mode":"bus","color":"#0059a9","colorDark":"#00294f","band":0,"off":[3.4,1.1]}},{"type":"Feature","geometry":{"type":"Point","coordinates":[16.297683,48.237874]},"properties":{"name":"Schafberghöhe","band":0,"modes":"bus","arr":["42A"],"off":[0,-0.8]}},{"type":"Feature","geometry":{"type":"Point","coordinates":[16.297683,48.237874]},"properties":{"line":"42A","mode":"bus","color":"#0059a9","colorDark":"#00294f","band":0,"off":[0,1.1]}},{"type":"Feature","geometry":{"type":"Point","coordinates":[16.290964,48.233936]},"properties":{"name":"Neuwaldegg","band":0,"modes":"tram,bus","arr":["43","43A","N43"],"off":[0,-0.8]}},{"type":"Feature","geometry":{"type":"Point","coordinates":[16.290964,48.233936]},"properties":{"line":"43","mode":"tram","color":"#d6212b","colorDark":"#7c1116","band":0,"off":[-3.4,1.1]}},{"type":"Feature","geometry":{"type":"Point","coordinates":[16.290964,48.233936]},"properties":{"line":"43A","mode":"bus","color":"#0059a9","colorDark":"#00294f","band":0,"off":[0,1.1]}},{"type":"Feature","geometry":{"type":"Point","coordinates":[16.290964,48.233936]},"properties":{"line":"N43","mode":"bus","color":"#0059a9","colorDark":"#00294f","band":0,"off":[3.4,1.1]}},{"type":"Feature","geometry":{"type":"Point","coordinates":[16.307714,48.226128]},"properties":{"name":"Dornbach","band":0,"modes":"tram,bus","arr":["2","10","43A","44B"],"off":[0,-0.8]}},{"type":"Feature","geometry":{"type":"Point","coordinates":[16.307714,48.226128]},"properties":{"line":"2","mode":"tram","color":"#d6212b","colorDark":"#7c1116","band":0,"off":[-5.1,1.1]}},{"type":"Feature","geometry":{"type":"Point","coordinates":[16.307714,48.226128]},"properties":{"line":"10","mode":"tram","color":"#d6212b","colorDark":"#7c1116","band":0,"off":[-1.7,1.1]}},{"type":"Feature","geometry":{"type":"Point","coordinates":[16.307714,48.226128]},"properties":{"line":"43A","mode":"bus","color":"#0059a9","colorDark":"#00294f","band":0,"off":[1.7,1.1]}},{"type":"Feature","geometry":{"type":"Point","coordinates":[16.307714,48.226128]},"properties":{"line":"44B","mode":"bus","color":"#0059a9","colorDark":"#00294f","band":0,"off":[5.1,1.1]}},{"type":"Feature","geometry":{"type":"Point","coordinates":[16.260812,48.197414]},"properties":{"name":"Hütteldorf","band":0,"modes":"bus,metro","arr":["43B","47B","49A","50A","50B","52A","52B","53A","U4"],"off":[0,-0.8]}},{"type":"Feature","geometry":{"type":"Point","coordinates":[16.260812,48.197414]},"properties":{"line":"43B","mode":"bus","color":"#0059a9","colorDark":"#00294f","band":0,"off":[-6.8,1.1]}},{"type":"Feature","geometry":{"type":"Point","coordinates":[16.260812,48.197414]},"properties":{"line":"47B","mode":"bus","color":"#0059a9","colorDark":"#00294f","band":0,"off":[-3.4,1.1]}},{"type":"Feature","geometry":{"type":"Point","coordinates":[16.260812,48.197414]},"properties":{"line":"49A","mode":"bus","color":"#0059a9","colorDark":"#00294f","band":0,"off":[0,1.1]}},{"type":"Feature","geometry":{"type":"Point","coordinates":[16.260812,48.197414]},"properties":{"line":"50A","mode":"bus","color":"#0059a9","colorDark":"#00294f","band":0,"off":[3.4,1.1]}},{"type":"Feature","geometry":{"type":"Point","coordinates":[16.260812,48.197414]},"properties":{"line":"50B","mode":"bus","color":"#0059a9","colorDark":"#00294f","band":0,"off":[6.8,1.1]}},{"type":"Feature","geometry":{"type":"Point","coordinates":[16.260812,48.197414]},"properties":{"line":"52A","mode":"bus","color":"#0059a9","colorDark":"#00294f","band":0,"off":[-5.1,3.1]}},{"type":"Feature","geometry":{"type":"Point","coordinates":[16.260812,48.197414]},"properties":{"line":"52B","mode":"bus","color":"#0059a9","colorDark":"#00294f","band":0,"off":[-1.7,3.1]}},{"type":"Feature","geometry":{"type":"Point","coordinates":[16.260812,48.197414]},"properties":{"line":"53A","mode":"bus","color":"#0059a9","colorDark":"#00294f","band":0,"off":[1.7,3.1]}},{"type":"Feature","geometry":{"type":"Point","coordinates":[16.260812,48.197414]},"properties":{"line":"U4","mode":"tram","color":"#319F49","colorDark":"#1b5728","band":0,"metro":1,"off":[5.1,3.1]}},{"type":"Feature","geometry":{"type":"Point","coordinates":[16.281805,48.231277]},"properties":{"name":"Mitterberg","band":0,"modes":"bus","arr":["44A"],"off":[0,-0.8]}},{"type":"Feature","geometry":{"type":"Point","coordinates":[16.281805,48.231277]},"properties":{"line":"44A","mode":"bus","color":"#0059a9","colorDark":"#00294f","band":0,"off":[0,1.1]}},{"type":"Feature","geometry":{"type":"Point","coordinates":[16.289508,48.222411]},"properties":{"name":"Predigtstuhl","band":0,"modes":"bus","arr":["44B"],"off":[0,-0.8]}},{"type":"Feature","geometry":{"type":"Point","coordinates":[16.289508,48.222411]},"properties":{"line":"44B","mode":"bus","color":"#0059a9","colorDark":"#00294f","band":0,"off":[0,1.1]}},{"type":"Feature","geometry":{"type":"Point","coordinates":[16.291807,48.215574]},"properties":{"name":"Liebhartstal","band":0,"modes":"bus","arr":["45A"],"off":[0,-0.8]}},{"type":"Feature","geometry":{"type":"Point","coordinates":[16.291807,48.215574]},"properties":{"line":"45A","mode":"bus","color":"#0059a9","colorDark":"#00294f","band":0,"off":[0,1.1]}},{"type":"Feature","geometry":{"type":"Point","coordinates":[16.283974,48.219891]},"properties":{"name":"Wilhelminenberg","band":0,"modes":"bus","arr":["46A","46B"],"off":[0,-0.8]}},{"type":"Feature","geometry":{"type":"Point","coordinates":[16.283974,48.219891]},"properties":{"line":"46A","mode":"bus","color":"#0059a9","colorDark":"#00294f","band":0,"off":[-1.7,1.1]}},{"type":"Feature","geometry":{"type":"Point","coordinates":[16.283974,48.219891]},"properties":{"line":"46B","mode":"bus","color":"#0059a9","colorDark":"#00294f","band":0,"off":[1.7,1.1]}},{"type":"Feature","geometry":{"type":"Point","coordinates":[16.287085,48.191602]},"properties":{"name":"Unter St. Veit","band":0,"modes":"bus","arr":["47A"],"off":[0,-0.8]}},{"type":"Feature","geometry":{"type":"Point","coordinates":[16.287085,48.191602]},"properties":{"line":"47A","mode":"bus","color":"#0059a9","colorDark":"#00294f","band":0,"off":[0,1.1]}},{"type":"Feature","geometry":{"type":"Point","coordinates":[16.273062,48.205366]},"properties":{"name":"Klinik Penzing","band":0,"modes":"bus","arr":["47A","48A"],"off":[0,-0.8]}},{"type":"Feature","geometry":{"type":"Point","coordinates":[16.273062,48.205366]},"properties":{"line":"47A","mode":"bus","color":"#0059a9","colorDark":"#00294f","band":0,"off":[-1.7,1.1]}},{"type":"Feature","geometry":{"type":"Point","coordinates":[16.273062,48.205366]},"properties":{"line":"48A","mode":"bus","color":"#0059a9","colorDark":"#00294f","band":0,"off":[1.7,1.1]}},{"type":"Feature","geometry":{"type":"Point","coordinates":[16.280395,48.20663]},"properties":{"name":"Otto-Wagner-Areal","band":0,"modes":"bus","arr":["N46"],"off":[0,-0.8]}},{"type":"Feature","geometry":{"type":"Point","coordinates":[16.280395,48.20663]},"properties":{"line":"N46","mode":"bus","color":"#0059a9","colorDark":"#00294f","band":0,"off":[0,1.1]}},{"type":"Feature","geometry":{"type":"Point","coordinates":[16.276384,48.192082]},"properties":{"name":"Ober St. Veit","band":0,"modes":"bus","arr":["54A","54B","N54"],"off":[0,-0.8]}},{"type":"Feature","geometry":{"type":"Point","coordinates":[16.276384,48.192082]},"properties":{"line":"54A","mode":"bus","color":"#0059a9","colorDark":"#00294f","band":0,"off":[-3.4,1.1]}},{"type":"Feature","geometry":{"type":"Point","coordinates":[16.276384,48.192082]},"properties":{"line":"54B","mode":"bus","color":"#0059a9","colorDark":"#00294f","band":0,"off":[0,1.1]}},{"type":"Feature","geometry":{"type":"Point","coordinates":[16.276384,48.192082]},"properties":{"line":"N54","mode":"bus","color":"#0059a9","colorDark":"#00294f","band":0,"off":[3.4,1.1]}},{"type":"Feature","geometry":{"type":"Point","coordinates":[16.261631,48.208749]},"properties":{"name":"Hüttelberg","band":0,"modes":"bus","arr":["47B"],"off":[0,-0.8]}},{"type":"Feature","geometry":{"type":"Point","coordinates":[16.261631,48.208749]},"properties":{"line":"47B","mode":"bus","color":"#0059a9","colorDark":"#00294f","band":0,"off":[0,1.1]}},{"type":"Feature","geometry":{"type":"Point","coordinates":[16.359601,48.206772]},"properties":{"name":"Ring/Volkstheater","band":0,"modes":"tram,bus","arr":["46","48A","49"],"off":[0,-0.8]}},{"type":"Feature","geometry":{"type":"Point","coordinates":[16.359601,48.206772]},"properties":{"line":"46","mode":"tram","color":"#d6212b","colorDark":"#7c1116","band":0,"off":[-3.4,1.1]}},{"type":"Feature","geometry":{"type":"Point","coordinates":[16.359601,48.206772]},"properties":{"line":"48A","mode":"bus","color":"#0059a9","colorDark":"#00294f","band":0,"off":[0,1.1]}},{"type":"Feature","geometry":{"type":"Point","coordinates":[16.359601,48.206772]},"properties":{"line":"49","mode":"tram","color":"#d6212b","colorDark":"#7c1116","band":0,"off":[3.4,1.1]}},{"type":"Feature","geometry":{"type":"Point","coordinates":[16.228148,48.216633]},"properties":{"name":"Wolfersberg, Schöffelplatz","band":0,"modes":"bus","arr":["49A"],"off":[0,-0.8]}},{"type":"Feature","geometry":{"type":"Point","coordinates":[16.228148,48.216633]},"properties":{"line":"49A","mode":"bus","color":"#0059a9","colorDark":"#00294f","band":0,"off":[0,1.1]}},{"type":"Feature","geometry":{"type":"Point","coordinates":[16.197814,48.231519]},"properties":{"name":"Vorderhainbach/Augustinerwaldgasse","band":0,"modes":"bus","arr":["49B"],"off":[0,-0.8]}},{"type":"Feature","geometry":{"type":"Point","coordinates":[16.197814,48.231519]},"properties":{"line":"49B","mode":"bus","color":"#0059a9","colorDark":"#00294f","band":0,"off":[0,1.1]}},{"type":"Feature","geometry":{"type":"Point","coordinates":[16.218915,48.248893]},"properties":{"name":"Hinterhainbach","band":0,"modes":"bus","arr":["49B"],"off":[0,-0.8]}},{"type":"Feature","geometry":{"type":"Point","coordinates":[16.218915,48.248893]},"properties":{"line":"49B","mode":"bus","color":"#0059a9","colorDark":"#00294f","band":0,"off":[0,1.1]}},{"type":"Feature","geometry":{"type":"Point","coordinates":[16.398901,48.206353]},"properties":{"name":"Wittelsbachstraße","band":0,"modes":"bus","arr":["4A","N29"],"off":[0,-0.8]}},{"type":"Feature","geometry":{"type":"Point","coordinates":[16.398901,48.206353]},"properties":{"line":"4A","mode":"bus","color":"#0059a9","colorDark":"#00294f","band":0,"off":[-1.7,1.1]}},{"type":"Feature","geometry":{"type":"Point","coordinates":[16.398901,48.206353]},"properties":{"line":"N29","mode":"bus","color":"#0059a9","colorDark":"#00294f","band":0,"off":[1.7,1.1]}},{"type":"Feature","geometry":{"type":"Point","coordinates":[16.216287,48.208588]},"properties":{"name":"Herzmanskystraße","band":0,"modes":"bus","arr":["50A","50B","N49"],"off":[0,-0.8]}},{"type":"Feature","geometry":{"type":"Point","coordinates":[16.216287,48.208588]},"properties":{"name":"Auhof","band":0,"modes":"bus","arr":["50A","50B","N49"],"off":[0,-1.9]}},{"type":"Feature","geometry":{"type":"Point","coordinates":[16.216287,48.208588]},"properties":{"line":"50A","mode":"bus","color":"#0059a9","colorDark":"#00294f","band":0,"off":[-3.4,1.1]}},{"type":"Feature","geometry":{"type":"Point","coordinates":[16.216287,48.208588]},"properties":{"line":"50B","mode":"bus","color":"#0059a9","colorDark":"#00294f","band":0,"off":[0,1.1]}},{"type":"Feature","geometry":{"type":"Point","coordinates":[16.216287,48.208588]},"properties":{"line":"N49","mode":"bus","color":"#0059a9","colorDark":"#00294f","band":0,"off":[3.4,1.1]}},{"type":"Feature","geometry":{"type":"Point","coordinates":[16.30406,48.188431]},"properties":{"name":"Hietzing","band":0,"modes":"bus","arr":["51A","51B","56A","56B","58A","58B","N60"],"off":[0,-0.8]}},{"type":"Feature","geometry":{"type":"Point","coordinates":[16.30406,48.188431]},"properties":{"line":"51A","mode":"bus","color":"#0059a9","colorDark":"#00294f","band":0,"off":[-6.8,1.1]}},{"type":"Feature","geometry":{"type":"Point","coordinates":[16.30406,48.188431]},"properties":{"line":"51B","mode":"bus","color":"#0059a9","colorDark":"#00294f","band":0,"off":[-3.4,1.1]}},{"type":"Feature","geometry":{"type":"Point","coordinates":[16.30406,48.188431]},"properties":{"line":"56A","mode":"bus","color":"#0059a9","colorDark":"#00294f","band":0,"off":[0,1.1]}},{"type":"Feature","geometry":{"type":"Point","coordinates":[16.30406,48.188431]},"properties":{"line":"56B","mode":"bus","color":"#0059a9","colorDark":"#00294f","band":0,"off":[3.4,1.1]}},{"type":"Feature","geometry":{"type":"Point","coordinates":[16.30406,48.188431]},"properties":{"line":"58A","mode":"bus","color":"#0059a9","colorDark":"#00294f","band":0,"off":[6.8,1.1]}},{"type":"Feature","geometry":{"type":"Point","coordinates":[16.30406,48.188431]},"properties":{"line":"58B","mode":"bus","color":"#0059a9","colorDark":"#00294f","band":0,"off":[-1.7,3.1]}},{"type":"Feature","geometry":{"type":"Point","coordinates":[16.30406,48.188431]},"properties":{"line":"N60","mode":"bus","color":"#0059a9","colorDark":"#00294f","band":0,"off":[1.7,3.1]}},{"type":"Feature","geometry":{"type":"Point","coordinates":[16.289029,48.211255]},"properties":{"name":"Ottakringer Bad","band":0,"modes":"bus","arr":["51A"],"off":[0,-0.8]}},{"type":"Feature","geometry":{"type":"Point","coordinates":[16.289029,48.211255]},"properties":{"line":"51A","mode":"bus","color":"#0059a9","colorDark":"#00294f","band":0,"off":[0,1.1]}},{"type":"Feature","geometry":{"type":"Point","coordinates":[16.293736,48.198748]},"properties":{"name":"Hanusch-Krankenhaus","band":0,"modes":"bus","arr":["51B"],"off":[0,-0.8]}},{"type":"Feature","geometry":{"type":"Point","coordinates":[16.293736,48.198748]},"properties":{"line":"51B","mode":"bus","color":"#0059a9","colorDark":"#00294f","band":0,"off":[0,1.1]}},{"type":"Feature","geometry":{"type":"Point","coordinates":[16.246322,48.223912]},"properties":{"name":"Jägerwaldsiedlung","band":0,"modes":"bus","arr":["52A"],"off":[0,-0.8]}},{"type":"Feature","geometry":{"type":"Point","coordinates":[16.246322,48.223912]},"properties":{"line":"52A","mode":"bus","color":"#0059a9","colorDark":"#00294f","band":0,"off":[0,1.1]}},{"type":"Feature","geometry":{"type":"Point","coordinates":[16.261796,48.218038]},"properties":{"name":"Siedlung Kordon","band":0,"modes":"bus","arr":["52B"],"off":[0,-0.8]}},{"type":"Feature","geometry":{"type":"Point","coordinates":[16.261796,48.218038]},"properties":{"line":"52B","mode":"bus","color":"#0059a9","colorDark":"#00294f","band":0,"off":[0,1.1]}},{"type":"Feature","geometry":{"type":"Point","coordinates":[16.260861,48.180525]},"properties":{"name":"Stock im Weg","band":0,"modes":"bus","arr":["53A"],"off":[0,-0.8]}},{"type":"Feature","geometry":{"type":"Point","coordinates":[16.260861,48.180525]},"properties":{"line":"53A","mode":"bus","color":"#0059a9","colorDark":"#00294f","band":0,"off":[0,1.1]}},{"type":"Feature","geometry":{"type":"Point","coordinates":[16.264688,48.174425]},"properties":{"name":"Hörndlwald","band":0,"modes":"bus","arr":["54A"],"off":[0,-0.8]}},{"type":"Feature","geometry":{"type":"Point","coordinates":[16.264688,48.174425]},"properties":{"line":"54A","mode":"bus","color":"#0059a9","colorDark":"#00294f","band":0,"off":[0,1.1]}},{"type":"Feature","geometry":{"type":"Point","coordinates":[16.254254,48.176667]},"properties":{"name":"St. Veiter Tor","band":0,"modes":"bus","arr":["54B"],"off":[0,-0.8]}},{"type":"Feature","geometry":{"type":"Point","coordinates":[16.254254,48.176667]},"properties":{"line":"54B","mode":"bus","color":"#0059a9","colorDark":"#00294f","band":0,"off":[0,1.1]}},{"type":"Feature","geometry":{"type":"Point","coordinates":[16.291396,48.175555]},"properties":{"name":"Küniglberg/ORF-Zentrum","band":0,"modes":"bus","arr":["8A"],"off":[0,-0.8]}},{"type":"Feature","geometry":{"type":"Point","coordinates":[16.291396,48.175555]},"properties":{"line":"8A","mode":"bus","color":"#0059a9","colorDark":"#00294f","band":0,"off":[0,1.1]}},{"type":"Feature","geometry":{"type":"Point","coordinates":[16.288971,48.148192]},"properties":{"name":"Atzgersdorf","band":0,"modes":"bus","arr":["56A","58A","58B"],"off":[0,-0.8]}},{"type":"Feature","geometry":{"type":"Point","coordinates":[16.288971,48.148192]},"properties":{"line":"56A","mode":"bus","color":"#0059a9","colorDark":"#00294f","band":0,"off":[-3.4,1.1]}},{"type":"Feature","geometry":{"type":"Point","coordinates":[16.288971,48.148192]},"properties":{"line":"58A","mode":"bus","color":"#0059a9","colorDark":"#00294f","band":0,"off":[0,1.1]}},{"type":"Feature","geometry":{"type":"Point","coordinates":[16.288971,48.148192]},"properties":{"line":"58B","mode":"bus","color":"#0059a9","colorDark":"#00294f","band":0,"off":[3.4,1.1]}},{"type":"Feature","geometry":{"type":"Point","coordinates":[16.25711,48.166919]},"properties":{"name":"Lainzer Tor","band":0,"modes":"bus","arr":["56B","N62"],"off":[0,-0.8]}},{"type":"Feature","geometry":{"type":"Point","coordinates":[16.25711,48.166919]},"properties":{"line":"56B","mode":"bus","color":"#0059a9","colorDark":"#00294f","band":0,"off":[-1.7,1.1]}},{"type":"Feature","geometry":{"type":"Point","coordinates":[16.25711,48.166919]},"properties":{"line":"N62","mode":"bus","color":"#0059a9","colorDark":"#00294f","band":0,"off":[1.7,1.1]}},{"type":"Feature","geometry":{"type":"Point","coordinates":[16.363895,48.20438]},"properties":{"name":"Burgring","band":0,"modes":"bus","arr":["57A"],"off":[0,-0.8]}},{"type":"Feature","geometry":{"type":"Point","coordinates":[16.363895,48.20438]},"properties":{"line":"57A","mode":"bus","color":"#0059a9","colorDark":"#00294f","band":0,"off":[0,1.1]}},{"type":"Feature","geometry":{"type":"Point","coordinates":[16.322574,48.190104]},"properties":{"name":"Rudolfsheim, Anschützgasse","band":0,"modes":"bus","arr":["57A"],"off":[0,-0.8]}},{"type":"Feature","geometry":{"type":"Point","coordinates":[16.322574,48.190104]},"properties":{"line":"57A","mode":"bus","color":"#0059a9","colorDark":"#00294f","band":0,"off":[0,1.1]}},{"type":"Feature","geometry":{"type":"Point","coordinates":[16.384187,48.214871]},"properties":{"name":"Nestroyplatz","band":0,"modes":"bus","arr":["5A"],"off":[0,-0.8]}},{"type":"Feature","geometry":{"type":"Point","coordinates":[16.384187,48.214871]},"properties":{"line":"5A","mode":"bus","color":"#0059a9","colorDark":"#00294f","band":0,"off":[0,1.1]}},{"type":"Feature","geometry":{"type":"Point","coordinates":[16.375346,48.249382]},"properties":{"name":"Griegstraße","band":0,"modes":"bus","arr":["5A"],"off":[0,-0.8]}},{"type":"Feature","geometry":{"type":"Point","coordinates":[16.375346,48.249382]},"properties":{"line":"5A","mode":"bus","color":"#0059a9","colorDark":"#00294f","band":0,"off":[0,1.1]}},{"type":"Feature","geometry":{"type":"Point","coordinates":[16.392114,48.218945]},"properties":{"name":"Praterstern","band":0,"modes":"tram,bus","arr":["5","5B","80A","82A","N81"],"off":[0,-0.8]}},{"type":"Feature","geometry":{"type":"Point","coordinates":[16.392114,48.218945]},"properties":{"line":"5","mode":"tram","color":"#d6212b","colorDark":"#7c1116","band":0,"off":[-6.8,1.1]}},{"type":"Feature","geometry":{"type":"Point","coordinates":[16.392114,48.218945]},"properties":{"line":"5B","mode":"bus","color":"#0059a9","colorDark":"#00294f","band":0,"off":[-3.4,1.1]}},{"type":"Feature","geometry":{"type":"Point","coordinates":[16.392114,48.218945]},"properties":{"line":"80A","mode":"bus","color":"#0059a9","colorDark":"#00294f","band":0,"off":[0,1.1]}},{"type":"Feature","geometry":{"type":"Point","coordinates":[16.392114,48.218945]},"properties":{"line":"82A","mode":"bus","color":"#0059a9","colorDark":"#00294f","band":0,"off":[3.4,1.1]}},{"type":"Feature","geometry":{"type":"Point","coordinates":[16.392114,48.218945]},"properties":{"line":"N81","mode":"bus","color":"#0059a9","colorDark":"#00294f","band":0,"off":[6.8,1.1]}},{"type":"Feature","geometry":{"type":"Point","coordinates":[16.317152,48.150544]},"properties":{"name":"Alterlaa","band":0,"modes":"bus","arr":["60A","64B","67B","N64","N8"],"off":[0,-0.8]}},{"type":"Feature","geometry":{"type":"Point","coordinates":[16.317152,48.150544]},"properties":{"line":"60A","mode":"bus","color":"#0059a9","colorDark":"#00294f","band":0,"off":[-6.8,1.1]}},{"type":"Feature","geometry":{"type":"Point","coordinates":[16.317152,48.150544]},"properties":{"line":"64B","mode":"bus","color":"#0059a9","colorDark":"#00294f","band":0,"off":[-3.4,1.1]}},{"type":"Feature","geometry":{"type":"Point","coordinates":[16.317152,48.150544]},"properties":{"line":"67B","mode":"bus","color":"#0059a9","colorDark":"#00294f","band":0,"off":[0,1.1]}},{"type":"Feature","geometry":{"type":"Point","coordinates":[16.317152,48.150544]},"properties":{"line":"N64","mode":"bus","color":"#0059a9","colorDark":"#00294f","band":0,"off":[3.4,1.1]}},{"type":"Feature","geometry":{"type":"Point","coordinates":[16.317152,48.150544]},"properties":{"line":"N8","mode":"bus","color":"#0059a9","colorDark":"#00294f","band":0,"off":[6.8,1.1]}},{"type":"Feature","geometry":{"type":"Point","coordinates":[16.283269,48.134811]},"properties":{"name":"Liesing","band":0,"modes":"bus","arr":["60A","61A","61B","62A","66A","N61","N65","N66"],"off":[0,-0.8]}},{"type":"Feature","geometry":{"type":"Point","coordinates":[16.283269,48.134811]},"properties":{"line":"60A","mode":"bus","color":"#0059a9","colorDark":"#00294f","band":0,"off":[-6.8,1.1]}},{"type":"Feature","geometry":{"type":"Point","coordinates":[16.283269,48.134811]},"properties":{"line":"61A","mode":"bus","color":"#0059a9","colorDark":"#00294f","band":0,"off":[-3.4,1.1]}},{"type":"Feature","geometry":{"type":"Point","coordinates":[16.283269,48.134811]},"properties":{"line":"61B","mode":"bus","color":"#0059a9","colorDark":"#00294f","band":0,"off":[0,1.1]}},{"type":"Feature","geometry":{"type":"Point","coordinates":[16.283269,48.134811]},"properties":{"line":"62A","mode":"bus","color":"#0059a9","colorDark":"#00294f","band":0,"off":[3.4,1.1]}},{"type":"Feature","geometry":{"type":"Point","coordinates":[16.283269,48.134811]},"properties":{"line":"66A","mode":"bus","color":"#0059a9","colorDark":"#00294f","band":0,"off":[6.8,1.1]}},{"type":"Feature","geometry":{"type":"Point","coordinates":[16.283269,48.134811]},"properties":{"line":"N61","mode":"bus","color":"#0059a9","colorDark":"#00294f","band":0,"off":[-3.4,3.1]}},{"type":"Feature","geometry":{"type":"Point","coordinates":[16.283269,48.134811]},"properties":{"line":"N65","mode":"bus","color":"#0059a9","colorDark":"#00294f","band":0,"off":[0,3.1]}},{"type":"Feature","geometry":{"type":"Point","coordinates":[16.283269,48.134811]},"properties":{"line":"N66","mode":"bus","color":"#0059a9","colorDark":"#00294f","band":0,"off":[3.4,3.1]}},{"type":"Feature","geometry":{"type":"Point","coordinates":[16.314015,48.136793]},"properties":{"name":"Perfektastraße","band":0,"modes":"bus","arr":["64A"],"off":[0,-0.8]}},{"type":"Feature","geometry":{"type":"Point","coordinates":[16.314015,48.136793]},"properties":{"line":"64A","mode":"bus","color":"#0059a9","colorDark":"#00294f","band":0,"off":[0,1.1]}},{"type":"Feature","geometry":{"type":"Point","coordinates":[16.317974,48.126051]},"properties":{"name":"Vösendorf-Siebenhirten","band":0,"modes":"bus","arr":["61A","61B"],"off":[0,-0.8]}},{"type":"Feature","geometry":{"type":"Point","coordinates":[16.317974,48.126051]},"properties":{"line":"61A","mode":"bus","color":"#0059a9","colorDark":"#00294f","band":0,"off":[-1.7,1.1]}},{"type":"Feature","geometry":{"type":"Point","coordinates":[16.317974,48.126051]},"properties":{"line":"61B","mode":"bus","color":"#0059a9","colorDark":"#00294f","band":0,"off":[1.7,1.1]}},{"type":"Feature","geometry":{"type":"Point","coordinates":[16.30974,48.12969]},"properties":{"name":"Siebenhirten","band":0,"modes":"bus,metro","arr":["N64","U6"],"off":[0,-0.8]}},{"type":"Feature","geometry":{"type":"Point","coordinates":[16.30974,48.12969]},"properties":{"line":"N64","mode":"bus","color":"#0059a9","colorDark":"#00294f","band":0,"off":[-1.7,1.1]}},{"type":"Feature","geometry":{"type":"Point","coordinates":[16.30974,48.12969]},"properties":{"line":"U6","mode":"tram","color":"#9D6830","colorDark":"#56391a","band":0,"metro":1,"off":[1.7,1.1]}},{"type":"Feature","geometry":{"type":"Point","coordinates":[16.29101,48.161826]},"properties":{"name":"Am Rosenhügel","band":0,"modes":"bus","arr":["63A"],"off":[0,-0.8]}},{"type":"Feature","geometry":{"type":"Point","coordinates":[16.29101,48.161826]},"properties":{"line":"63A","mode":"bus","color":"#0059a9","colorDark":"#00294f","band":0,"off":[0,1.1]}},{"type":"Feature","geometry":{"type":"Point","coordinates":[16.29591,48.15048]},"properties":{"name":"Atzgersdorf, Ziedlergasse","band":0,"modes":"bus","arr":["64A"],"off":[0,-0.8]}},{"type":"Feature","geometry":{"type":"Point","coordinates":[16.29591,48.15048]},"properties":{"line":"64A","mode":"bus","color":"#0059a9","colorDark":"#00294f","band":0,"off":[0,1.1]}},{"type":"Feature","geometry":{"type":"Point","coordinates":[16.378785,48.17283]},"properties":{"name":"Reumannplatz","band":0,"modes":"bus","arr":["65A","66A","7A","N65","N66"],"off":[0,-0.8]}},{"type":"Feature","geometry":{"type":"Point","coordinates":[16.378785,48.17283]},"properties":{"line":"65A","mode":"bus","color":"#0059a9","colorDark":"#00294f","band":0,"off":[-6.8,1.1]}},{"type":"Feature","geometry":{"type":"Point","coordinates":[16.378785,48.17283]},"properties":{"line":"66A","mode":"bus","color":"#0059a9","colorDark":"#00294f","band":0,"off":[-3.4,1.1]}},{"type":"Feature","geometry":{"type":"Point","coordinates":[16.378785,48.17283]},"properties":{"line":"7A","mode":"bus","color":"#0059a9","colorDark":"#00294f","band":0,"off":[0,1.1]}},{"type":"Feature","geometry":{"type":"Point","coordinates":[16.378785,48.17283]},"properties":{"line":"N65","mode":"bus","color":"#0059a9","colorDark":"#00294f","band":0,"off":[3.4,1.1]}},{"type":"Feature","geometry":{"type":"Point","coordinates":[16.378785,48.17283]},"properties":{"line":"N66","mode":"bus","color":"#0059a9","colorDark":"#00294f","band":0,"off":[6.8,1.1]}},{"type":"Feature","geometry":{"type":"Point","coordinates":[16.342307,48.141192]},"properties":{"name":"Inzersdorf, Kolpingstraße","band":0,"modes":"bus","arr":["67A"],"off":[0,-0.8]}},{"type":"Feature","geometry":{"type":"Point","coordinates":[16.342307,48.141192]},"properties":{"line":"67A","mode":"bus","color":"#0059a9","colorDark":"#00294f","band":0,"off":[0,1.1]}},{"type":"Feature","geometry":{"type":"Point","coordinates":[16.406212,48.151812]},"properties":{"name":"Laaer Berg, Kurpark Nordosteingang","band":0,"modes":"bus","arr":["68A"],"off":[0,-0.8]}},{"type":"Feature","geometry":{"type":"Point","coordinates":[16.406212,48.151812]},"properties":{"line":"68A","mode":"bus","color":"#0059a9","colorDark":"#00294f","band":0,"off":[0,1.1]}},{"type":"Feature","geometry":{"type":"Point","coordinates":[16.42021,48.169574]},"properties":{"name":"Simmering","band":0,"modes":"bus,metro","arr":["69A","71E","72A","73A","U3"],"off":[0,-0.8]}},{"type":"Feature","geometry":{"type":"Point","coordinates":[16.42021,48.169574]},"properties":{"line":"69A","mode":"bus","color":"#0059a9","colorDark":"#00294f","band":0,"off":[-6.8,1.1]}},{"type":"Feature","geometry":{"type":"Point","coordinates":[16.42021,48.169574]},"properties":{"line":"71E","mode":"bus","color":"#0059a9","colorDark":"#00294f","band":0,"off":[-3.4,1.1]}},{"type":"Feature","geometry":{"type":"Point","coordinates":[16.42021,48.169574]},"properties":{"line":"72A","mode":"bus","color":"#0059a9","colorDark":"#00294f","band":0,"off":[0,1.1]}},{"type":"Feature","geometry":{"type":"Point","coordinates":[16.42021,48.169574]},"properties":{"line":"73A","mode":"bus","color":"#0059a9","colorDark":"#00294f","band":0,"off":[3.4,1.1]}},{"type":"Feature","geometry":{"type":"Point","coordinates":[16.42021,48.169574]},"properties":{"line":"U3","mode":"tram","color":"#EF7C00","colorDark":"#834400","band":0,"metro":1,"off":[6.8,1.1]}},{"type":"Feature","geometry":{"type":"Point","coordinates":[16.439232,48.13269]},"properties":{"name":"Kledering Bahnhof","band":0,"modes":"bus","arr":["70A"],"off":[0,-0.8]}},{"type":"Feature","geometry":{"type":"Point","coordinates":[16.439232,48.13269]},"properties":{"line":"70A","mode":"bus","color":"#0059a9","colorDark":"#00294f","band":0,"off":[0,1.1]}},{"type":"Feature","geometry":{"type":"Point","coordinates":[16.41485,48.132903]},"properties":{"name":"Unterlaa","band":0,"modes":"bus","arr":["N17"],"off":[0,-0.8]}},{"type":"Feature","geometry":{"type":"Point","coordinates":[16.41485,48.132903]},"properties":{"line":"N17","mode":"bus","color":"#0059a9","colorDark":"#00294f","band":0,"off":[0,1.1]}},{"type":"Feature","geometry":{"type":"Point","coordinates":[16.449117,48.152266]},"properties":{"name":"Zentralfriedhof 3.Tor","band":0,"modes":"bus","arr":["71A","71B","73B"],"off":[0,-0.8]}},{"type":"Feature","geometry":{"type":"Point","coordinates":[16.449117,48.152266]},"properties":{"line":"71A","mode":"bus","color":"#0059a9","colorDark":"#00294f","band":0,"off":[-3.4,1.1]}},{"type":"Feature","geometry":{"type":"Point","coordinates":[16.449117,48.152266]},"properties":{"line":"71B","mode":"bus","color":"#0059a9","colorDark":"#00294f","band":0,"off":[0,1.1]}},{"type":"Feature","geometry":{"type":"Point","coordinates":[16.449117,48.152266]},"properties":{"line":"73B","mode":"bus","color":"#0059a9","colorDark":"#00294f","band":0,"off":[3.4,1.1]}},{"type":"Feature","geometry":{"type":"Point","coordinates":[16.482632,48.142493]},"properties":{"name":"Schwechat Bahnhof","band":0,"modes":"bus","arr":["71A"],"off":[0,-0.8]}},{"type":"Feature","geometry":{"type":"Point","coordinates":[16.482632,48.142493]},"properties":{"line":"71A","mode":"bus","color":"#0059a9","colorDark":"#00294f","band":0,"off":[0,1.1]}},{"type":"Feature","geometry":{"type":"Point","coordinates":[16.42685,48.153522]},"properties":{"name":"Zentralfriedhof","band":0,"modes":"bus","arr":["71B"],"off":[0,-0.8]}},{"type":"Feature","geometry":{"type":"Point","coordinates":[16.42685,48.153522]},"properties":{"line":"71B","mode":"bus","color":"#0059a9","colorDark":"#00294f","band":0,"off":[0,1.1]}},{"type":"Feature","geometry":{"type":"Point","coordinates":[16.464836,48.146977]},"properties":{"name":"Kaiserebersdorf","band":0,"modes":"bus","arr":["73B"],"off":[0,-0.8]}},{"type":"Feature","geometry":{"type":"Point","coordinates":[16.464836,48.146977]},"properties":{"line":"73B","mode":"bus","color":"#0059a9","colorDark":"#00294f","band":0,"off":[0,1.1]}},{"type":"Feature","geometry":{"type":"Point","coordinates":[16.471374,48.15949]},"properties":{"name":"Kaiserebersdorf, Zinnergasse","band":0,"modes":"tram,bus","arr":["11","71","71E","79A","79B","N71"],"off":[0,-0.8]}},{"type":"Feature","geometry":{"type":"Point","coordinates":[16.471374,48.15949]},"properties":{"name":"Kaiserebersdorf, Münnichplatz","band":0,"modes":"tram,bus","arr":["11","71","71E","79A","79B","N71"],"off":[0,-3]}},{"type":"Feature","geometry":{"type":"Point","coordinates":[16.471374,48.15949]},"properties":{"line":"11","mode":"tram","color":"#d6212b","colorDark":"#7c1116","band":0,"off":[-6.8,1.1]}},{"type":"Feature","geometry":{"type":"Point","coordinates":[16.471374,48.15949]},"properties":{"line":"71","mode":"tram","color":"#d6212b","colorDark":"#7c1116","band":0,"off":[-3.4,1.1]}},{"type":"Feature","geometry":{"type":"Point","coordinates":[16.471374,48.15949]},"properties":{"line":"71E","mode":"bus","color":"#0059a9","colorDark":"#00294f","band":0,"off":[0,1.1]}},{"type":"Feature","geometry":{"type":"Point","coordinates":[16.471374,48.15949]},"properties":{"line":"79A","mode":"bus","color":"#0059a9","colorDark":"#00294f","band":0,"off":[3.4,1.1]}},{"type":"Feature","geometry":{"type":"Point","coordinates":[16.471374,48.15949]},"properties":{"line":"79B","mode":"bus","color":"#0059a9","colorDark":"#00294f","band":0,"off":[6.8,1.1]}},{"type":"Feature","geometry":{"type":"Point","coordinates":[16.471374,48.15949]},"properties":{"line":"N71","mode":"bus","color":"#0059a9","colorDark":"#00294f","band":0,"off":[0,3.1]}},{"type":"Feature","geometry":{"type":"Point","coordinates":[16.417745,48.161745]},"properties":{"name":"Hasenleiten","band":0,"modes":"bus","arr":["72A"],"off":[0,-0.8]}},{"type":"Feature","geometry":{"type":"Point","coordinates":[16.417745,48.161745]},"properties":{"line":"72A","mode":"bus","color":"#0059a9","colorDark":"#00294f","band":0,"off":[0,1.1]}},{"type":"Feature","geometry":{"type":"Point","coordinates":[16.45746,48.159866]},"properties":{"name":"Pantucekgasse","band":0,"modes":"bus","arr":["73A"],"off":[0,-0.8]}},{"type":"Feature","geometry":{"type":"Point","coordinates":[16.45746,48.159866]},"properties":{"line":"73A","mode":"bus","color":"#0059a9","colorDark":"#00294f","band":0,"off":[0,1.1]}},{"type":"Feature","geometry":{"type":"Point","coordinates":[16.399658,48.187788]},"properties":{"name":"St. Marx S/Leberstr.","band":0,"modes":"bus","arr":["74A"],"off":[0,-0.8]}},{"type":"Feature","geometry":{"type":"Point","coordinates":[16.399658,48.187788]},"properties":{"line":"74A","mode":"bus","color":"#0059a9","colorDark":"#00294f","band":0,"off":[0,1.1]}},{"type":"Feature","geometry":{"type":"Point","coordinates":[16.427761,48.179217]},"properties":{"name":"Haidestraße","band":0,"modes":"bus","arr":["76A"],"off":[0,-0.8]}},{"type":"Feature","geometry":{"type":"Point","coordinates":[16.427761,48.179217]},"properties":{"line":"76A","mode":"bus","color":"#0059a9","colorDark":"#00294f","band":0,"off":[0,1.1]}},{"type":"Feature","geometry":{"type":"Point","coordinates":[16.485091,48.160433]},"properties":{"name":"Albern","band":0,"modes":"bus","arr":["76A","76B"],"off":[0,-0.8]}},{"type":"Feature","geometry":{"type":"Point","coordinates":[16.485091,48.160433]},"properties":{"line":"76A","mode":"bus","color":"#0059a9","colorDark":"#00294f","band":0,"off":[-1.7,1.1]}},{"type":"Feature","geometry":{"type":"Point","coordinates":[16.485091,48.160433]},"properties":{"line":"76B","mode":"bus","color":"#0059a9","colorDark":"#00294f","band":0,"off":[1.7,1.1]}},{"type":"Feature","geometry":{"type":"Point","coordinates":[16.386556,48.195125]},"properties":{"name":"Rennweg","band":0,"modes":"bus","arr":["77A"],"off":[0,-0.8]}},{"type":"Feature","geometry":{"type":"Point","coordinates":[16.386556,48.195125]},"properties":{"line":"77A","mode":"bus","color":"#0059a9","colorDark":"#00294f","band":0,"off":[0,1.1]}},{"type":"Feature","geometry":{"type":"Point","coordinates":[16.433974,48.203581]},"properties":{"name":"Praterbrücke","band":0,"modes":"bus","arr":["N81"],"off":[0,-0.8]}},{"type":"Feature","geometry":{"type":"Point","coordinates":[16.433974,48.203581]},"properties":{"line":"N81","mode":"bus","color":"#0059a9","colorDark":"#00294f","band":0,"off":[0,1.1]}},{"type":"Feature","geometry":{"type":"Point","coordinates":[16.439263,48.191103]},"properties":{"name":"Lusthaus","band":0,"modes":"bus","arr":["77A"],"off":[0,-0.8]}},{"type":"Feature","geometry":{"type":"Point","coordinates":[16.439263,48.191103]},"properties":{"line":"77A","mode":"bus","color":"#0059a9","colorDark":"#00294f","band":0,"off":[0,1.1]}},{"type":"Feature","geometry":{"type":"Point","coordinates":[16.428544,48.207762]},"properties":{"name":"Donaumarina, Chrastekgasse","band":0,"modes":"bus","arr":["79A","79B"],"off":[0,-0.8]}},{"type":"Feature","geometry":{"type":"Point","coordinates":[16.428544,48.207762]},"properties":{"line":"79A","mode":"bus","color":"#0059a9","colorDark":"#00294f","band":0,"off":[-1.7,1.1]}},{"type":"Feature","geometry":{"type":"Point","coordinates":[16.428544,48.207762]},"properties":{"line":"79B","mode":"bus","color":"#0059a9","colorDark":"#00294f","band":0,"off":[1.7,1.1]}},{"type":"Feature","geometry":{"type":"Point","coordinates":[16.328593,48.183571]},"properties":{"name":"Meidling Hauptstraße","band":0,"modes":"bus","arr":["7A","9A"],"off":[0,-0.8]}},{"type":"Feature","geometry":{"type":"Point","coordinates":[16.328593,48.183571]},"properties":{"line":"7A","mode":"bus","color":"#0059a9","colorDark":"#00294f","band":0,"off":[-1.7,1.1]}},{"type":"Feature","geometry":{"type":"Point","coordinates":[16.328593,48.183571]},"properties":{"line":"9A","mode":"bus","color":"#0059a9","colorDark":"#00294f","band":0,"off":[1.7,1.1]}},{"type":"Feature","geometry":{"type":"Point","coordinates":[16.408298,48.19451]},"properties":{"name":"Schlachthausgasse","band":0,"modes":"tram,bus","arr":["18","80A"],"off":[0,-0.8]}},{"type":"Feature","geometry":{"type":"Point","coordinates":[16.408298,48.19451]},"properties":{"name":"Ludwig-Koeßler-Platz","band":0,"modes":"tram,bus","arr":["18","80A"],"off":[0,-1.9]}},{"type":"Feature","geometry":{"type":"Point","coordinates":[16.408298,48.19451]},"properties":{"line":"18","mode":"tram","color":"#d6212b","colorDark":"#7c1116","band":0,"off":[-1.7,1.1]}},{"type":"Feature","geometry":{"type":"Point","coordinates":[16.408298,48.19451]},"properties":{"line":"80A","mode":"bus","color":"#0059a9","colorDark":"#00294f","band":0,"off":[1.7,1.1]}},{"type":"Feature","geometry":{"type":"Point","coordinates":[16.413501,48.215043]},"properties":{"name":"Krieau","band":0,"modes":"bus","arr":["82A"],"off":[0,-0.8]}},{"type":"Feature","geometry":{"type":"Point","coordinates":[16.413501,48.215043]},"properties":{"line":"82A","mode":"bus","color":"#0059a9","colorDark":"#00294f","band":0,"off":[0,1.1]}},{"type":"Feature","geometry":{"type":"Point","coordinates":[16.505069,48.233823]},"properties":{"name":"Aspern Nord","band":0,"modes":"tram,bus","arr":["27","84A","89A","95A","99A","99B","N84"],"off":[0,-0.8]}},{"type":"Feature","geometry":{"type":"Point","coordinates":[16.505069,48.233823]},"properties":{"line":"27","mode":"tram","color":"#d6212b","colorDark":"#7c1116","band":0,"off":[-6.8,1.1]}},{"type":"Feature","geometry":{"type":"Point","coordinates":[16.505069,48.233823]},"properties":{"line":"84A","mode":"bus","color":"#0059a9","colorDark":"#00294f","band":0,"off":[-3.4,1.1]}},{"type":"Feature","geometry":{"type":"Point","coordinates":[16.505069,48.233823]},"properties":{"line":"89A","mode":"bus","color":"#0059a9","colorDark":"#00294f","band":0,"off":[0,1.1]}},{"type":"Feature","geometry":{"type":"Point","coordinates":[16.505069,48.233823]},"properties":{"line":"95A","mode":"bus","color":"#0059a9","colorDark":"#00294f","band":0,"off":[3.4,1.1]}},{"type":"Feature","geometry":{"type":"Point","coordinates":[16.505069,48.233823]},"properties":{"line":"99A","mode":"bus","color":"#0059a9","colorDark":"#00294f","band":0,"off":[6.8,1.1]}},{"type":"Feature","geometry":{"type":"Point","coordinates":[16.505069,48.233823]},"properties":{"line":"99B","mode":"bus","color":"#0059a9","colorDark":"#00294f","band":0,"off":[-1.7,3.1]}},{"type":"Feature","geometry":{"type":"Point","coordinates":[16.505069,48.233823]},"properties":{"line":"N84","mode":"bus","color":"#0059a9","colorDark":"#00294f","band":0,"off":[1.7,3.1]}},{"type":"Feature","geometry":{"type":"Point","coordinates":[16.486775,48.233583]},"properties":{"name":"Hausfeldstraße","band":0,"modes":"tram,bus","arr":["26","85A","95B","N23"],"off":[0,-0.8]}},{"type":"Feature","geometry":{"type":"Point","coordinates":[16.486775,48.233583]},"properties":{"line":"26","mode":"tram","color":"#d6212b","colorDark":"#7c1116","band":0,"off":[-5.1,1.1]}},{"type":"Feature","geometry":{"type":"Point","coordinates":[16.486775,48.233583]},"properties":{"line":"85A","mode":"bus","color":"#0059a9","colorDark":"#00294f","band":0,"off":[-1.7,1.1]}},{"type":"Feature","geometry":{"type":"Point","coordinates":[16.486775,48.233583]},"properties":{"line":"95B","mode":"bus","color":"#0059a9","colorDark":"#00294f","band":0,"off":[1.7,1.1]}},{"type":"Feature","geometry":{"type":"Point","coordinates":[16.486775,48.233583]},"properties":{"line":"N23","mode":"bus","color":"#0059a9","colorDark":"#00294f","band":0,"off":[5.1,1.1]}},{"type":"Feature","geometry":{"type":"Point","coordinates":[16.490596,48.255928]},"properties":{"name":"Breitenlee, Rautenweg","band":0,"modes":"bus","arr":["85A"],"off":[0,-0.8]}},{"type":"Feature","geometry":{"type":"Point","coordinates":[16.490596,48.255928]},"properties":{"line":"85A","mode":"bus","color":"#0059a9","colorDark":"#00294f","band":0,"off":[0,1.1]}},{"type":"Feature","geometry":{"type":"Point","coordinates":[16.487781,48.237126]},"properties":{"name":"Am Heidjöchl","band":0,"modes":"bus","arr":["N24"],"off":[0,-0.8]}},{"type":"Feature","geometry":{"type":"Point","coordinates":[16.487781,48.237126]},"properties":{"line":"N24","mode":"bus","color":"#0059a9","colorDark":"#00294f","band":0,"off":[0,1.1]}},{"type":"Feature","geometry":{"type":"Point","coordinates":[16.448689,48.218934]},"properties":{"name":"Stadlau","band":0,"modes":"bus","arr":["86A","87A","94A"],"off":[0,-0.8]}},{"type":"Feature","geometry":{"type":"Point","coordinates":[16.448689,48.218934]},"properties":{"line":"86A","mode":"bus","color":"#0059a9","colorDark":"#00294f","band":0,"off":[-3.4,1.1]}},{"type":"Feature","geometry":{"type":"Point","coordinates":[16.448689,48.218934]},"properties":{"line":"87A","mode":"bus","color":"#0059a9","colorDark":"#00294f","band":0,"off":[0,1.1]}},{"type":"Feature","geometry":{"type":"Point","coordinates":[16.448689,48.218934]},"properties":{"line":"94A","mode":"bus","color":"#0059a9","colorDark":"#00294f","band":0,"off":[3.4,1.1]}},{"type":"Feature","geometry":{"type":"Point","coordinates":[16.453493,48.229253]},"properties":{"name":"Erzherzog-Karl-Straße","band":0,"modes":"bus","arr":["96A","N90"],"off":[0,-0.8]}},{"type":"Feature","geometry":{"type":"Point","coordinates":[16.453493,48.229253]},"properties":{"line":"96A","mode":"bus","color":"#0059a9","colorDark":"#00294f","band":0,"off":[-1.7,1.1]}},{"type":"Feature","geometry":{"type":"Point","coordinates":[16.453493,48.229253]},"properties":{"line":"N90","mode":"bus","color":"#0059a9","colorDark":"#00294f","band":0,"off":[1.7,1.1]}},{"type":"Feature","geometry":{"type":"Point","coordinates":[16.50818,48.225456]},"properties":{"name":"Seestadt","band":0,"modes":"bus,metro","arr":["88A","88B","U2"],"off":[0,-0.8]}},{"type":"Feature","geometry":{"type":"Point","coordinates":[16.50818,48.225456]},"properties":{"line":"88A","mode":"bus","color":"#0059a9","colorDark":"#00294f","band":0,"off":[-3.4,1.1]}},{"type":"Feature","geometry":{"type":"Point","coordinates":[16.50818,48.225456]},"properties":{"line":"88B","mode":"bus","color":"#0059a9","colorDark":"#00294f","band":0,"off":[0,1.1]}},{"type":"Feature","geometry":{"type":"Point","coordinates":[16.50818,48.225456]},"properties":{"line":"U2","mode":"tram","color":"#A862A4","colorDark":"#5c365a","band":0,"metro":1,"off":[3.4,1.1]}},{"type":"Feature","geometry":{"type":"Point","coordinates":[16.514978,48.202348]},"properties":{"name":"Eßling, Wegmayersiedlung","band":0,"modes":"bus","arr":["88B"],"off":[0,-0.8]}},{"type":"Feature","geometry":{"type":"Point","coordinates":[16.514978,48.202348]},"properties":{"line":"88B","mode":"bus","color":"#0059a9","colorDark":"#00294f","band":0,"off":[0,1.1]}},{"type":"Feature","geometry":{"type":"Point","coordinates":[16.536093,48.261484]},"properties":{"name":"Invalidensiedlung","band":0,"modes":"bus","arr":["89A"],"off":[0,-0.8]}},{"type":"Feature","geometry":{"type":"Point","coordinates":[16.536093,48.261484]},"properties":{"line":"89A","mode":"bus","color":"#0059a9","colorDark":"#00294f","band":0,"off":[0,1.1]}},{"type":"Feature","geometry":{"type":"Point","coordinates":[16.439822,48.212335]},"properties":{"name":"Donaustadtbrücke","band":0,"modes":"bus","arr":["N91"],"off":[0,-0.8]}},{"type":"Feature","geometry":{"type":"Point","coordinates":[16.439822,48.212335]},"properties":{"line":"N91","mode":"bus","color":"#0059a9","colorDark":"#00294f","band":0,"off":[0,1.1]}},{"type":"Feature","geometry":{"type":"Point","coordinates":[16.509779,48.166166]},"properties":{"name":"Ölhafen","band":0,"modes":"bus","arr":["92B"],"off":[0,-0.8]}},{"type":"Feature","geometry":{"type":"Point","coordinates":[16.509779,48.166166]},"properties":{"line":"92B","mode":"bus","color":"#0059a9","colorDark":"#00294f","band":0,"off":[0,1.1]}},{"type":"Feature","geometry":{"type":"Point","coordinates":[16.454022,48.205594]},"properties":{"name":"Schillwasserweg","band":0,"modes":"bus","arr":["96A"],"off":[0,-0.8]}},{"type":"Feature","geometry":{"type":"Point","coordinates":[16.454022,48.205594]},"properties":{"line":"96A","mode":"bus","color":"#0059a9","colorDark":"#00294f","band":0,"off":[0,1.1]}},{"type":"Feature","geometry":{"type":"Point","coordinates":[16.473734,48.202506]},"properties":{"name":"Großer Biberhaufen","band":0,"modes":"bus","arr":["95A"],"off":[0,-0.8]}},{"type":"Feature","geometry":{"type":"Point","coordinates":[16.473734,48.202506]},"properties":{"line":"95A","mode":"bus","color":"#0059a9","colorDark":"#00294f","band":0,"off":[0,1.1]}},{"type":"Feature","geometry":{"type":"Point","coordinates":[16.468313,48.233016]},"properties":{"name":"Hirschstetten","band":0,"modes":"bus","arr":["95B"],"off":[0,-0.8]}},{"type":"Feature","geometry":{"type":"Point","coordinates":[16.468313,48.233016]},"properties":{"line":"95B","mode":"bus","color":"#0059a9","colorDark":"#00294f","band":0,"off":[0,1.1]}},{"type":"Feature","geometry":{"type":"Point","coordinates":[16.544263,48.219258]},"properties":{"name":"Eßling, Schippanisiedlung","band":0,"modes":"bus","arr":["98A"],"off":[0,-0.8]}},{"type":"Feature","geometry":{"type":"Point","coordinates":[16.544263,48.219258]},"properties":{"line":"98A","mode":"bus","color":"#0059a9","colorDark":"#00294f","band":0,"off":[0,1.1]}},{"type":"Feature","geometry":{"type":"Point","coordinates":[16.52627,48.214419]},"properties":{"name":"Eßling Schule","band":0,"modes":"bus","arr":["99A","99B"],"off":[0,-0.8]}},{"type":"Feature","geometry":{"type":"Point","coordinates":[16.52627,48.214419]},"properties":{"line":"99A","mode":"bus","color":"#0059a9","colorDark":"#00294f","band":0,"off":[-1.7,1.1]}},{"type":"Feature","geometry":{"type":"Point","coordinates":[16.52627,48.214419]},"properties":{"line":"99B","mode":"bus","color":"#0059a9","colorDark":"#00294f","band":0,"off":[1.7,1.1]}},{"type":"Feature","geometry":{"type":"Point","coordinates":[16.386602,48.291448]},"properties":{"name":"Strebersdorf Meriangasse","band":0,"modes":"tram,bus","arr":["26","27","N20"],"off":[0,-0.8]}},{"type":"Feature","geometry":{"type":"Point","coordinates":[16.386602,48.291448]},"properties":{"line":"26","mode":"tram","color":"#d6212b","colorDark":"#7c1116","band":0,"off":[-3.4,1.1]}},{"type":"Feature","geometry":{"type":"Point","coordinates":[16.386602,48.291448]},"properties":{"line":"27","mode":"tram","color":"#d6212b","colorDark":"#7c1116","band":0,"off":[0,1.1]}},{"type":"Feature","geometry":{"type":"Point","coordinates":[16.386602,48.291448]},"properties":{"line":"N20","mode":"bus","color":"#0059a9","colorDark":"#00294f","band":0,"off":[3.4,1.1]}},{"type":"Feature","geometry":{"type":"Point","coordinates":[16.420333,48.297912]},"properties":{"name":"Stammersdorf","band":0,"modes":"tram,bus","arr":["30","31","N31"],"off":[0,-0.8]}},{"type":"Feature","geometry":{"type":"Point","coordinates":[16.420333,48.297912]},"properties":{"line":"30","mode":"tram","color":"#d6212b","colorDark":"#7c1116","band":0,"off":[-3.4,1.1]}},{"type":"Feature","geometry":{"type":"Point","coordinates":[16.420333,48.297912]},"properties":{"line":"31","mode":"tram","color":"#d6212b","colorDark":"#7c1116","band":0,"off":[0,1.1]}},{"type":"Feature","geometry":{"type":"Point","coordinates":[16.420333,48.297912]},"properties":{"line":"N31","mode":"bus","color":"#0059a9","colorDark":"#00294f","band":0,"off":[3.4,1.1]}},{"type":"Feature","geometry":{"type":"Point","coordinates":[16.341886,48.255107]},"properties":{"name":"Grinzing","band":0,"modes":"tram,bus","arr":["38","N38"],"off":[0,-0.8]}},{"type":"Feature","geometry":{"type":"Point","coordinates":[16.341886,48.255107]},"properties":{"line":"38","mode":"tram","color":"#d6212b","colorDark":"#7c1116","band":0,"off":[-1.7,1.1]}},{"type":"Feature","geometry":{"type":"Point","coordinates":[16.341886,48.255107]},"properties":{"line":"N38","mode":"bus","color":"#0059a9","colorDark":"#00294f","band":0,"off":[1.7,1.1]}},{"type":"Feature","geometry":{"type":"Point","coordinates":[16.312105,48.199648]},"properties":{"name":"Hütteldorfer Straße","band":0,"modes":"bus","arr":["N49"],"off":[0,-0.8]}},{"type":"Feature","geometry":{"type":"Point","coordinates":[16.312105,48.199648]},"properties":{"line":"N49","mode":"bus","color":"#0059a9","colorDark":"#00294f","band":0,"off":[0,1.1]}},{"type":"Feature","geometry":{"type":"Point","coordinates":[16.338803,48.196776]},"properties":{"name":"Westbahnhof","band":0,"modes":"tram,bus","arr":["5","9","52","60","N54","N6"],"off":[0,-0.8]}},{"type":"Feature","geometry":{"type":"Point","coordinates":[16.338803,48.196776]},"properties":{"line":"5","mode":"tram","color":"#d6212b","colorDark":"#7c1116","band":0,"off":[-6.8,1.1]}},{"type":"Feature","geometry":{"type":"Point","coordinates":[16.338803,48.196776]},"properties":{"line":"9","mode":"tram","color":"#d6212b","colorDark":"#7c1116","band":0,"off":[-3.4,1.1]}},{"type":"Feature","geometry":{"type":"Point","coordinates":[16.338803,48.196776]},"properties":{"line":"52","mode":"tram","color":"#d6212b","colorDark":"#7c1116","band":0,"off":[0,1.1]}},{"type":"Feature","geometry":{"type":"Point","coordinates":[16.338803,48.196776]},"properties":{"line":"60","mode":"tram","color":"#d6212b","colorDark":"#7c1116","band":0,"off":[3.4,1.1]}},{"type":"Feature","geometry":{"type":"Point","coordinates":[16.338803,48.196776]},"properties":{"line":"N54","mode":"bus","color":"#0059a9","colorDark":"#00294f","band":0,"off":[6.8,1.1]}},{"type":"Feature","geometry":{"type":"Point","coordinates":[16.338803,48.196776]},"properties":{"line":"N6","mode":"bus","color":"#0059a9","colorDark":"#00294f","band":0,"off":[0,3.1]}},{"type":"Feature","geometry":{"type":"Point","coordinates":[16.26265,48.133037]},"properties":{"name":"Rodaun","band":0,"modes":"tram,bus","arr":["60","N60"],"off":[0,-0.8]}},{"type":"Feature","geometry":{"type":"Point","coordinates":[16.26265,48.133037]},"properties":{"line":"60","mode":"tram","color":"#d6212b","colorDark":"#7c1116","band":0,"off":[-1.7,1.1]}},{"type":"Feature","geometry":{"type":"Point","coordinates":[16.26265,48.133037]},"properties":{"line":"N60","mode":"bus","color":"#0059a9","colorDark":"#00294f","band":0,"off":[1.7,1.1]}},{"type":"Feature","geometry":{"type":"Point","coordinates":[16.238883,48.137946]},"properties":{"name":"Kalksburg Lodererweg","band":0,"modes":"bus","arr":["N61"],"off":[0,-0.8]}},{"type":"Feature","geometry":{"type":"Point","coordinates":[16.238883,48.137946]},"properties":{"line":"N61","mode":"bus","color":"#0059a9","colorDark":"#00294f","band":0,"off":[0,1.1]}},{"type":"Feature","geometry":{"type":"Point","coordinates":[16.417192,48.185254]},"properties":{"name":"Gasometer","band":0,"modes":"bus","arr":["N75"],"off":[0,-0.8]}},{"type":"Feature","geometry":{"type":"Point","coordinates":[16.417192,48.185254]},"properties":{"line":"N75","mode":"bus","color":"#0059a9","colorDark":"#00294f","band":0,"off":[0,1.1]}},{"type":"Feature","geometry":{"type":"Point","coordinates":[16.440657,48.153412]},"properties":{"name":"Zentralfriedhof 2.Tor","band":0,"modes":"bus","arr":["ZF"],"off":[0,-0.8]}},{"type":"Feature","geometry":{"type":"Point","coordinates":[16.440657,48.153412]},"properties":{"line":"ZF","mode":"bus","color":"#0059a9","colorDark":"#00294f","band":0,"off":[0,1.1]}},{"type":"Feature","geometry":{"type":"Point","coordinates":[16.4053,48.208883]},"properties":{"name":"Prater, Hauptallee","band":0,"modes":"tram","arr":["1"],"off":[0,-0.8]}},{"type":"Feature","geometry":{"type":"Point","coordinates":[16.4053,48.208883]},"properties":{"line":"1","mode":"tram","color":"#d6212b","colorDark":"#7c1116","band":0,"off":[0,1.1]}},{"type":"Feature","geometry":{"type":"Point","coordinates":[16.354604,48.16841]},"properties":{"name":"Stefan-Fadinger-Platz","band":0,"modes":"tram","arr":["1"],"off":[0,-0.8]}},{"type":"Feature","geometry":{"type":"Point","coordinates":[16.354604,48.16841]},"properties":{"line":"1","mode":"tram","color":"#d6212b","colorDark":"#7c1116","band":0,"off":[0,1.1]}},{"type":"Feature","geometry":{"type":"Point","coordinates":[16.38017,48.244087]},"properties":{"name":"Friedrich-Engels-Platz","band":0,"modes":"tram","arr":["2"],"off":[0,-0.8]}},{"type":"Feature","geometry":{"type":"Point","coordinates":[16.38017,48.244087]},"properties":{"line":"2","mode":"tram","color":"#d6212b","colorDark":"#7c1116","band":0,"off":[0,1.1]}},{"type":"Feature","geometry":{"type":"Point","coordinates":[16.337108,48.202024]},"properties":{"name":"Burggasse-Stadthalle","band":0,"modes":"tram","arr":["6","18"],"off":[0,-0.8]}},{"type":"Feature","geometry":{"type":"Point","coordinates":[16.337108,48.202024]},"properties":{"line":"6","mode":"tram","color":"#d6212b","colorDark":"#7c1116","band":0,"off":[-1.7,1.1]}},{"type":"Feature","geometry":{"type":"Point","coordinates":[16.337108,48.202024]},"properties":{"line":"18","mode":"tram","color":"#d6212b","colorDark":"#7c1116","band":0,"off":[1.7,1.1]}},{"type":"Feature","geometry":{"type":"Point","coordinates":[16.399359,48.175631]},"properties":{"name":"Geiereckstraße","band":0,"modes":"tram","arr":["6"],"off":[0,-0.8]}},{"type":"Feature","geometry":{"type":"Point","coordinates":[16.399359,48.175631]},"properties":{"line":"6","mode":"tram","color":"#d6212b","colorDark":"#7c1116","band":0,"off":[0,1.1]}},{"type":"Feature","geometry":{"type":"Point","coordinates":[16.326859,48.232079]},"properties":{"name":"Gersthof, Wallrißstraße","band":0,"modes":"tram","arr":["9"],"off":[0,-0.8]}},{"type":"Feature","geometry":{"type":"Point","coordinates":[16.326859,48.232079]},"properties":{"line":"9","mode":"tram","color":"#d6212b","colorDark":"#7c1116","band":0,"off":[0,1.1]}},{"type":"Feature","geometry":{"type":"Point","coordinates":[16.282035,48.185677]},"properties":{"name":"Unter St. Veit, Hummelgasse","band":0,"modes":"tram","arr":["10"],"off":[0,-0.8]}},{"type":"Feature","geometry":{"type":"Point","coordinates":[16.282035,48.185677]},"properties":{"line":"10","mode":"tram","color":"#d6212b","colorDark":"#7c1116","band":0,"off":[0,1.1]}},{"type":"Feature","geometry":{"type":"Point","coordinates":[16.349428,48.153894]},"properties":{"name":"Otto-Probst-Platz","band":0,"modes":"tram","arr":["11"],"off":[0,-0.8]}},{"type":"Feature","geometry":{"type":"Point","coordinates":[16.349428,48.153894]},"properties":{"line":"11","mode":"tram","color":"#d6212b","colorDark":"#7c1116","band":0,"off":[0,1.1]}},{"type":"Feature","geometry":{"type":"Point","coordinates":[16.40741,48.220846]},"properties":{"name":"Hillerstraße","band":0,"modes":"tram","arr":["12"],"off":[0,-0.8]}},{"type":"Feature","geometry":{"type":"Point","coordinates":[16.40741,48.220846]},"properties":{"line":"12","mode":"tram","color":"#d6212b","colorDark":"#7c1116","band":0,"off":[0,1.1]}},{"type":"Feature","geometry":{"type":"Point","coordinates":[16.39292,48.228688]},"properties":{"name":"Bruno-Marek-Allee","band":0,"modes":"tram","arr":["O"],"off":[0,-0.8]}},{"type":"Feature","geometry":{"type":"Point","coordinates":[16.39292,48.228688]},"properties":{"line":"O","mode":"tram","color":"#d6212b","colorDark":"#7c1116","band":0,"off":[0,1.1]}},{"type":"Feature","geometry":{"type":"Point","coordinates":[16.339523,48.211722]},"properties":{"name":"Josefstädter Straße","band":0,"modes":"tram","arr":["12","46"],"off":[0,-0.8]}},{"type":"Feature","geometry":{"type":"Point","coordinates":[16.339523,48.211722]},"properties":{"line":"12","mode":"tram","color":"#d6212b","colorDark":"#7c1116","band":0,"off":[-1.7,1.1]}},{"type":"Feature","geometry":{"type":"Point","coordinates":[16.339523,48.211722]},"properties":{"line":"46","mode":"tram","color":"#d6212b","colorDark":"#7c1116","band":0,"off":[1.7,1.1]}},{"type":"Feature","geometry":{"type":"Point","coordinates":[16.317193,48.232466]},"properties":{"name":"Gersthof, Herbeckstraße","band":0,"modes":"tram","arr":["37","40"],"off":[0,-0.8]}},{"type":"Feature","geometry":{"type":"Point","coordinates":[16.317193,48.232466]},"properties":{"line":"37","mode":"tram","color":"#d6212b","colorDark":"#7c1116","band":0,"off":[-1.7,1.1]}},{"type":"Feature","geometry":{"type":"Point","coordinates":[16.317193,48.232466]},"properties":{"line":"40","mode":"tram","color":"#d6212b","colorDark":"#7c1116","band":0,"off":[1.7,1.1]}},{"type":"Feature","geometry":{"type":"Point","coordinates":[16.329972,48.225852]},"properties":{"name":"Antonigasse","band":0,"modes":"tram","arr":["42"],"off":[0,-0.8]}},{"type":"Feature","geometry":{"type":"Point","coordinates":[16.329972,48.225852]},"properties":{"line":"42","mode":"tram","color":"#d6212b","colorDark":"#7c1116","band":0,"off":[0,1.1]}},{"type":"Feature","geometry":{"type":"Point","coordinates":[16.305761,48.214381]},"properties":{"name":"Maroltingergasse","band":0,"modes":"tram","arr":["44"],"off":[0,-0.8]}},{"type":"Feature","geometry":{"type":"Point","coordinates":[16.305761,48.214381]},"properties":{"line":"44","mode":"tram","color":"#d6212b","colorDark":"#7c1116","band":0,"off":[0,1.1]}},{"type":"Feature","geometry":{"type":"Point","coordinates":[16.255919,48.20267]},"properties":{"name":"Hütteldorf, Bujattigasse","band":0,"modes":"tram","arr":["49"],"off":[0,-0.8]}},{"type":"Feature","geometry":{"type":"Point","coordinates":[16.255919,48.20267]},"properties":{"line":"49","mode":"tram","color":"#d6212b","colorDark":"#7c1116","band":0,"off":[0,1.1]}},{"type":"Feature","geometry":{"type":"Point","coordinates":[16.271166,48.199104]},"properties":{"name":"Baumgarten","band":0,"modes":"tram","arr":["52"],"off":[0,-0.8]}},{"type":"Feature","geometry":{"type":"Point","coordinates":[16.271166,48.199104]},"properties":{"line":"52","mode":"tram","color":"#d6212b","colorDark":"#7c1116","band":0,"off":[0,1.1]}},{"type":"Feature","geometry":{"type":"Point","coordinates":[16.274025,48.175394]},"properties":{"name":"Lainz, Wolkersbergenstraße","band":0,"modes":"tram","arr":["62"],"off":[0,-0.8]}},{"type":"Feature","geometry":{"type":"Point","coordinates":[16.274025,48.175394]},"properties":{"line":"62","mode":"tram","color":"#d6212b","colorDark":"#7c1116","band":0,"off":[0,1.1]}},{"type":"Feature","geometry":{"type":"Point","coordinates":[16.370524,48.203204]},"properties":{"name":"Oper","band":0,"modes":"tram","arr":["BB"],"off":[0,-0.8]}},{"type":"Feature","geometry":{"type":"Point","coordinates":[16.370524,48.203204]},"properties":{"line":"BB","mode":"tram","color":"#d6212b","colorDark":"#7c1116","band":0,"off":[0,1.1]}},{"type":"Feature","geometry":{"type":"Point","coordinates":[16.23369,48.005971]},"properties":{"name":"Baden Josefsplatz","band":0,"modes":"tram","arr":["BB"],"off":[0,-0.8]}},{"type":"Feature","geometry":{"type":"Point","coordinates":[16.23369,48.005971]},"properties":{"line":"BB","mode":"tram","color":"#d6212b","colorDark":"#7c1116","band":0,"off":[0,1.1]}},{"type":"Feature","geometry":{"type":"Point","coordinates":[16.390383,48.176481]},"properties":{"name":"Absberggasse","band":0,"modes":"tram","arr":["D"],"off":[0,-0.8]}},{"type":"Feature","geometry":{"type":"Point","coordinates":[16.390383,48.176481]},"properties":{"line":"D","mode":"tram","color":"#d6212b","colorDark":"#7c1116","band":0,"off":[0,1.1]}},{"type":"Feature","geometry":{"type":"Point","coordinates":[16.364403,48.166785]},"properties":{"name":"Raxstraße","band":0,"modes":"tram","arr":["O"],"off":[0,-0.8]}},{"type":"Feature","geometry":{"type":"Point","coordinates":[16.364403,48.166785]},"properties":{"line":"O","mode":"tram","color":"#d6212b","colorDark":"#7c1116","band":0,"off":[0,1.1]}},{"type":"Feature","geometry":{"type":"Point","coordinates":[16.365199,48.248804]},"properties":{"name":"Heiligenstadt","band":1,"modes":"bus,metro","arr":["10A","11A","38A","39A","5B","U4"],"off":[0,-0.8]}},{"type":"Feature","geometry":{"type":"Point","coordinates":[16.365199,48.248804]},"properties":{"line":"10A","mode":"bus","color":"#0059a9","colorDark":"#00294f","band":1,"off":[-6.8,1.1]}},{"type":"Feature","geometry":{"type":"Point","coordinates":[16.365199,48.248804]},"properties":{"line":"11A","mode":"bus","color":"#0059a9","colorDark":"#00294f","band":1,"off":[-3.4,1.1]}},{"type":"Feature","geometry":{"type":"Point","coordinates":[16.365199,48.248804]},"properties":{"line":"38A","mode":"bus","color":"#0059a9","colorDark":"#00294f","band":1,"off":[0,1.1]}},{"type":"Feature","geometry":{"type":"Point","coordinates":[16.365199,48.248804]},"properties":{"line":"39A","mode":"bus","color":"#0059a9","colorDark":"#00294f","band":1,"off":[3.4,1.1]}},{"type":"Feature","geometry":{"type":"Point","coordinates":[16.365199,48.248804]},"properties":{"line":"5B","mode":"bus","color":"#0059a9","colorDark":"#00294f","band":1,"off":[6.8,1.1]}},{"type":"Feature","geometry":{"type":"Point","coordinates":[16.365199,48.248804]},"properties":{"line":"U4","mode":"tram","color":"#319F49","colorDark":"#1b5728","band":1,"metro":1,"off":[0,3.1]}},{"type":"Feature","geometry":{"type":"Point","coordinates":[16.330675,48.181346]},"properties":{"name":"Niederhofstraße","band":1,"modes":"bus","arr":["10A"],"off":[0,-0.8]}},{"type":"Feature","geometry":{"type":"Point","coordinates":[16.330675,48.181346]},"properties":{"line":"10A","mode":"bus","color":"#0059a9","colorDark":"#00294f","band":1,"off":[0,1.1]}},{"type":"Feature","geometry":{"type":"Point","coordinates":[16.421405,48.210962]},"properties":{"name":"Stadion","band":1,"modes":"bus","arr":["11A"],"off":[0,-0.8]}},{"type":"Feature","geometry":{"type":"Point","coordinates":[16.421405,48.210962]},"properties":{"line":"11A","mode":"bus","color":"#0059a9","colorDark":"#00294f","band":1,"off":[0,1.1]}},{"type":"Feature","geometry":{"type":"Point","coordinates":[16.383929,48.241121]},"properties":{"name":"Handelskai","band":1,"modes":"bus","arr":["N8"],"off":[0,-0.8]}},{"type":"Feature","geometry":{"type":"Point","coordinates":[16.383929,48.241121]},"properties":{"line":"N8","mode":"bus","color":"#0059a9","colorDark":"#00294f","band":1,"off":[0,1.1]}},{"type":"Feature","geometry":{"type":"Point","coordinates":[16.315274,48.206833]},"properties":{"name":"Schmelz, Gablenzgasse","band":1,"modes":"bus","arr":["12A"],"off":[0,-0.8]}},{"type":"Feature","geometry":{"type":"Point","coordinates":[16.315274,48.206833]},"properties":{"line":"12A","mode":"bus","color":"#0059a9","colorDark":"#00294f","band":1,"off":[0,1.1]}},{"type":"Feature","geometry":{"type":"Point","coordinates":[16.350214,48.181464]},"properties":{"name":"Eichenstraße","band":1,"modes":"bus","arr":["12A"],"off":[0,-0.8]}},{"type":"Feature","geometry":{"type":"Point","coordinates":[16.350214,48.181464]},"properties":{"line":"12A","mode":"bus","color":"#0059a9","colorDark":"#00294f","band":1,"off":[0,1.1]}},{"type":"Feature","geometry":{"type":"Point","coordinates":[16.348651,48.214861]},"properties":{"name":"Skodagasse","band":1,"modes":"bus","arr":["13A"],"off":[0,-0.8]}},{"type":"Feature","geometry":{"type":"Point","coordinates":[16.348651,48.214861]},"properties":{"line":"13A","mode":"bus","color":"#0059a9","colorDark":"#00294f","band":1,"off":[0,1.1]}},{"type":"Feature","geometry":{"type":"Point","coordinates":[16.375474,48.186139]},"properties":{"name":"Hauptbahnhof","band":1,"modes":"bus","arr":["13A","69A"],"off":[0,-0.8]}},{"type":"Feature","geometry":{"type":"Point","coordinates":[16.375474,48.186139]},"properties":{"line":"13A","mode":"bus","color":"#0059a9","colorDark":"#00294f","band":1,"off":[-1.7,1.1]}},{"type":"Feature","geometry":{"type":"Point","coordinates":[16.375474,48.186139]},"properties":{"line":"69A","mode":"bus","color":"#0059a9","colorDark":"#00294f","band":1,"off":[1.7,1.1]}},{"type":"Feature","geometry":{"type":"Point","coordinates":[16.350877,48.198109]},"properties":{"name":"Neubaugasse","band":1,"modes":"bus","arr":["14A"],"off":[0,-0.8]}},{"type":"Feature","geometry":{"type":"Point","coordinates":[16.350877,48.198109]},"properties":{"line":"14A","mode":"bus","color":"#0059a9","colorDark":"#00294f","band":1,"off":[0,1.1]}},{"type":"Feature","geometry":{"type":"Point","coordinates":[16.37879,48.175485]},"properties":{"name":"Reumannplatz","band":1,"modes":"bus","arr":["14A","68A","68B"],"off":[0,-0.8]}},{"type":"Feature","geometry":{"type":"Point","coordinates":[16.37879,48.175485]},"properties":{"line":"14A","mode":"bus","color":"#0059a9","colorDark":"#00294f","band":1,"off":[-3.4,1.1]}},{"type":"Feature","geometry":{"type":"Point","coordinates":[16.37879,48.175485]},"properties":{"line":"68A","mode":"bus","color":"#0059a9","colorDark":"#00294f","band":1,"off":[0,1.1]}},{"type":"Feature","geometry":{"type":"Point","coordinates":[16.37879,48.175485]},"properties":{"line":"68B","mode":"bus","color":"#0059a9","colorDark":"#00294f","band":1,"off":[3.4,1.1]}},{"type":"Feature","geometry":{"type":"Point","coordinates":[16.331972,48.172534]},"properties":{"name":"Meidling, Schedifkaplatz","band":1,"modes":"bus","arr":["15A","7B"],"off":[0,-0.8]}},{"type":"Feature","geometry":{"type":"Point","coordinates":[16.331972,48.172534]},"properties":{"line":"15A","mode":"bus","color":"#0059a9","colorDark":"#00294f","band":1,"off":[-1.7,1.1]}},{"type":"Feature","geometry":{"type":"Point","coordinates":[16.331972,48.172534]},"properties":{"line":"7B","mode":"bus","color":"#0059a9","colorDark":"#00294f","band":1,"off":[1.7,1.1]}},{"type":"Feature","geometry":{"type":"Point","coordinates":[16.415962,48.173959]},"properties":{"name":"Enkplatz","band":1,"modes":"bus","arr":["15A","76A","76B","N6"],"off":[0,-0.8]}},{"type":"Feature","geometry":{"type":"Point","coordinates":[16.415962,48.173959]},"properties":{"line":"15A","mode":"bus","color":"#0059a9","colorDark":"#00294f","band":1,"off":[-5.1,1.1]}},{"type":"Feature","geometry":{"type":"Point","coordinates":[16.415962,48.173959]},"properties":{"line":"76A","mode":"bus","color":"#0059a9","colorDark":"#00294f","band":1,"off":[-1.7,1.1]}},{"type":"Feature","geometry":{"type":"Point","coordinates":[16.415962,48.173959]},"properties":{"line":"76B","mode":"bus","color":"#0059a9","colorDark":"#00294f","band":1,"off":[1.7,1.1]}},{"type":"Feature","geometry":{"type":"Point","coordinates":[16.415962,48.173959]},"properties":{"line":"N6","mode":"bus","color":"#0059a9","colorDark":"#00294f","band":1,"off":[5.1,1.1]}},{"type":"Feature","geometry":{"type":"Point","coordinates":[16.383569,48.160858]},"properties":{"name":"Altes Landgut","band":1,"modes":"bus","arr":["N67"],"off":[0,-0.8]}},{"type":"Feature","geometry":{"type":"Point","coordinates":[16.383569,48.160858]},"properties":{"line":"N67","mode":"bus","color":"#0059a9","colorDark":"#00294f","band":1,"off":[0,1.1]}},{"type":"Feature","geometry":{"type":"Point","coordinates":[16.344783,48.169967]},"properties":{"name":"Gesundheitszentrum Süd","band":1,"modes":"bus","arr":["63A"],"off":[0,-0.8]}},{"type":"Feature","geometry":{"type":"Point","coordinates":[16.344783,48.169967]},"properties":{"line":"63A","mode":"bus","color":"#0059a9","colorDark":"#00294f","band":1,"off":[0,1.1]}},{"type":"Feature","geometry":{"type":"Point","coordinates":[16.314441,48.165826]},"properties":{"name":"Hetzendorf","band":1,"modes":"bus","arr":["16A","64B"],"off":[0,-0.8]}},{"type":"Feature","geometry":{"type":"Point","coordinates":[16.314441,48.165826]},"properties":{"line":"16A","mode":"bus","color":"#0059a9","colorDark":"#00294f","band":1,"off":[-1.7,1.1]}},{"type":"Feature","geometry":{"type":"Point","coordinates":[16.314441,48.165826]},"properties":{"line":"64B","mode":"bus","color":"#0059a9","colorDark":"#00294f","band":1,"off":[1.7,1.1]}},{"type":"Feature","geometry":{"type":"Point","coordinates":[16.383866,48.152845]},"properties":{"name":"Alaudagasse","band":1,"modes":"bus","arr":["16A","19A","67A","67B","N17"],"off":[0,-0.8]}},{"type":"Feature","geometry":{"type":"Point","coordinates":[16.383866,48.152845]},"properties":{"name":"Ada-Christen-Gasse","band":1,"modes":"bus","arr":["16A","19A","67A","67B","N17"],"off":[0,-1.9]}},{"type":"Feature","geometry":{"type":"Point","coordinates":[16.383866,48.152845]},"properties":{"line":"16A","mode":"bus","color":"#0059a9","colorDark":"#00294f","band":1,"off":[-6.8,1.1]}},{"type":"Feature","geometry":{"type":"Point","coordinates":[16.383866,48.152845]},"properties":{"line":"19A","mode":"bus","color":"#0059a9","colorDark":"#00294f","band":1,"off":[-3.4,1.1]}},{"type":"Feature","geometry":{"type":"Point","coordinates":[16.383866,48.152845]},"properties":{"line":"67A","mode":"bus","color":"#0059a9","colorDark":"#00294f","band":1,"off":[0,1.1]}},{"type":"Feature","geometry":{"type":"Point","coordinates":[16.383866,48.152845]},"properties":{"line":"67B","mode":"bus","color":"#0059a9","colorDark":"#00294f","band":1,"off":[3.4,1.1]}},{"type":"Feature","geometry":{"type":"Point","coordinates":[16.383866,48.152845]},"properties":{"line":"N17","mode":"bus","color":"#0059a9","colorDark":"#00294f","band":1,"off":[6.8,1.1]}},{"type":"Feature","geometry":{"type":"Point","coordinates":[16.351496,48.136697]},"properties":{"name":"Inzersdorf, Birostraße","band":1,"modes":"bus","arr":["17A"],"off":[0,-0.8]}},{"type":"Feature","geometry":{"type":"Point","coordinates":[16.351496,48.136697]},"properties":{"line":"17A","mode":"bus","color":"#0059a9","colorDark":"#00294f","band":1,"off":[0,1.1]}},{"type":"Feature","geometry":{"type":"Point","coordinates":[16.399283,48.142892]},"properties":{"name":"Oberlaa","band":1,"modes":"bus,metro","arr":["17A","68B","70A","N68","U1"],"off":[0,-0.8]}},{"type":"Feature","geometry":{"type":"Point","coordinates":[16.399283,48.142892]},"properties":{"line":"17A","mode":"bus","color":"#0059a9","colorDark":"#00294f","band":1,"off":[-6.8,1.1]}},{"type":"Feature","geometry":{"type":"Point","coordinates":[16.399283,48.142892]},"properties":{"line":"68B","mode":"bus","color":"#0059a9","colorDark":"#00294f","band":1,"off":[-3.4,1.1]}},{"type":"Feature","geometry":{"type":"Point","coordinates":[16.399283,48.142892]},"properties":{"line":"70A","mode":"bus","color":"#0059a9","colorDark":"#00294f","band":1,"off":[0,1.1]}},{"type":"Feature","geometry":{"type":"Point","coordinates":[16.399283,48.142892]},"properties":{"line":"N68","mode":"bus","color":"#0059a9","colorDark":"#00294f","band":1,"off":[3.4,1.1]}},{"type":"Feature","geometry":{"type":"Point","coordinates":[16.399283,48.142892]},"properties":{"line":"U1","mode":"tram","color":"#E3000F","colorDark":"#7d0008","band":1,"metro":1,"off":[6.8,1.1]}},{"type":"Feature","geometry":{"type":"Point","coordinates":[16.372554,48.209309]},"properties":{"name":"Stephansplatz","band":1,"modes":"bus","arr":["1A"],"off":[0,-0.8]}},{"type":"Feature","geometry":{"type":"Point","coordinates":[16.372554,48.209309]},"properties":{"line":"1A","mode":"bus","color":"#0059a9","colorDark":"#00294f","band":1,"off":[0,1.1]}},{"type":"Feature","geometry":{"type":"Point","coordinates":[16.362424,48.213748]},"properties":{"name":"Schottentor","band":1,"modes":"bus,tram","arr":["1A","37","38","40","41","42","43","44","N38","N41","N43"],"off":[0,-0.8]}},{"type":"Feature","geometry":{"type":"Point","coordinates":[16.362424,48.213748]},"properties":{"line":"1A","mode":"bus","color":"#0059a9","colorDark":"#00294f","band":1,"off":[-6.8,1.1]}},{"type":"Feature","geometry":{"type":"Point","coordinates":[16.362424,48.213748]},"properties":{"line":"37","mode":"tram","color":"#d6212b","colorDark":"#7c1116","band":1,"off":[-3.4,1.1]}},{"type":"Feature","geometry":{"type":"Point","coordinates":[16.362424,48.213748]},"properties":{"line":"38","mode":"tram","color":"#d6212b","colorDark":"#7c1116","band":1,"off":[0,1.1]}},{"type":"Feature","geometry":{"type":"Point","coordinates":[16.362424,48.213748]},"properties":{"line":"40","mode":"tram","color":"#d6212b","colorDark":"#7c1116","band":1,"off":[3.4,1.1]}},{"type":"Feature","geometry":{"type":"Point","coordinates":[16.362424,48.213748]},"properties":{"line":"41","mode":"tram","color":"#d6212b","colorDark":"#7c1116","band":1,"off":[6.8,1.1]}},{"type":"Feature","geometry":{"type":"Point","coordinates":[16.362424,48.213748]},"properties":{"line":"42","mode":"tram","color":"#d6212b","colorDark":"#7c1116","band":1,"off":[-6.8,3.1]}},{"type":"Feature","geometry":{"type":"Point","coordinates":[16.362424,48.213748]},"properties":{"line":"43","mode":"tram","color":"#d6212b","colorDark":"#7c1116","band":1,"off":[-3.4,3.1]}},{"type":"Feature","geometry":{"type":"Point","coordinates":[16.362424,48.213748]},"properties":{"line":"44","mode":"tram","color":"#d6212b","colorDark":"#7c1116","band":1,"off":[0,3.1]}},{"type":"Feature","geometry":{"type":"Point","coordinates":[16.362424,48.213748]},"properties":{"line":"N38","mode":"bus","color":"#0059a9","colorDark":"#00294f","band":1,"off":[3.4,3.1]}},{"type":"Feature","geometry":{"type":"Point","coordinates":[16.362424,48.213748]},"properties":{"line":"N41","mode":"bus","color":"#0059a9","colorDark":"#00294f","band":1,"off":[6.8,3.1]}},{"type":"Feature","geometry":{"type":"Point","coordinates":[16.362424,48.213748]},"properties":{"line":"N43","mode":"bus","color":"#0059a9","colorDark":"#00294f","band":1,"off":[0,5.1]}},{"type":"Feature","geometry":{"type":"Point","coordinates":[16.415603,48.232789]},"properties":{"name":"Kaisermühlen-VIC","band":1,"modes":"bus","arr":["20A","92A","92B","N90"],"off":[0,-0.8]}},{"type":"Feature","geometry":{"type":"Point","coordinates":[16.415603,48.232789]},"properties":{"line":"20A","mode":"bus","color":"#0059a9","colorDark":"#00294f","band":1,"off":[-5.1,1.1]}},{"type":"Feature","geometry":{"type":"Point","coordinates":[16.415603,48.232789]},"properties":{"line":"92A","mode":"bus","color":"#0059a9","colorDark":"#00294f","band":1,"off":[-1.7,1.1]}},{"type":"Feature","geometry":{"type":"Point","coordinates":[16.415603,48.232789]},"properties":{"line":"92B","mode":"bus","color":"#0059a9","colorDark":"#00294f","band":1,"off":[1.7,1.1]}},{"type":"Feature","geometry":{"type":"Point","coordinates":[16.415603,48.232789]},"properties":{"line":"N90","mode":"bus","color":"#0059a9","colorDark":"#00294f","band":1,"off":[5.1,1.1]}},{"type":"Feature","geometry":{"type":"Point","coordinates":[16.395151,48.246473]},"properties":{"name":"Neue Donau","band":1,"modes":"bus","arr":["20A","20B"],"off":[0,-0.8]}},{"type":"Feature","geometry":{"type":"Point","coordinates":[16.395151,48.246473]},"properties":{"line":"20A","mode":"bus","color":"#0059a9","colorDark":"#00294f","band":1,"off":[-1.7,1.1]}},{"type":"Feature","geometry":{"type":"Point","coordinates":[16.395151,48.246473]},"properties":{"line":"20B","mode":"bus","color":"#0059a9","colorDark":"#00294f","band":1,"off":[1.7,1.1]}},{"type":"Feature","geometry":{"type":"Point","coordinates":[16.423737,48.238013]},"properties":{"name":"Alte Donau","band":1,"modes":"bus","arr":["20B"],"off":[0,-0.8]}},{"type":"Feature","geometry":{"type":"Point","coordinates":[16.423737,48.238013]},"properties":{"line":"20B","mode":"bus","color":"#0059a9","colorDark":"#00294f","band":1,"off":[0,1.1]}},{"type":"Feature","geometry":{"type":"Point","coordinates":[16.443287,48.250587]},"properties":{"name":"Kagraner Platz","band":1,"modes":"bus","arr":["22A","24A","31A","N23","N24"],"off":[0,-0.8]}},{"type":"Feature","geometry":{"type":"Point","coordinates":[16.443287,48.250587]},"properties":{"line":"22A","mode":"bus","color":"#0059a9","colorDark":"#00294f","band":1,"off":[-6.8,1.1]}},{"type":"Feature","geometry":{"type":"Point","coordinates":[16.443287,48.250587]},"properties":{"line":"24A","mode":"bus","color":"#0059a9","colorDark":"#00294f","band":1,"off":[-3.4,1.1]}},{"type":"Feature","geometry":{"type":"Point","coordinates":[16.443287,48.250587]},"properties":{"line":"31A","mode":"bus","color":"#0059a9","colorDark":"#00294f","band":1,"off":[0,1.1]}},{"type":"Feature","geometry":{"type":"Point","coordinates":[16.443287,48.250587]},"properties":{"line":"N23","mode":"bus","color":"#0059a9","colorDark":"#00294f","band":1,"off":[3.4,1.1]}},{"type":"Feature","geometry":{"type":"Point","coordinates":[16.443287,48.250587]},"properties":{"line":"N24","mode":"bus","color":"#0059a9","colorDark":"#00294f","band":1,"off":[6.8,1.1]}},{"type":"Feature","geometry":{"type":"Point","coordinates":[16.475509,48.222962]},"properties":{"name":"Aspernstraße","band":1,"modes":"bus","arr":["22A","84A","93A","97A","98A"],"off":[0,-0.8]}},{"type":"Feature","geometry":{"type":"Point","coordinates":[16.475509,48.222962]},"properties":{"line":"22A","mode":"bus","color":"#0059a9","colorDark":"#00294f","band":1,"off":[-6.8,1.1]}},{"type":"Feature","geometry":{"type":"Point","coordinates":[16.475509,48.222962]},"properties":{"line":"84A","mode":"bus","color":"#0059a9","colorDark":"#00294f","band":1,"off":[-3.4,1.1]}},{"type":"Feature","geometry":{"type":"Point","coordinates":[16.475509,48.222962]},"properties":{"line":"93A","mode":"bus","color":"#0059a9","colorDark":"#00294f","band":1,"off":[0,1.1]}},{"type":"Feature","geometry":{"type":"Point","coordinates":[16.475509,48.222962]},"properties":{"line":"97A","mode":"bus","color":"#0059a9","colorDark":"#00294f","band":1,"off":[3.4,1.1]}},{"type":"Feature","geometry":{"type":"Point","coordinates":[16.475509,48.222962]},"properties":{"line":"98A","mode":"bus","color":"#0059a9","colorDark":"#00294f","band":1,"off":[6.8,1.1]}},{"type":"Feature","geometry":{"type":"Point","coordinates":[16.479496,48.251459]},"properties":{"name":"Breitenlee, Arnikaweg","band":1,"modes":"bus","arr":["86A"],"off":[0,-0.8]}},{"type":"Feature","geometry":{"type":"Point","coordinates":[16.479496,48.251459]},"properties":{"line":"86A","mode":"bus","color":"#0059a9","colorDark":"#00294f","band":1,"off":[0,1.1]}},{"type":"Feature","geometry":{"type":"Point","coordinates":[16.532176,48.249384]},"properties":{"name":"Neueßling","band":1,"modes":"bus","arr":["24A"],"off":[0,-0.8]}},{"type":"Feature","geometry":{"type":"Point","coordinates":[16.532176,48.249384]},"properties":{"line":"24A","mode":"bus","color":"#0059a9","colorDark":"#00294f","band":1,"off":[0,1.1]}},{"type":"Feature","geometry":{"type":"Point","coordinates":[16.450177,48.257263]},"properties":{"name":"Rennbahnweg U","band":1,"modes":"bus","arr":["25A"],"off":[0,-0.8]}},{"type":"Feature","geometry":{"type":"Point","coordinates":[16.450177,48.257263]},"properties":{"line":"25A","mode":"bus","color":"#0059a9","colorDark":"#00294f","band":1,"off":[0,1.1]}},{"type":"Feature","geometry":{"type":"Point","coordinates":[16.495924,48.277259]},"properties":{"name":"Süßenbrunner Platz","band":1,"modes":"bus","arr":["25A","25B"],"off":[0,-0.8]}},{"type":"Feature","geometry":{"type":"Point","coordinates":[16.495924,48.277259]},"properties":{"line":"25A","mode":"bus","color":"#0059a9","colorDark":"#00294f","band":1,"off":[-1.7,1.1]}},{"type":"Feature","geometry":{"type":"Point","coordinates":[16.495924,48.277259]},"properties":{"line":"25B","mode":"bus","color":"#0059a9","colorDark":"#00294f","band":1,"off":[1.7,1.1]}},{"type":"Feature","geometry":{"type":"Point","coordinates":[16.484691,48.285042]},"properties":{"name":"Süßenbrunn","band":1,"modes":"bus","arr":["25B"],"off":[0,-0.8]}},{"type":"Feature","geometry":{"type":"Point","coordinates":[16.484691,48.285042]},"properties":{"line":"25B","mode":"bus","color":"#0059a9","colorDark":"#00294f","band":1,"off":[0,1.1]}},{"type":"Feature","geometry":{"type":"Point","coordinates":[16.433783,48.2433]},"properties":{"name":"Kagran","band":1,"modes":"bus","arr":["26A","27A","27B","93A","94A"],"off":[0,-0.8]}},{"type":"Feature","geometry":{"type":"Point","coordinates":[16.433783,48.2433]},"properties":{"line":"26A","mode":"bus","color":"#0059a9","colorDark":"#00294f","band":1,"off":[-6.8,1.1]}},{"type":"Feature","geometry":{"type":"Point","coordinates":[16.433783,48.2433]},"properties":{"line":"27A","mode":"bus","color":"#0059a9","colorDark":"#00294f","band":1,"off":[-3.4,1.1]}},{"type":"Feature","geometry":{"type":"Point","coordinates":[16.433783,48.2433]},"properties":{"line":"27B","mode":"bus","color":"#0059a9","colorDark":"#00294f","band":1,"off":[0,1.1]}},{"type":"Feature","geometry":{"type":"Point","coordinates":[16.433783,48.2433]},"properties":{"line":"93A","mode":"bus","color":"#0059a9","colorDark":"#00294f","band":1,"off":[3.4,1.1]}},{"type":"Feature","geometry":{"type":"Point","coordinates":[16.433783,48.2433]},"properties":{"line":"94A","mode":"bus","color":"#0059a9","colorDark":"#00294f","band":1,"off":[6.8,1.1]}},{"type":"Feature","geometry":{"type":"Point","coordinates":[16.486565,48.217342]},"properties":{"name":"Zachgasse","band":1,"modes":"bus","arr":["92A","N84","N91"],"off":[0,-0.8]}},{"type":"Feature","geometry":{"type":"Point","coordinates":[16.486565,48.217342]},"properties":{"name":"Siegesplatz","band":1,"modes":"bus","arr":["92A","N84","N91"],"off":[0,-1.9]}},{"type":"Feature","geometry":{"type":"Point","coordinates":[16.486565,48.217342]},"properties":{"line":"92A","mode":"bus","color":"#0059a9","colorDark":"#00294f","band":1,"off":[-3.4,1.1]}},{"type":"Feature","geometry":{"type":"Point","coordinates":[16.486565,48.217342]},"properties":{"line":"N84","mode":"bus","color":"#0059a9","colorDark":"#00294f","band":1,"off":[0,1.1]}},{"type":"Feature","geometry":{"type":"Point","coordinates":[16.486565,48.217342]},"properties":{"line":"N91","mode":"bus","color":"#0059a9","colorDark":"#00294f","band":1,"off":[3.4,1.1]}},{"type":"Feature","geometry":{"type":"Point","coordinates":[16.54946,48.19984]},"properties":{"name":"Groß-Enzersdorf Busbahnhof","band":1,"modes":"bus","arr":["26A"],"off":[0,-0.8]}},{"type":"Feature","geometry":{"type":"Point","coordinates":[16.54946,48.19984]},"properties":{"line":"26A","mode":"bus","color":"#0059a9","colorDark":"#00294f","band":1,"off":[0,1.1]}},{"type":"Feature","geometry":{"type":"Point","coordinates":[16.539633,48.208566]},"properties":{"name":"Eßling, Stadtgrenze","band":1,"modes":"bus","arr":["88A","N20"],"off":[0,-0.8]}},{"type":"Feature","geometry":{"type":"Point","coordinates":[16.539633,48.208566]},"properties":{"line":"88A","mode":"bus","color":"#0059a9","colorDark":"#00294f","band":1,"off":[-1.7,1.1]}},{"type":"Feature","geometry":{"type":"Point","coordinates":[16.539633,48.208566]},"properties":{"line":"N20","mode":"bus","color":"#0059a9","colorDark":"#00294f","band":1,"off":[1.7,1.1]}},{"type":"Feature","geometry":{"type":"Point","coordinates":[16.436455,48.263078]},"properties":{"name":"Eipeldauer Straße","band":1,"modes":"bus","arr":["28A"],"off":[0,-0.8]}},{"type":"Feature","geometry":{"type":"Point","coordinates":[16.436455,48.263078]},"properties":{"line":"28A","mode":"bus","color":"#0059a9","colorDark":"#00294f","band":1,"off":[0,1.1]}},{"type":"Feature","geometry":{"type":"Point","coordinates":[16.474344,48.266956]},"properties":{"name":"Hermann-Gebauer-Straße","band":1,"modes":"bus","arr":["27A","87A"],"off":[0,-0.8]}},{"type":"Feature","geometry":{"type":"Point","coordinates":[16.474344,48.266956]},"properties":{"line":"27A","mode":"bus","color":"#0059a9","colorDark":"#00294f","band":1,"off":[-1.7,1.1]}},{"type":"Feature","geometry":{"type":"Point","coordinates":[16.474344,48.266956]},"properties":{"line":"87A","mode":"bus","color":"#0059a9","colorDark":"#00294f","band":1,"off":[1.7,1.1]}},{"type":"Feature","geometry":{"type":"Point","coordinates":[16.42645,48.257651]},"properties":{"name":"Satzingerweg","band":1,"modes":"bus","arr":["27B"],"off":[0,-0.8]}},{"type":"Feature","geometry":{"type":"Point","coordinates":[16.42645,48.257651]},"properties":{"line":"27B","mode":"bus","color":"#0059a9","colorDark":"#00294f","band":1,"off":[0,1.1]}},{"type":"Feature","geometry":{"type":"Point","coordinates":[16.501735,48.253003]},"properties":{"name":"Breitenlee Schule","band":1,"modes":"bus","arr":["28A","97A"],"off":[0,-0.8]}},{"type":"Feature","geometry":{"type":"Point","coordinates":[16.501735,48.253003]},"properties":{"line":"28A","mode":"bus","color":"#0059a9","colorDark":"#00294f","band":1,"off":[-1.7,1.1]}},{"type":"Feature","geometry":{"type":"Point","coordinates":[16.501735,48.253003]},"properties":{"line":"97A","mode":"bus","color":"#0059a9","colorDark":"#00294f","band":1,"off":[1.7,1.1]}},{"type":"Feature","geometry":{"type":"Point","coordinates":[16.399952,48.255905]},"properties":{"name":"Floridsdorf","band":1,"modes":"tram,bus,metro","arr":["25","26","29A","29B","30","33A","34A","N29","N30","U6"],"off":[0,-0.8]}},{"type":"Feature","geometry":{"type":"Point","coordinates":[16.399952,48.255905]},"properties":{"line":"25","mode":"tram","color":"#d6212b","colorDark":"#7c1116","band":1,"off":[-6.8,1.1]}},{"type":"Feature","geometry":{"type":"Point","coordinates":[16.399952,48.255905]},"properties":{"line":"26","mode":"tram","color":"#d6212b","colorDark":"#7c1116","band":1,"off":[-3.4,1.1]}},{"type":"Feature","geometry":{"type":"Point","coordinates":[16.399952,48.255905]},"properties":{"line":"29A","mode":"bus","color":"#0059a9","colorDark":"#00294f","band":1,"off":[0,1.1]}},{"type":"Feature","geometry":{"type":"Point","coordinates":[16.399952,48.255905]},"properties":{"line":"29B","mode":"bus","color":"#0059a9","colorDark":"#00294f","band":1,"off":[3.4,1.1]}},{"type":"Feature","geometry":{"type":"Point","coordinates":[16.399952,48.255905]},"properties":{"line":"30","mode":"tram","color":"#d6212b","colorDark":"#7c1116","band":1,"off":[6.8,1.1]}},{"type":"Feature","geometry":{"type":"Point","coordinates":[16.399952,48.255905]},"properties":{"line":"33A","mode":"bus","color":"#0059a9","colorDark":"#00294f","band":1,"off":[-6.8,3.1]}},{"type":"Feature","geometry":{"type":"Point","coordinates":[16.399952,48.255905]},"properties":{"line":"34A","mode":"bus","color":"#0059a9","colorDark":"#00294f","band":1,"off":[-3.4,3.1]}},{"type":"Feature","geometry":{"type":"Point","coordinates":[16.399952,48.255905]},"properties":{"line":"N29","mode":"bus","color":"#0059a9","colorDark":"#00294f","band":1,"off":[0,3.1]}},{"type":"Feature","geometry":{"type":"Point","coordinates":[16.399952,48.255905]},"properties":{"line":"N30","mode":"bus","color":"#0059a9","colorDark":"#00294f","band":1,"off":[3.4,3.1]}},{"type":"Feature","geometry":{"type":"Point","coordinates":[16.399952,48.255905]},"properties":{"line":"U6","mode":"tram","color":"#9D6830","colorDark":"#56391a","band":1,"metro":1,"off":[6.8,3.1]}},{"type":"Feature","geometry":{"type":"Point","coordinates":[16.447514,48.270264]},"properties":{"name":"Großfeldsiedlung","band":1,"modes":"bus","arr":["29A","29B","N25"],"off":[0,-0.8]}},{"type":"Feature","geometry":{"type":"Point","coordinates":[16.447514,48.270264]},"properties":{"line":"29A","mode":"bus","color":"#0059a9","colorDark":"#00294f","band":1,"off":[-3.4,1.1]}},{"type":"Feature","geometry":{"type":"Point","coordinates":[16.447514,48.270264]},"properties":{"line":"29B","mode":"bus","color":"#0059a9","colorDark":"#00294f","band":1,"off":[0,1.1]}},{"type":"Feature","geometry":{"type":"Point","coordinates":[16.447514,48.270264]},"properties":{"line":"N25","mode":"bus","color":"#0059a9","colorDark":"#00294f","band":1,"off":[3.4,1.1]}},{"type":"Feature","geometry":{"type":"Point","coordinates":[16.376266,48.211887]},"properties":{"name":"Schwedenplatz","band":1,"modes":"bus","arr":["2A","N25","N31"],"off":[0,-0.8]}},{"type":"Feature","geometry":{"type":"Point","coordinates":[16.376266,48.211887]},"properties":{"line":"2A","mode":"bus","color":"#0059a9","colorDark":"#00294f","band":1,"off":[-3.4,1.1]}},{"type":"Feature","geometry":{"type":"Point","coordinates":[16.376266,48.211887]},"properties":{"line":"N25","mode":"bus","color":"#0059a9","colorDark":"#00294f","band":1,"off":[0,1.1]}},{"type":"Feature","geometry":{"type":"Point","coordinates":[16.376266,48.211887]},"properties":{"line":"N31","mode":"bus","color":"#0059a9","colorDark":"#00294f","band":1,"off":[3.4,1.1]}},{"type":"Feature","geometry":{"type":"Point","coordinates":[16.370934,48.202515]},"properties":{"name":"Schwarzenbergplatz","band":1,"modes":"bus,tram","arr":["2A","59A","62","BB","N46","N62","N71","N75"],"off":[0,-0.8]}},{"type":"Feature","geometry":{"type":"Point","coordinates":[16.370934,48.202515]},"properties":{"name":"Oper/Karlsplatz","band":1,"modes":"bus,tram","arr":["2A","59A","62","BB","N46","N62","N71","N75"],"off":[0,-1.9]}},{"type":"Feature","geometry":{"type":"Point","coordinates":[16.370934,48.202515]},"properties":{"name":"Oper","band":1,"modes":"bus,tram","arr":["2A","59A","62","BB","N46","N62","N71","N75"],"off":[0,-3]}},{"type":"Feature","geometry":{"type":"Point","coordinates":[16.370934,48.202515]},"properties":{"line":"2A","mode":"bus","color":"#0059a9","colorDark":"#00294f","band":1,"off":[-6.8,1.1]}},{"type":"Feature","geometry":{"type":"Point","coordinates":[16.370934,48.202515]},"properties":{"line":"59A","mode":"bus","color":"#0059a9","colorDark":"#00294f","band":1,"off":[-3.4,1.1]}},{"type":"Feature","geometry":{"type":"Point","coordinates":[16.370934,48.202515]},"properties":{"line":"62","mode":"tram","color":"#d6212b","colorDark":"#7c1116","band":1,"off":[0,1.1]}},{"type":"Feature","geometry":{"type":"Point","coordinates":[16.370934,48.202515]},"properties":{"line":"BB","mode":"tram","color":"#d6212b","colorDark":"#7c1116","band":1,"off":[3.4,1.1]}},{"type":"Feature","geometry":{"type":"Point","coordinates":[16.370934,48.202515]},"properties":{"line":"N46","mode":"bus","color":"#0059a9","colorDark":"#00294f","band":1,"off":[6.8,1.1]}},{"type":"Feature","geometry":{"type":"Point","coordinates":[16.370934,48.202515]},"properties":{"line":"N62","mode":"bus","color":"#0059a9","colorDark":"#00294f","band":1,"off":[-3.4,3.1]}},{"type":"Feature","geometry":{"type":"Point","coordinates":[16.370934,48.202515]},"properties":{"line":"N71","mode":"bus","color":"#0059a9","colorDark":"#00294f","band":1,"off":[0,3.1]}},{"type":"Feature","geometry":{"type":"Point","coordinates":[16.370934,48.202515]},"properties":{"line":"N75","mode":"bus","color":"#0059a9","colorDark":"#00294f","band":1,"off":[3.4,3.1]}},{"type":"Feature","geometry":{"type":"Point","coordinates":[16.426301,48.272918]},"properties":{"name":"Neu Leopoldau","band":1,"modes":"bus","arr":["30A","N30"],"off":[0,-0.8]}},{"type":"Feature","geometry":{"type":"Point","coordinates":[16.426301,48.272918]},"properties":{"line":"30A","mode":"bus","color":"#0059a9","colorDark":"#00294f","band":1,"off":[-1.7,1.1]}},{"type":"Feature","geometry":{"type":"Point","coordinates":[16.426301,48.272918]},"properties":{"line":"N30","mode":"bus","color":"#0059a9","colorDark":"#00294f","band":1,"off":[1.7,1.1]}},{"type":"Feature","geometry":{"type":"Point","coordinates":[16.416145,48.301105]},"properties":{"name":"Freiheitsplatz","band":1,"modes":"bus","arr":["30A"],"off":[0,-0.8]}},{"type":"Feature","geometry":{"type":"Point","coordinates":[16.416145,48.301105]},"properties":{"line":"30A","mode":"bus","color":"#0059a9","colorDark":"#00294f","band":1,"off":[0,1.1]}},{"type":"Feature","geometry":{"type":"Point","coordinates":[16.401189,48.279874]},"properties":{"name":"Großjedlersdorf, Jochbergengasse","band":1,"modes":"bus","arr":["31A"],"off":[0,-0.8]}},{"type":"Feature","geometry":{"type":"Point","coordinates":[16.401189,48.279874]},"properties":{"line":"31A","mode":"bus","color":"#0059a9","colorDark":"#00294f","band":1,"off":[0,1.1]}},{"type":"Feature","geometry":{"type":"Point","coordinates":[16.450353,48.277618]},"properties":{"name":"Leopoldau","band":1,"modes":"bus,metro","arr":["32A","36B","U1"],"off":[0,-0.8]}},{"type":"Feature","geometry":{"type":"Point","coordinates":[16.450353,48.277618]},"properties":{"line":"32A","mode":"bus","color":"#0059a9","colorDark":"#00294f","band":1,"off":[-3.4,1.1]}},{"type":"Feature","geometry":{"type":"Point","coordinates":[16.450353,48.277618]},"properties":{"line":"36B","mode":"bus","color":"#0059a9","colorDark":"#00294f","band":1,"off":[0,1.1]}},{"type":"Feature","geometry":{"type":"Point","coordinates":[16.450353,48.277618]},"properties":{"line":"U1","mode":"tram","color":"#E3000F","colorDark":"#7d0008","band":1,"metro":1,"off":[3.4,1.1]}},{"type":"Feature","geometry":{"type":"Point","coordinates":[16.381373,48.286214]},"properties":{"name":"Strebersdorf","band":1,"modes":"bus","arr":["32A"],"off":[0,-0.8]}},{"type":"Feature","geometry":{"type":"Point","coordinates":[16.381373,48.286214]},"properties":{"line":"32A","mode":"bus","color":"#0059a9","colorDark":"#00294f","band":1,"off":[0,1.1]}},{"type":"Feature","geometry":{"type":"Point","coordinates":[16.410728,48.249197]},"properties":{"name":"Mühlschüttel","band":1,"modes":"bus","arr":["33A"],"off":[0,-0.8]}},{"type":"Feature","geometry":{"type":"Point","coordinates":[16.410728,48.249197]},"properties":{"line":"33A","mode":"bus","color":"#0059a9","colorDark":"#00294f","band":1,"off":[0,1.1]}},{"type":"Feature","geometry":{"type":"Point","coordinates":[16.38034,48.269449]},"properties":{"name":"Jedlesee, Überfuhrstraße","band":1,"modes":"bus","arr":["34A"],"off":[0,-0.8]}},{"type":"Feature","geometry":{"type":"Point","coordinates":[16.38034,48.269449]},"properties":{"line":"34A","mode":"bus","color":"#0059a9","colorDark":"#00294f","band":1,"off":[0,1.1]}},{"type":"Feature","geometry":{"type":"Point","coordinates":[16.357766,48.23304]},"properties":{"name":"Spittelau","band":1,"modes":"bus","arr":["35A","N35"],"off":[0,-0.8]}},{"type":"Feature","geometry":{"type":"Point","coordinates":[16.357766,48.23304]},"properties":{"line":"35A","mode":"bus","color":"#0059a9","colorDark":"#00294f","band":1,"off":[-1.7,1.1]}},{"type":"Feature","geometry":{"type":"Point","coordinates":[16.357766,48.23304]},"properties":{"line":"N35","mode":"bus","color":"#0059a9","colorDark":"#00294f","band":1,"off":[1.7,1.1]}},{"type":"Feature","geometry":{"type":"Point","coordinates":[16.293437,48.252137]},"properties":{"name":"Salmannsdorf","band":1,"modes":"bus","arr":["35A","N35"],"off":[0,-0.8]}},{"type":"Feature","geometry":{"type":"Point","coordinates":[16.293437,48.252137]},"properties":{"line":"35A","mode":"bus","color":"#0059a9","colorDark":"#00294f","band":1,"off":[-1.7,1.1]}},{"type":"Feature","geometry":{"type":"Point","coordinates":[16.293437,48.252137]},"properties":{"line":"N35","mode":"bus","color":"#0059a9","colorDark":"#00294f","band":1,"off":[1.7,1.1]}},{"type":"Feature","geometry":{"type":"Point","coordinates":[16.306665,48.250522]},"properties":{"name":"Neustift, Agnesgasse","band":1,"modes":"bus","arr":["43B"],"off":[0,-0.8]}},{"type":"Feature","geometry":{"type":"Point","coordinates":[16.306665,48.250522]},"properties":{"line":"43B","mode":"bus","color":"#0059a9","colorDark":"#00294f","band":1,"off":[0,1.1]}},{"type":"Feature","geometry":{"type":"Point","coordinates":[16.353083,48.231523]},"properties":{"name":"Nußdorfer Straße","band":1,"modes":"bus","arr":["37A","N36"],"off":[0,-0.8]}},{"type":"Feature","geometry":{"type":"Point","coordinates":[16.353083,48.231523]},"properties":{"line":"37A","mode":"bus","color":"#0059a9","colorDark":"#00294f","band":1,"off":[-1.7,1.1]}},{"type":"Feature","geometry":{"type":"Point","coordinates":[16.353083,48.231523]},"properties":{"line":"N36","mode":"bus","color":"#0059a9","colorDark":"#00294f","band":1,"off":[1.7,1.1]}},{"type":"Feature","geometry":{"type":"Point","coordinates":[16.386756,48.263065]},"properties":{"name":"Jedlesee, Bellgasse","band":1,"modes":"bus","arr":["36A","36B"],"off":[0,-0.8]}},{"type":"Feature","geometry":{"type":"Point","coordinates":[16.386756,48.263065]},"properties":{"line":"36A","mode":"bus","color":"#0059a9","colorDark":"#00294f","band":1,"off":[-1.7,1.1]}},{"type":"Feature","geometry":{"type":"Point","coordinates":[16.386756,48.263065]},"properties":{"line":"36B","mode":"bus","color":"#0059a9","colorDark":"#00294f","band":1,"off":[1.7,1.1]}},{"type":"Feature","geometry":{"type":"Point","coordinates":[16.412135,48.280188]},"properties":{"name":"Carabelligasse","band":1,"modes":"bus","arr":["36A"],"off":[0,-0.8]}},{"type":"Feature","geometry":{"type":"Point","coordinates":[16.412135,48.280188]},"properties":{"line":"36A","mode":"bus","color":"#0059a9","colorDark":"#00294f","band":1,"off":[0,1.1]}},{"type":"Feature","geometry":{"type":"Point","coordinates":[16.388836,48.236164]},"properties":{"name":"Brigittenauer Brücke","band":1,"modes":"bus","arr":["37A"],"off":[0,-0.8]}},{"type":"Feature","geometry":{"type":"Point","coordinates":[16.388836,48.236164]},"properties":{"line":"37A","mode":"bus","color":"#0059a9","colorDark":"#00294f","band":1,"off":[0,1.1]}},{"type":"Feature","geometry":{"type":"Point","coordinates":[16.336266,48.276089]},"properties":{"name":"Kahlenberg","band":1,"modes":"bus","arr":["38A"],"off":[0,-0.8]}},{"type":"Feature","geometry":{"type":"Point","coordinates":[16.336266,48.276089]},"properties":{"line":"38A","mode":"bus","color":"#0059a9","colorDark":"#00294f","band":1,"off":[0,1.1]}},{"type":"Feature","geometry":{"type":"Point","coordinates":[16.362652,48.259597]},"properties":{"name":"Nußdorf, Beethovengang","band":1,"modes":"bus,tram","arr":["38B","D"],"off":[0,-0.8]}},{"type":"Feature","geometry":{"type":"Point","coordinates":[16.362652,48.259597]},"properties":{"line":"38B","mode":"bus","color":"#0059a9","colorDark":"#00294f","band":1,"off":[-1.7,1.1]}},{"type":"Feature","geometry":{"type":"Point","coordinates":[16.362652,48.259597]},"properties":{"line":"D","mode":"tram","color":"#d6212b","colorDark":"#7c1116","band":1,"off":[1.7,1.1]}},{"type":"Feature","geometry":{"type":"Point","coordinates":[16.346397,48.260025]},"properties":{"name":"Heiligenstädter Friedhof","band":1,"modes":"bus","arr":["38B"],"off":[0,-0.8]}},{"type":"Feature","geometry":{"type":"Point","coordinates":[16.346397,48.260025]},"properties":{"line":"38B","mode":"bus","color":"#0059a9","colorDark":"#00294f","band":1,"off":[0,1.1]}},{"type":"Feature","geometry":{"type":"Point","coordinates":[16.317119,48.254213]},"properties":{"name":"Sievering","band":1,"modes":"bus","arr":["39A"],"off":[0,-0.8]}},{"type":"Feature","geometry":{"type":"Point","coordinates":[16.317119,48.254213]},"properties":{"line":"39A","mode":"bus","color":"#0059a9","colorDark":"#00294f","band":1,"off":[0,1.1]}},{"type":"Feature","geometry":{"type":"Point","coordinates":[16.323457,48.251067]},"properties":{"name":"Karthäuserstraße","band":1,"modes":"bus","arr":["39B"],"off":[0,-0.8]}},{"type":"Feature","geometry":{"type":"Point","coordinates":[16.323457,48.251067]},"properties":{"line":"39B","mode":"bus","color":"#0059a9","colorDark":"#00294f","band":1,"off":[0,1.1]}},{"type":"Feature","geometry":{"type":"Point","coordinates":[16.321435,48.249158]},"properties":{"name":"Sieveringer Friedhof","band":1,"modes":"bus","arr":["39B"],"off":[0,-0.8]}},{"type":"Feature","geometry":{"type":"Point","coordinates":[16.321435,48.249158]},"properties":{"line":"39B","mode":"bus","color":"#0059a9","colorDark":"#00294f","band":1,"off":[0,1.1]}},{"type":"Feature","geometry":{"type":"Point","coordinates":[16.370891,48.216757]},"properties":{"name":"Schottenring","band":1,"modes":"tram,bus","arr":["31","3A","71"],"off":[0,-0.8]}},{"type":"Feature","geometry":{"type":"Point","coordinates":[16.370891,48.216757]},"properties":{"line":"31","mode":"tram","color":"#d6212b","colorDark":"#7c1116","band":1,"off":[-3.4,1.1]}},{"type":"Feature","geometry":{"type":"Point","coordinates":[16.370891,48.216757]},"properties":{"line":"3A","mode":"bus","color":"#0059a9","colorDark":"#00294f","band":1,"off":[0,1.1]}},{"type":"Feature","geometry":{"type":"Point","coordinates":[16.370891,48.216757]},"properties":{"line":"71","mode":"tram","color":"#d6212b","colorDark":"#7c1116","band":1,"off":[3.4,1.1]}},{"type":"Feature","geometry":{"type":"Point","coordinates":[16.379909,48.2073]},"properties":{"name":"Stubentor U","band":1,"modes":"bus","arr":["3A","74A"],"off":[0,-0.8]}},{"type":"Feature","geometry":{"type":"Point","coordinates":[16.379909,48.2073]},"properties":{"line":"3A","mode":"bus","color":"#0059a9","colorDark":"#00294f","band":1,"off":[-1.7,1.1]}},{"type":"Feature","geometry":{"type":"Point","coordinates":[16.379909,48.2073]},"properties":{"line":"74A","mode":"bus","color":"#0059a9","colorDark":"#00294f","band":1,"off":[1.7,1.1]}},{"type":"Feature","geometry":{"type":"Point","coordinates":[16.364418,48.215306]},"properties":{"name":"Schottentor","band":1,"modes":"bus","arr":["40A"],"off":[0,-0.8]}},{"type":"Feature","geometry":{"type":"Point","coordinates":[16.364418,48.215306]},"properties":{"line":"40A","mode":"bus","color":"#0059a9","colorDark":"#00294f","band":1,"off":[0,1.1]}},{"type":"Feature","geometry":{"type":"Point","coordinates":[16.326077,48.240015]},"properties":{"name":"Döblinger Friedhof/Felix-Dahn-Straße","band":1,"modes":"bus","arr":["40A"],"off":[0,-0.8]}},{"type":"Feature","geometry":{"type":"Point","coordinates":[16.326077,48.240015]},"properties":{"line":"40A","mode":"bus","color":"#0059a9","colorDark":"#00294f","band":1,"off":[0,1.1]}},{"type":"Feature","geometry":{"type":"Point","coordinates":[16.31066,48.241083]},"properties":{"name":"Pötzleinsdorf","band":1,"modes":"tram,bus","arr":["41","41A","N41"],"off":[0,-0.8]}},{"type":"Feature","geometry":{"type":"Point","coordinates":[16.31066,48.241083]},"properties":{"line":"41","mode":"tram","color":"#d6212b","colorDark":"#7c1116","band":1,"off":[-3.4,1.1]}},{"type":"Feature","geometry":{"type":"Point","coordinates":[16.31066,48.241083]},"properties":{"line":"41A","mode":"bus","color":"#0059a9","colorDark":"#00294f","band":1,"off":[0,1.1]}},{"type":"Feature","geometry":{"type":"Point","coordinates":[16.31066,48.241083]},"properties":{"line":"N41","mode":"bus","color":"#0059a9","colorDark":"#00294f","band":1,"off":[3.4,1.1]}},{"type":"Feature","geometry":{"type":"Point","coordinates":[16.298458,48.246803]},"properties":{"name":"Neustifter Friedhof 3.Tor","band":1,"modes":"bus","arr":["41A"],"off":[0,-0.8]}},{"type":"Feature","geometry":{"type":"Point","coordinates":[16.298458,48.246803]},"properties":{"line":"41A","mode":"bus","color":"#0059a9","colorDark":"#00294f","band":1,"off":[0,1.1]}},{"type":"Feature","geometry":{"type":"Point","coordinates":[16.315,48.222913]},"properties":{"name":"Hernals","band":1,"modes":"bus","arr":["42A","44A"],"off":[0,-0.8]}},{"type":"Feature","geometry":{"type":"Point","coordinates":[16.315,48.222913]},"properties":{"line":"42A","mode":"bus","color":"#0059a9","colorDark":"#00294f","band":1,"off":[-1.7,1.1]}},{"type":"Feature","geometry":{"type":"Point","coordinates":[16.315,48.222913]},"properties":{"line":"44A","mode":"bus","color":"#0059a9","colorDark":"#00294f","band":1,"off":[1.7,1.1]}},{"type":"Feature","geometry":{"type":"Point","coordinates":[16.297683,48.237874]},"properties":{"name":"Schafberghöhe","band":1,"modes":"bus","arr":["42A"],"off":[0,-0.8]}},{"type":"Feature","geometry":{"type":"Point","coordinates":[16.297683,48.237874]},"properties":{"line":"42A","mode":"bus","color":"#0059a9","colorDark":"#00294f","band":1,"off":[0,1.1]}},{"type":"Feature","geometry":{"type":"Point","coordinates":[16.320916,48.221714]},"properties":{"name":"Hernals, Wattgasse","band":1,"modes":"bus","arr":["43A"],"off":[0,-0.8]}},{"type":"Feature","geometry":{"type":"Point","coordinates":[16.320916,48.221714]},"properties":{"line":"43A","mode":"bus","color":"#0059a9","colorDark":"#00294f","band":1,"off":[0,1.1]}},{"type":"Feature","geometry":{"type":"Point","coordinates":[16.290964,48.233936]},"properties":{"name":"Neuwaldegg","band":1,"modes":"tram,bus","arr":["43","43A","N43"],"off":[0,-0.8]}},{"type":"Feature","geometry":{"type":"Point","coordinates":[16.290964,48.233936]},"properties":{"line":"43","mode":"tram","color":"#d6212b","colorDark":"#7c1116","band":1,"off":[-3.4,1.1]}},{"type":"Feature","geometry":{"type":"Point","coordinates":[16.290964,48.233936]},"properties":{"line":"43A","mode":"bus","color":"#0059a9","colorDark":"#00294f","band":1,"off":[0,1.1]}},{"type":"Feature","geometry":{"type":"Point","coordinates":[16.290964,48.233936]},"properties":{"line":"N43","mode":"bus","color":"#0059a9","colorDark":"#00294f","band":1,"off":[3.4,1.1]}},{"type":"Feature","geometry":{"type":"Point","coordinates":[16.307714,48.226128]},"properties":{"name":"Dornbach","band":1,"modes":"tram,bus","arr":["2","10","43A","44B"],"off":[0,-0.8]}},{"type":"Feature","geometry":{"type":"Point","coordinates":[16.307714,48.226128]},"properties":{"line":"2","mode":"tram","color":"#d6212b","colorDark":"#7c1116","band":1,"off":[-5.1,1.1]}},{"type":"Feature","geometry":{"type":"Point","coordinates":[16.307714,48.226128]},"properties":{"line":"10","mode":"tram","color":"#d6212b","colorDark":"#7c1116","band":1,"off":[-1.7,1.1]}},{"type":"Feature","geometry":{"type":"Point","coordinates":[16.307714,48.226128]},"properties":{"line":"43A","mode":"bus","color":"#0059a9","colorDark":"#00294f","band":1,"off":[1.7,1.1]}},{"type":"Feature","geometry":{"type":"Point","coordinates":[16.307714,48.226128]},"properties":{"line":"44B","mode":"bus","color":"#0059a9","colorDark":"#00294f","band":1,"off":[5.1,1.1]}},{"type":"Feature","geometry":{"type":"Point","coordinates":[16.260812,48.197414]},"properties":{"name":"Hütteldorf","band":1,"modes":"bus,metro","arr":["43B","47B","49A","50A","50B","52A","52B","53A","U4"],"off":[0,-0.8]}},{"type":"Feature","geometry":{"type":"Point","coordinates":[16.260812,48.197414]},"properties":{"line":"43B","mode":"bus","color":"#0059a9","colorDark":"#00294f","band":1,"off":[-6.8,1.1]}},{"type":"Feature","geometry":{"type":"Point","coordinates":[16.260812,48.197414]},"properties":{"line":"47B","mode":"bus","color":"#0059a9","colorDark":"#00294f","band":1,"off":[-3.4,1.1]}},{"type":"Feature","geometry":{"type":"Point","coordinates":[16.260812,48.197414]},"properties":{"line":"49A","mode":"bus","color":"#0059a9","colorDark":"#00294f","band":1,"off":[0,1.1]}},{"type":"Feature","geometry":{"type":"Point","coordinates":[16.260812,48.197414]},"properties":{"line":"50A","mode":"bus","color":"#0059a9","colorDark":"#00294f","band":1,"off":[3.4,1.1]}},{"type":"Feature","geometry":{"type":"Point","coordinates":[16.260812,48.197414]},"properties":{"line":"50B","mode":"bus","color":"#0059a9","colorDark":"#00294f","band":1,"off":[6.8,1.1]}},{"type":"Feature","geometry":{"type":"Point","coordinates":[16.260812,48.197414]},"properties":{"line":"52A","mode":"bus","color":"#0059a9","colorDark":"#00294f","band":1,"off":[-5.1,3.1]}},{"type":"Feature","geometry":{"type":"Point","coordinates":[16.260812,48.197414]},"properties":{"line":"52B","mode":"bus","color":"#0059a9","colorDark":"#00294f","band":1,"off":[-1.7,3.1]}},{"type":"Feature","geometry":{"type":"Point","coordinates":[16.260812,48.197414]},"properties":{"line":"53A","mode":"bus","color":"#0059a9","colorDark":"#00294f","band":1,"off":[1.7,3.1]}},{"type":"Feature","geometry":{"type":"Point","coordinates":[16.260812,48.197414]},"properties":{"line":"U4","mode":"tram","color":"#319F49","colorDark":"#1b5728","band":1,"metro":1,"off":[5.1,3.1]}},{"type":"Feature","geometry":{"type":"Point","coordinates":[16.281805,48.231277]},"properties":{"name":"Mitterberg","band":1,"modes":"bus","arr":["44A"],"off":[0,-0.8]}},{"type":"Feature","geometry":{"type":"Point","coordinates":[16.281805,48.231277]},"properties":{"line":"44A","mode":"bus","color":"#0059a9","colorDark":"#00294f","band":1,"off":[0,1.1]}},{"type":"Feature","geometry":{"type":"Point","coordinates":[16.289508,48.222411]},"properties":{"name":"Predigtstuhl","band":1,"modes":"bus","arr":["44B"],"off":[0,-0.8]}},{"type":"Feature","geometry":{"type":"Point","coordinates":[16.289508,48.222411]},"properties":{"line":"44B","mode":"bus","color":"#0059a9","colorDark":"#00294f","band":1,"off":[0,1.1]}},{"type":"Feature","geometry":{"type":"Point","coordinates":[16.310953,48.211107]},"properties":{"name":"Ottakring","band":1,"modes":"bus,metro","arr":["45A","46A","46B","U3"],"off":[0,-0.8]}},{"type":"Feature","geometry":{"type":"Point","coordinates":[16.310953,48.211107]},"properties":{"line":"45A","mode":"bus","color":"#0059a9","colorDark":"#00294f","band":1,"off":[-5.1,1.1]}},{"type":"Feature","geometry":{"type":"Point","coordinates":[16.310953,48.211107]},"properties":{"line":"46A","mode":"bus","color":"#0059a9","colorDark":"#00294f","band":1,"off":[-1.7,1.1]}},{"type":"Feature","geometry":{"type":"Point","coordinates":[16.310953,48.211107]},"properties":{"line":"46B","mode":"bus","color":"#0059a9","colorDark":"#00294f","band":1,"off":[1.7,1.1]}},{"type":"Feature","geometry":{"type":"Point","coordinates":[16.310953,48.211107]},"properties":{"line":"U3","mode":"tram","color":"#EF7C00","colorDark":"#834400","band":1,"metro":1,"off":[5.1,1.1]}},{"type":"Feature","geometry":{"type":"Point","coordinates":[16.291807,48.215574]},"properties":{"name":"Liebhartstal","band":1,"modes":"bus","arr":["45A"],"off":[0,-0.8]}},{"type":"Feature","geometry":{"type":"Point","coordinates":[16.291807,48.215574]},"properties":{"line":"45A","mode":"bus","color":"#0059a9","colorDark":"#00294f","band":1,"off":[0,1.1]}},{"type":"Feature","geometry":{"type":"Point","coordinates":[16.283974,48.219891]},"properties":{"name":"Wilhelminenberg","band":1,"modes":"bus","arr":["46A","46B"],"off":[0,-0.8]}},{"type":"Feature","geometry":{"type":"Point","coordinates":[16.283974,48.219891]},"properties":{"line":"46A","mode":"bus","color":"#0059a9","colorDark":"#00294f","band":1,"off":[-1.7,1.1]}},{"type":"Feature","geometry":{"type":"Point","coordinates":[16.283974,48.219891]},"properties":{"line":"46B","mode":"bus","color":"#0059a9","colorDark":"#00294f","band":1,"off":[1.7,1.1]}},{"type":"Feature","geometry":{"type":"Point","coordinates":[16.287085,48.191602]},"properties":{"name":"Unter St. Veit","band":1,"modes":"bus","arr":["47A"],"off":[0,-0.8]}},{"type":"Feature","geometry":{"type":"Point","coordinates":[16.287085,48.191602]},"properties":{"line":"47A","mode":"bus","color":"#0059a9","colorDark":"#00294f","band":1,"off":[0,1.1]}},{"type":"Feature","geometry":{"type":"Point","coordinates":[16.273062,48.205366]},"properties":{"name":"Klinik Penzing","band":1,"modes":"bus","arr":["47A","48A"],"off":[0,-0.8]}},{"type":"Feature","geometry":{"type":"Point","coordinates":[16.273062,48.205366]},"properties":{"line":"47A","mode":"bus","color":"#0059a9","colorDark":"#00294f","band":1,"off":[-1.7,1.1]}},{"type":"Feature","geometry":{"type":"Point","coordinates":[16.273062,48.205366]},"properties":{"line":"48A","mode":"bus","color":"#0059a9","colorDark":"#00294f","band":1,"off":[1.7,1.1]}},{"type":"Feature","geometry":{"type":"Point","coordinates":[16.280395,48.20663]},"properties":{"name":"Otto-Wagner-Areal","band":1,"modes":"bus","arr":["N46"],"off":[0,-0.8]}},{"type":"Feature","geometry":{"type":"Point","coordinates":[16.280395,48.20663]},"properties":{"line":"N46","mode":"bus","color":"#0059a9","colorDark":"#00294f","band":1,"off":[0,1.1]}},{"type":"Feature","geometry":{"type":"Point","coordinates":[16.276384,48.192082]},"properties":{"name":"Ober St. Veit","band":1,"modes":"bus","arr":["54A","54B","N54"],"off":[0,-0.8]}},{"type":"Feature","geometry":{"type":"Point","coordinates":[16.276384,48.192082]},"properties":{"line":"54A","mode":"bus","color":"#0059a9","colorDark":"#00294f","band":1,"off":[-3.4,1.1]}},{"type":"Feature","geometry":{"type":"Point","coordinates":[16.276384,48.192082]},"properties":{"line":"54B","mode":"bus","color":"#0059a9","colorDark":"#00294f","band":1,"off":[0,1.1]}},{"type":"Feature","geometry":{"type":"Point","coordinates":[16.276384,48.192082]},"properties":{"line":"N54","mode":"bus","color":"#0059a9","colorDark":"#00294f","band":1,"off":[3.4,1.1]}},{"type":"Feature","geometry":{"type":"Point","coordinates":[16.261631,48.208749]},"properties":{"name":"Hüttelberg","band":1,"modes":"bus","arr":["47B"],"off":[0,-0.8]}},{"type":"Feature","geometry":{"type":"Point","coordinates":[16.261631,48.208749]},"properties":{"line":"47B","mode":"bus","color":"#0059a9","colorDark":"#00294f","band":1,"off":[0,1.1]}},{"type":"Feature","geometry":{"type":"Point","coordinates":[16.359601,48.206772]},"properties":{"name":"Ring/Volkstheater","band":1,"modes":"tram,bus","arr":["46","48A","49"],"off":[0,-0.8]}},{"type":"Feature","geometry":{"type":"Point","coordinates":[16.359601,48.206772]},"properties":{"line":"46","mode":"tram","color":"#d6212b","colorDark":"#7c1116","band":1,"off":[-3.4,1.1]}},{"type":"Feature","geometry":{"type":"Point","coordinates":[16.359601,48.206772]},"properties":{"line":"48A","mode":"bus","color":"#0059a9","colorDark":"#00294f","band":1,"off":[0,1.1]}},{"type":"Feature","geometry":{"type":"Point","coordinates":[16.359601,48.206772]},"properties":{"line":"49","mode":"tram","color":"#d6212b","colorDark":"#7c1116","band":1,"off":[3.4,1.1]}},{"type":"Feature","geometry":{"type":"Point","coordinates":[16.304862,48.209137]},"properties":{"name":"Joachimsthalerplatz","band":1,"modes":"tram,bus","arr":["46","N46"],"off":[0,-0.8]}},{"type":"Feature","geometry":{"type":"Point","coordinates":[16.304862,48.209137]},"properties":{"line":"46","mode":"tram","color":"#d6212b","colorDark":"#7c1116","band":1,"off":[-1.7,1.1]}},{"type":"Feature","geometry":{"type":"Point","coordinates":[16.304862,48.209137]},"properties":{"line":"N46","mode":"bus","color":"#0059a9","colorDark":"#00294f","band":1,"off":[1.7,1.1]}},{"type":"Feature","geometry":{"type":"Point","coordinates":[16.228148,48.216633]},"properties":{"name":"Wolfersberg, Schöffelplatz","band":1,"modes":"bus","arr":["49A"],"off":[0,-0.8]}},{"type":"Feature","geometry":{"type":"Point","coordinates":[16.228148,48.216633]},"properties":{"line":"49A","mode":"bus","color":"#0059a9","colorDark":"#00294f","band":1,"off":[0,1.1]}},{"type":"Feature","geometry":{"type":"Point","coordinates":[16.197814,48.231519]},"properties":{"name":"Vorderhainbach/Augustinerwaldgasse","band":1,"modes":"bus","arr":["49B"],"off":[0,-0.8]}},{"type":"Feature","geometry":{"type":"Point","coordinates":[16.197814,48.231519]},"properties":{"line":"49B","mode":"bus","color":"#0059a9","colorDark":"#00294f","band":1,"off":[0,1.1]}},{"type":"Feature","geometry":{"type":"Point","coordinates":[16.218915,48.248893]},"properties":{"name":"Hinterhainbach","band":1,"modes":"bus","arr":["49B"],"off":[0,-0.8]}},{"type":"Feature","geometry":{"type":"Point","coordinates":[16.218915,48.248893]},"properties":{"line":"49B","mode":"bus","color":"#0059a9","colorDark":"#00294f","band":1,"off":[0,1.1]}},{"type":"Feature","geometry":{"type":"Point","coordinates":[16.369466,48.200233]},"properties":{"name":"Karlsplatz","band":1,"modes":"bus,metro","arr":["4A","U2"],"off":[0,-0.8]}},{"type":"Feature","geometry":{"type":"Point","coordinates":[16.369466,48.200233]},"properties":{"line":"4A","mode":"bus","color":"#0059a9","colorDark":"#00294f","band":1,"off":[-1.7,1.1]}},{"type":"Feature","geometry":{"type":"Point","coordinates":[16.369466,48.200233]},"properties":{"line":"U2","mode":"tram","color":"#A862A4","colorDark":"#5c365a","band":1,"metro":1,"off":[1.7,1.1]}},{"type":"Feature","geometry":{"type":"Point","coordinates":[16.398901,48.206353]},"properties":{"name":"Wittelsbachstraße","band":1,"modes":"bus","arr":["4A","N29"],"off":[0,-0.8]}},{"type":"Feature","geometry":{"type":"Point","coordinates":[16.398901,48.206353]},"properties":{"line":"4A","mode":"bus","color":"#0059a9","colorDark":"#00294f","band":1,"off":[-1.7,1.1]}},{"type":"Feature","geometry":{"type":"Point","coordinates":[16.398901,48.206353]},"properties":{"line":"N29","mode":"bus","color":"#0059a9","colorDark":"#00294f","band":1,"off":[1.7,1.1]}},{"type":"Feature","geometry":{"type":"Point","coordinates":[16.217713,48.207669]},"properties":{"name":"Auhof","band":1,"modes":"bus","arr":["50A","50B"],"off":[0,-0.8]}},{"type":"Feature","geometry":{"type":"Point","coordinates":[16.217713,48.207669]},"properties":{"line":"50A","mode":"bus","color":"#0059a9","colorDark":"#00294f","band":1,"off":[-1.7,1.1]}},{"type":"Feature","geometry":{"type":"Point","coordinates":[16.217713,48.207669]},"properties":{"line":"50B","mode":"bus","color":"#0059a9","colorDark":"#00294f","band":1,"off":[1.7,1.1]}},{"type":"Feature","geometry":{"type":"Point","coordinates":[16.21486,48.209507]},"properties":{"name":"Herzmanskystraße","band":1,"modes":"bus","arr":["N49"],"off":[0,-0.8]}},{"type":"Feature","geometry":{"type":"Point","coordinates":[16.21486,48.209507]},"properties":{"line":"N49","mode":"bus","color":"#0059a9","colorDark":"#00294f","band":1,"off":[0,1.1]}},{"type":"Feature","geometry":{"type":"Point","coordinates":[16.30406,48.188431]},"properties":{"name":"Hietzing","band":1,"modes":"bus","arr":["51A","51B","56A","56B","58A","58B","N60"],"off":[0,-0.8]}},{"type":"Feature","geometry":{"type":"Point","coordinates":[16.30406,48.188431]},"properties":{"line":"51A","mode":"bus","color":"#0059a9","colorDark":"#00294f","band":1,"off":[-6.8,1.1]}},{"type":"Feature","geometry":{"type":"Point","coordinates":[16.30406,48.188431]},"properties":{"line":"51B","mode":"bus","color":"#0059a9","colorDark":"#00294f","band":1,"off":[-3.4,1.1]}},{"type":"Feature","geometry":{"type":"Point","coordinates":[16.30406,48.188431]},"properties":{"line":"56A","mode":"bus","color":"#0059a9","colorDark":"#00294f","band":1,"off":[0,1.1]}},{"type":"Feature","geometry":{"type":"Point","coordinates":[16.30406,48.188431]},"properties":{"line":"56B","mode":"bus","color":"#0059a9","colorDark":"#00294f","band":1,"off":[3.4,1.1]}},{"type":"Feature","geometry":{"type":"Point","coordinates":[16.30406,48.188431]},"properties":{"line":"58A","mode":"bus","color":"#0059a9","colorDark":"#00294f","band":1,"off":[6.8,1.1]}},{"type":"Feature","geometry":{"type":"Point","coordinates":[16.30406,48.188431]},"properties":{"line":"58B","mode":"bus","color":"#0059a9","colorDark":"#00294f","band":1,"off":[-1.7,3.1]}},{"type":"Feature","geometry":{"type":"Point","coordinates":[16.30406,48.188431]},"properties":{"line":"N60","mode":"bus","color":"#0059a9","colorDark":"#00294f","band":1,"off":[1.7,3.1]}},{"type":"Feature","geometry":{"type":"Point","coordinates":[16.289029,48.211255]},"properties":{"name":"Ottakringer Bad","band":1,"modes":"bus","arr":["51A"],"off":[0,-0.8]}},{"type":"Feature","geometry":{"type":"Point","coordinates":[16.289029,48.211255]},"properties":{"line":"51A","mode":"bus","color":"#0059a9","colorDark":"#00294f","band":1,"off":[0,1.1]}},{"type":"Feature","geometry":{"type":"Point","coordinates":[16.293736,48.198748]},"properties":{"name":"Hanusch-Krankenhaus","band":1,"modes":"bus","arr":["51B"],"off":[0,-0.8]}},{"type":"Feature","geometry":{"type":"Point","coordinates":[16.293736,48.198748]},"properties":{"line":"51B","mode":"bus","color":"#0059a9","colorDark":"#00294f","band":1,"off":[0,1.1]}},{"type":"Feature","geometry":{"type":"Point","coordinates":[16.246322,48.223912]},"properties":{"name":"Jägerwaldsiedlung","band":1,"modes":"bus","arr":["52A"],"off":[0,-0.8]}},{"type":"Feature","geometry":{"type":"Point","coordinates":[16.246322,48.223912]},"properties":{"line":"52A","mode":"bus","color":"#0059a9","colorDark":"#00294f","band":1,"off":[0,1.1]}},{"type":"Feature","geometry":{"type":"Point","coordinates":[16.261796,48.218038]},"properties":{"name":"Siedlung Kordon","band":1,"modes":"bus","arr":["52B"],"off":[0,-0.8]}},{"type":"Feature","geometry":{"type":"Point","coordinates":[16.261796,48.218038]},"properties":{"line":"52B","mode":"bus","color":"#0059a9","colorDark":"#00294f","band":1,"off":[0,1.1]}},{"type":"Feature","geometry":{"type":"Point","coordinates":[16.260861,48.180525]},"properties":{"name":"Stock im Weg","band":1,"modes":"bus","arr":["53A"],"off":[0,-0.8]}},{"type":"Feature","geometry":{"type":"Point","coordinates":[16.260861,48.180525]},"properties":{"line":"53A","mode":"bus","color":"#0059a9","colorDark":"#00294f","band":1,"off":[0,1.1]}},{"type":"Feature","geometry":{"type":"Point","coordinates":[16.264688,48.174425]},"properties":{"name":"Hörndlwald","band":1,"modes":"bus","arr":["54A"],"off":[0,-0.8]}},{"type":"Feature","geometry":{"type":"Point","coordinates":[16.264688,48.174425]},"properties":{"line":"54A","mode":"bus","color":"#0059a9","colorDark":"#00294f","band":1,"off":[0,1.1]}},{"type":"Feature","geometry":{"type":"Point","coordinates":[16.254254,48.176667]},"properties":{"name":"St. Veiter Tor","band":1,"modes":"bus","arr":["54B"],"off":[0,-0.8]}},{"type":"Feature","geometry":{"type":"Point","coordinates":[16.254254,48.176667]},"properties":{"line":"54B","mode":"bus","color":"#0059a9","colorDark":"#00294f","band":1,"off":[0,1.1]}},{"type":"Feature","geometry":{"type":"Point","coordinates":[16.291396,48.175555]},"properties":{"name":"Küniglberg/ORF-Zentrum","band":1,"modes":"bus","arr":["8A"],"off":[0,-0.8]}},{"type":"Feature","geometry":{"type":"Point","coordinates":[16.291396,48.175555]},"properties":{"line":"8A","mode":"bus","color":"#0059a9","colorDark":"#00294f","band":1,"off":[0,1.1]}},{"type":"Feature","geometry":{"type":"Point","coordinates":[16.288971,48.148192]},"properties":{"name":"Atzgersdorf","band":1,"modes":"bus","arr":["56A","58A","58B"],"off":[0,-0.8]}},{"type":"Feature","geometry":{"type":"Point","coordinates":[16.288971,48.148192]},"properties":{"line":"56A","mode":"bus","color":"#0059a9","colorDark":"#00294f","band":1,"off":[-3.4,1.1]}},{"type":"Feature","geometry":{"type":"Point","coordinates":[16.288971,48.148192]},"properties":{"line":"58A","mode":"bus","color":"#0059a9","colorDark":"#00294f","band":1,"off":[0,1.1]}},{"type":"Feature","geometry":{"type":"Point","coordinates":[16.288971,48.148192]},"properties":{"line":"58B","mode":"bus","color":"#0059a9","colorDark":"#00294f","band":1,"off":[3.4,1.1]}},{"type":"Feature","geometry":{"type":"Point","coordinates":[16.25711,48.166919]},"properties":{"name":"Lainzer Tor","band":1,"modes":"bus","arr":["56B","N62"],"off":[0,-0.8]}},{"type":"Feature","geometry":{"type":"Point","coordinates":[16.25711,48.166919]},"properties":{"line":"56B","mode":"bus","color":"#0059a9","colorDark":"#00294f","band":1,"off":[-1.7,1.1]}},{"type":"Feature","geometry":{"type":"Point","coordinates":[16.25711,48.166919]},"properties":{"line":"N62","mode":"bus","color":"#0059a9","colorDark":"#00294f","band":1,"off":[1.7,1.1]}},{"type":"Feature","geometry":{"type":"Point","coordinates":[16.363895,48.203544]},"properties":{"name":"Burgring","band":1,"modes":"bus","arr":["57A"],"off":[0,-0.8]}},{"type":"Feature","geometry":{"type":"Point","coordinates":[16.363895,48.203544]},"properties":{"line":"57A","mode":"bus","color":"#0059a9","colorDark":"#00294f","band":1,"off":[0,1.1]}},{"type":"Feature","geometry":{"type":"Point","coordinates":[16.322574,48.190104]},"properties":{"name":"Rudolfsheim, Anschützgasse","band":1,"modes":"bus","arr":["57A"],"off":[0,-0.8]}},{"type":"Feature","geometry":{"type":"Point","coordinates":[16.322574,48.190104]},"properties":{"line":"57A","mode":"bus","color":"#0059a9","colorDark":"#00294f","band":1,"off":[0,1.1]}},{"type":"Feature","geometry":{"type":"Point","coordinates":[16.332468,48.174922]},"properties":{"name":"Meidling, Eichenstraße","band":1,"modes":"bus","arr":["59A","62A","8A","9A"],"off":[0,-0.8]}},{"type":"Feature","geometry":{"type":"Point","coordinates":[16.332468,48.174922]},"properties":{"name":"Meidling","band":1,"modes":"bus","arr":["59A","62A","8A","9A"],"off":[0,-3]}},{"type":"Feature","geometry":{"type":"Point","coordinates":[16.332468,48.174922]},"properties":{"line":"59A","mode":"bus","color":"#0059a9","colorDark":"#00294f","band":1,"off":[-5.1,1.1]}},{"type":"Feature","geometry":{"type":"Point","coordinates":[16.332468,48.174922]},"properties":{"line":"62A","mode":"bus","color":"#0059a9","colorDark":"#00294f","band":1,"off":[-1.7,1.1]}},{"type":"Feature","geometry":{"type":"Point","coordinates":[16.332468,48.174922]},"properties":{"line":"8A","mode":"bus","color":"#0059a9","colorDark":"#00294f","band":1,"off":[1.7,1.1]}},{"type":"Feature","geometry":{"type":"Point","coordinates":[16.332468,48.174922]},"properties":{"line":"9A","mode":"bus","color":"#0059a9","colorDark":"#00294f","band":1,"off":[5.1,1.1]}},{"type":"Feature","geometry":{"type":"Point","coordinates":[16.384187,48.214871]},"properties":{"name":"Nestroyplatz","band":1,"modes":"bus","arr":["5A"],"off":[0,-0.8]}},{"type":"Feature","geometry":{"type":"Point","coordinates":[16.384187,48.214871]},"properties":{"line":"5A","mode":"bus","color":"#0059a9","colorDark":"#00294f","band":1,"off":[0,1.1]}},{"type":"Feature","geometry":{"type":"Point","coordinates":[16.375346,48.249382]},"properties":{"name":"Griegstraße","band":1,"modes":"bus","arr":["5A"],"off":[0,-0.8]}},{"type":"Feature","geometry":{"type":"Point","coordinates":[16.375346,48.249382]},"properties":{"line":"5A","mode":"bus","color":"#0059a9","colorDark":"#00294f","band":1,"off":[0,1.1]}},{"type":"Feature","geometry":{"type":"Point","coordinates":[16.391602,48.218248]},"properties":{"name":"Praterstern","band":1,"modes":"tram,bus","arr":["5","5B","80A","N81"],"off":[0,-0.8]}},{"type":"Feature","geometry":{"type":"Point","coordinates":[16.391602,48.218248]},"properties":{"line":"5","mode":"tram","color":"#d6212b","colorDark":"#7c1116","band":1,"off":[-5.1,1.1]}},{"type":"Feature","geometry":{"type":"Point","coordinates":[16.391602,48.218248]},"properties":{"line":"5B","mode":"bus","color":"#0059a9","colorDark":"#00294f","band":1,"off":[-1.7,1.1]}},{"type":"Feature","geometry":{"type":"Point","coordinates":[16.391602,48.218248]},"properties":{"line":"80A","mode":"bus","color":"#0059a9","colorDark":"#00294f","band":1,"off":[1.7,1.1]}},{"type":"Feature","geometry":{"type":"Point","coordinates":[16.391602,48.218248]},"properties":{"line":"N81","mode":"bus","color":"#0059a9","colorDark":"#00294f","band":1,"off":[5.1,1.1]}},{"type":"Feature","geometry":{"type":"Point","coordinates":[16.317152,48.150544]},"properties":{"name":"Alterlaa","band":1,"modes":"bus","arr":["60A","64B","67B","N64","N8"],"off":[0,-0.8]}},{"type":"Feature","geometry":{"type":"Point","coordinates":[16.317152,48.150544]},"properties":{"line":"60A","mode":"bus","color":"#0059a9","colorDark":"#00294f","band":1,"off":[-6.8,1.1]}},{"type":"Feature","geometry":{"type":"Point","coordinates":[16.317152,48.150544]},"properties":{"line":"64B","mode":"bus","color":"#0059a9","colorDark":"#00294f","band":1,"off":[-3.4,1.1]}},{"type":"Feature","geometry":{"type":"Point","coordinates":[16.317152,48.150544]},"properties":{"line":"67B","mode":"bus","color":"#0059a9","colorDark":"#00294f","band":1,"off":[0,1.1]}},{"type":"Feature","geometry":{"type":"Point","coordinates":[16.317152,48.150544]},"properties":{"line":"N64","mode":"bus","color":"#0059a9","colorDark":"#00294f","band":1,"off":[3.4,1.1]}},{"type":"Feature","geometry":{"type":"Point","coordinates":[16.317152,48.150544]},"properties":{"line":"N8","mode":"bus","color":"#0059a9","colorDark":"#00294f","band":1,"off":[6.8,1.1]}},{"type":"Feature","geometry":{"type":"Point","coordinates":[16.283269,48.134811]},"properties":{"name":"Liesing","band":1,"modes":"bus","arr":["60A","61A","61B","62A","66A","N61","N65","N66"],"off":[0,-0.8]}},{"type":"Feature","geometry":{"type":"Point","coordinates":[16.283269,48.134811]},"properties":{"line":"60A","mode":"bus","color":"#0059a9","colorDark":"#00294f","band":1,"off":[-6.8,1.1]}},{"type":"Feature","geometry":{"type":"Point","coordinates":[16.283269,48.134811]},"properties":{"line":"61A","mode":"bus","color":"#0059a9","colorDark":"#00294f","band":1,"off":[-3.4,1.1]}},{"type":"Feature","geometry":{"type":"Point","coordinates":[16.283269,48.134811]},"properties":{"line":"61B","mode":"bus","color":"#0059a9","colorDark":"#00294f","band":1,"off":[0,1.1]}},{"type":"Feature","geometry":{"type":"Point","coordinates":[16.283269,48.134811]},"properties":{"line":"62A","mode":"bus","color":"#0059a9","colorDark":"#00294f","band":1,"off":[3.4,1.1]}},{"type":"Feature","geometry":{"type":"Point","coordinates":[16.283269,48.134811]},"properties":{"line":"66A","mode":"bus","color":"#0059a9","colorDark":"#00294f","band":1,"off":[6.8,1.1]}},{"type":"Feature","geometry":{"type":"Point","coordinates":[16.283269,48.134811]},"properties":{"line":"N61","mode":"bus","color":"#0059a9","colorDark":"#00294f","band":1,"off":[-3.4,3.1]}},{"type":"Feature","geometry":{"type":"Point","coordinates":[16.283269,48.134811]},"properties":{"line":"N65","mode":"bus","color":"#0059a9","colorDark":"#00294f","band":1,"off":[0,3.1]}},{"type":"Feature","geometry":{"type":"Point","coordinates":[16.283269,48.134811]},"properties":{"line":"N66","mode":"bus","color":"#0059a9","colorDark":"#00294f","band":1,"off":[3.4,3.1]}},{"type":"Feature","geometry":{"type":"Point","coordinates":[16.314015,48.136793]},"properties":{"name":"Perfektastraße","band":1,"modes":"bus","arr":["64A"],"off":[0,-0.8]}},{"type":"Feature","geometry":{"type":"Point","coordinates":[16.314015,48.136793]},"properties":{"line":"64A","mode":"bus","color":"#0059a9","colorDark":"#00294f","band":1,"off":[0,1.1]}},{"type":"Feature","geometry":{"type":"Point","coordinates":[16.317974,48.126051]},"properties":{"name":"Vösendorf-Siebenhirten","band":1,"modes":"bus","arr":["61A","61B"],"off":[0,-0.8]}},{"type":"Feature","geometry":{"type":"Point","coordinates":[16.317974,48.126051]},"properties":{"line":"61A","mode":"bus","color":"#0059a9","colorDark":"#00294f","band":1,"off":[-1.7,1.1]}},{"type":"Feature","geometry":{"type":"Point","coordinates":[16.317974,48.126051]},"properties":{"line":"61B","mode":"bus","color":"#0059a9","colorDark":"#00294f","band":1,"off":[1.7,1.1]}},{"type":"Feature","geometry":{"type":"Point","coordinates":[16.30974,48.12969]},"properties":{"name":"Siebenhirten","band":1,"modes":"bus,metro","arr":["N64","U6"],"off":[0,-0.8]}},{"type":"Feature","geometry":{"type":"Point","coordinates":[16.30974,48.12969]},"properties":{"line":"N64","mode":"bus","color":"#0059a9","colorDark":"#00294f","band":1,"off":[-1.7,1.1]}},{"type":"Feature","geometry":{"type":"Point","coordinates":[16.30974,48.12969]},"properties":{"line":"U6","mode":"tram","color":"#9D6830","colorDark":"#56391a","band":1,"metro":1,"off":[1.7,1.1]}},{"type":"Feature","geometry":{"type":"Point","coordinates":[16.29101,48.161826]},"properties":{"name":"Am Rosenhügel","band":1,"modes":"bus","arr":["63A"],"off":[0,-0.8]}},{"type":"Feature","geometry":{"type":"Point","coordinates":[16.29101,48.161826]},"properties":{"line":"63A","mode":"bus","color":"#0059a9","colorDark":"#00294f","band":1,"off":[0,1.1]}},{"type":"Feature","geometry":{"type":"Point","coordinates":[16.29591,48.15048]},"properties":{"name":"Atzgersdorf, Ziedlergasse","band":1,"modes":"bus","arr":["64A"],"off":[0,-0.8]}},{"type":"Feature","geometry":{"type":"Point","coordinates":[16.29591,48.15048]},"properties":{"line":"64A","mode":"bus","color":"#0059a9","colorDark":"#00294f","band":1,"off":[0,1.1]}},{"type":"Feature","geometry":{"type":"Point","coordinates":[16.378785,48.17283]},"properties":{"name":"Reumannplatz","band":1,"modes":"bus","arr":["65A","66A","7A","N65","N66"],"off":[0,-0.8]}},{"type":"Feature","geometry":{"type":"Point","coordinates":[16.378785,48.17283]},"properties":{"line":"65A","mode":"bus","color":"#0059a9","colorDark":"#00294f","band":1,"off":[-6.8,1.1]}},{"type":"Feature","geometry":{"type":"Point","coordinates":[16.378785,48.17283]},"properties":{"line":"66A","mode":"bus","color":"#0059a9","colorDark":"#00294f","band":1,"off":[-3.4,1.1]}},{"type":"Feature","geometry":{"type":"Point","coordinates":[16.378785,48.17283]},"properties":{"line":"7A","mode":"bus","color":"#0059a9","colorDark":"#00294f","band":1,"off":[0,1.1]}},{"type":"Feature","geometry":{"type":"Point","coordinates":[16.378785,48.17283]},"properties":{"line":"N65","mode":"bus","color":"#0059a9","colorDark":"#00294f","band":1,"off":[3.4,1.1]}},{"type":"Feature","geometry":{"type":"Point","coordinates":[16.378785,48.17283]},"properties":{"line":"N66","mode":"bus","color":"#0059a9","colorDark":"#00294f","band":1,"off":[6.8,1.1]}},{"type":"Feature","geometry":{"type":"Point","coordinates":[16.344706,48.167884]},"properties":{"name":"Wienerberg City","band":1,"modes":"bus","arr":["65A","7B"],"off":[0,-0.8]}},{"type":"Feature","geometry":{"type":"Point","coordinates":[16.344706,48.167884]},"properties":{"line":"65A","mode":"bus","color":"#0059a9","colorDark":"#00294f","band":1,"off":[-1.7,1.1]}},{"type":"Feature","geometry":{"type":"Point","coordinates":[16.344706,48.167884]},"properties":{"line":"7B","mode":"bus","color":"#0059a9","colorDark":"#00294f","band":1,"off":[1.7,1.1]}},{"type":"Feature","geometry":{"type":"Point","coordinates":[16.342307,48.141192]},"properties":{"name":"Inzersdorf, Kolpingstraße","band":1,"modes":"bus","arr":["67A"],"off":[0,-0.8]}},{"type":"Feature","geometry":{"type":"Point","coordinates":[16.342307,48.141192]},"properties":{"line":"67A","mode":"bus","color":"#0059a9","colorDark":"#00294f","band":1,"off":[0,1.1]}},{"type":"Feature","geometry":{"type":"Point","coordinates":[16.357634,48.135685]},"properties":{"name":"Inzersdorf, Großmarkt","band":1,"modes":"bus","arr":["N67"],"off":[0,-0.8]}},{"type":"Feature","geometry":{"type":"Point","coordinates":[16.357634,48.135685]},"properties":{"line":"N67","mode":"bus","color":"#0059a9","colorDark":"#00294f","band":1,"off":[0,1.1]}},{"type":"Feature","geometry":{"type":"Point","coordinates":[16.406212,48.151812]},"properties":{"name":"Laaer Berg, Kurpark Nordosteingang","band":1,"modes":"bus","arr":["68A"],"off":[0,-0.8]}},{"type":"Feature","geometry":{"type":"Point","coordinates":[16.406212,48.151812]},"properties":{"line":"68A","mode":"bus","color":"#0059a9","colorDark":"#00294f","band":1,"off":[0,1.1]}},{"type":"Feature","geometry":{"type":"Point","coordinates":[16.42021,48.169574]},"properties":{"name":"Simmering","band":1,"modes":"bus,metro","arr":["69A","71E","72A","73A","U3"],"off":[0,-0.8]}},{"type":"Feature","geometry":{"type":"Point","coordinates":[16.42021,48.169574]},"properties":{"line":"69A","mode":"bus","color":"#0059a9","colorDark":"#00294f","band":1,"off":[-6.8,1.1]}},{"type":"Feature","geometry":{"type":"Point","coordinates":[16.42021,48.169574]},"properties":{"line":"71E","mode":"bus","color":"#0059a9","colorDark":"#00294f","band":1,"off":[-3.4,1.1]}},{"type":"Feature","geometry":{"type":"Point","coordinates":[16.42021,48.169574]},"properties":{"line":"72A","mode":"bus","color":"#0059a9","colorDark":"#00294f","band":1,"off":[0,1.1]}},{"type":"Feature","geometry":{"type":"Point","coordinates":[16.42021,48.169574]},"properties":{"line":"73A","mode":"bus","color":"#0059a9","colorDark":"#00294f","band":1,"off":[3.4,1.1]}},{"type":"Feature","geometry":{"type":"Point","coordinates":[16.42021,48.169574]},"properties":{"line":"U3","mode":"tram","color":"#EF7C00","colorDark":"#834400","band":1,"metro":1,"off":[6.8,1.1]}},{"type":"Feature","geometry":{"type":"Point","coordinates":[16.439232,48.13269]},"properties":{"name":"Kledering Bahnhof","band":1,"modes":"bus","arr":["70A"],"off":[0,-0.8]}},{"type":"Feature","geometry":{"type":"Point","coordinates":[16.439232,48.13269]},"properties":{"line":"70A","mode":"bus","color":"#0059a9","colorDark":"#00294f","band":1,"off":[0,1.1]}},{"type":"Feature","geometry":{"type":"Point","coordinates":[16.41485,48.132903]},"properties":{"name":"Unterlaa","band":1,"modes":"bus","arr":["N17"],"off":[0,-0.8]}},{"type":"Feature","geometry":{"type":"Point","coordinates":[16.41485,48.132903]},"properties":{"line":"N17","mode":"bus","color":"#0059a9","colorDark":"#00294f","band":1,"off":[0,1.1]}},{"type":"Feature","geometry":{"type":"Point","coordinates":[16.449117,48.152266]},"properties":{"name":"Zentralfriedhof 3.Tor","band":1,"modes":"bus","arr":["71A","71B","73B"],"off":[0,-0.8]}},{"type":"Feature","geometry":{"type":"Point","coordinates":[16.449117,48.152266]},"properties":{"line":"71A","mode":"bus","color":"#0059a9","colorDark":"#00294f","band":1,"off":[-3.4,1.1]}},{"type":"Feature","geometry":{"type":"Point","coordinates":[16.449117,48.152266]},"properties":{"line":"71B","mode":"bus","color":"#0059a9","colorDark":"#00294f","band":1,"off":[0,1.1]}},{"type":"Feature","geometry":{"type":"Point","coordinates":[16.449117,48.152266]},"properties":{"line":"73B","mode":"bus","color":"#0059a9","colorDark":"#00294f","band":1,"off":[3.4,1.1]}},{"type":"Feature","geometry":{"type":"Point","coordinates":[16.482632,48.142493]},"properties":{"name":"Schwechat Bahnhof","band":1,"modes":"bus","arr":["71A"],"off":[0,-0.8]}},{"type":"Feature","geometry":{"type":"Point","coordinates":[16.482632,48.142493]},"properties":{"line":"71A","mode":"bus","color":"#0059a9","colorDark":"#00294f","band":1,"off":[0,1.1]}},{"type":"Feature","geometry":{"type":"Point","coordinates":[16.42685,48.153522]},"properties":{"name":"Zentralfriedhof","band":1,"modes":"bus","arr":["71B"],"off":[0,-0.8]}},{"type":"Feature","geometry":{"type":"Point","coordinates":[16.42685,48.153522]},"properties":{"line":"71B","mode":"bus","color":"#0059a9","colorDark":"#00294f","band":1,"off":[0,1.1]}},{"type":"Feature","geometry":{"type":"Point","coordinates":[16.464836,48.146977]},"properties":{"name":"Kaiserebersdorf","band":1,"modes":"bus","arr":["73B"],"off":[0,-0.8]}},{"type":"Feature","geometry":{"type":"Point","coordinates":[16.464836,48.146977]},"properties":{"line":"73B","mode":"bus","color":"#0059a9","colorDark":"#00294f","band":1,"off":[0,1.1]}},{"type":"Feature","geometry":{"type":"Point","coordinates":[16.471374,48.15949]},"properties":{"name":"Kaiserebersdorf, Zinnergasse","band":1,"modes":"tram,bus","arr":["11","71","71E","79A","79B","N71"],"off":[0,-0.8]}},{"type":"Feature","geometry":{"type":"Point","coordinates":[16.471374,48.15949]},"properties":{"name":"Kaiserebersdorf, Münnichplatz","band":1,"modes":"tram,bus","arr":["11","71","71E","79A","79B","N71"],"off":[0,-3]}},{"type":"Feature","geometry":{"type":"Point","coordinates":[16.471374,48.15949]},"properties":{"line":"11","mode":"tram","color":"#d6212b","colorDark":"#7c1116","band":1,"off":[-6.8,1.1]}},{"type":"Feature","geometry":{"type":"Point","coordinates":[16.471374,48.15949]},"properties":{"line":"71","mode":"tram","color":"#d6212b","colorDark":"#7c1116","band":1,"off":[-3.4,1.1]}},{"type":"Feature","geometry":{"type":"Point","coordinates":[16.471374,48.15949]},"properties":{"line":"71E","mode":"bus","color":"#0059a9","colorDark":"#00294f","band":1,"off":[0,1.1]}},{"type":"Feature","geometry":{"type":"Point","coordinates":[16.471374,48.15949]},"properties":{"line":"79A","mode":"bus","color":"#0059a9","colorDark":"#00294f","band":1,"off":[3.4,1.1]}},{"type":"Feature","geometry":{"type":"Point","coordinates":[16.471374,48.15949]},"properties":{"line":"79B","mode":"bus","color":"#0059a9","colorDark":"#00294f","band":1,"off":[6.8,1.1]}},{"type":"Feature","geometry":{"type":"Point","coordinates":[16.471374,48.15949]},"properties":{"line":"N71","mode":"bus","color":"#0059a9","colorDark":"#00294f","band":1,"off":[0,3.1]}},{"type":"Feature","geometry":{"type":"Point","coordinates":[16.417745,48.161745]},"properties":{"name":"Hasenleiten","band":1,"modes":"bus","arr":["72A"],"off":[0,-0.8]}},{"type":"Feature","geometry":{"type":"Point","coordinates":[16.417745,48.161745]},"properties":{"line":"72A","mode":"bus","color":"#0059a9","colorDark":"#00294f","band":1,"off":[0,1.1]}},{"type":"Feature","geometry":{"type":"Point","coordinates":[16.45746,48.159866]},"properties":{"name":"Pantucekgasse","band":1,"modes":"bus","arr":["73A"],"off":[0,-0.8]}},{"type":"Feature","geometry":{"type":"Point","coordinates":[16.45746,48.159866]},"properties":{"line":"73A","mode":"bus","color":"#0059a9","colorDark":"#00294f","band":1,"off":[0,1.1]}},{"type":"Feature","geometry":{"type":"Point","coordinates":[16.399658,48.187788]},"properties":{"name":"St. Marx S/Leberstr.","band":1,"modes":"bus","arr":["74A"],"off":[0,-0.8]}},{"type":"Feature","geometry":{"type":"Point","coordinates":[16.399658,48.187788]},"properties":{"line":"74A","mode":"bus","color":"#0059a9","colorDark":"#00294f","band":1,"off":[0,1.1]}},{"type":"Feature","geometry":{"type":"Point","coordinates":[16.427761,48.179217]},"properties":{"name":"Haidestraße","band":1,"modes":"bus","arr":["76A"],"off":[0,-0.8]}},{"type":"Feature","geometry":{"type":"Point","coordinates":[16.427761,48.179217]},"properties":{"line":"76A","mode":"bus","color":"#0059a9","colorDark":"#00294f","band":1,"off":[0,1.1]}},{"type":"Feature","geometry":{"type":"Point","coordinates":[16.485091,48.160433]},"properties":{"name":"Albern","band":1,"modes":"bus","arr":["76A","76B"],"off":[0,-0.8]}},{"type":"Feature","geometry":{"type":"Point","coordinates":[16.485091,48.160433]},"properties":{"line":"76A","mode":"bus","color":"#0059a9","colorDark":"#00294f","band":1,"off":[-1.7,1.1]}},{"type":"Feature","geometry":{"type":"Point","coordinates":[16.485091,48.160433]},"properties":{"line":"76B","mode":"bus","color":"#0059a9","colorDark":"#00294f","band":1,"off":[1.7,1.1]}},{"type":"Feature","geometry":{"type":"Point","coordinates":[16.386556,48.195125]},"properties":{"name":"Rennweg","band":1,"modes":"bus","arr":["77A"],"off":[0,-0.8]}},{"type":"Feature","geometry":{"type":"Point","coordinates":[16.386556,48.195125]},"properties":{"line":"77A","mode":"bus","color":"#0059a9","colorDark":"#00294f","band":1,"off":[0,1.1]}},{"type":"Feature","geometry":{"type":"Point","coordinates":[16.433974,48.203581]},"properties":{"name":"Praterbrücke","band":1,"modes":"bus","arr":["N81"],"off":[0,-0.8]}},{"type":"Feature","geometry":{"type":"Point","coordinates":[16.433974,48.203581]},"properties":{"line":"N81","mode":"bus","color":"#0059a9","colorDark":"#00294f","band":1,"off":[0,1.1]}},{"type":"Feature","geometry":{"type":"Point","coordinates":[16.439263,48.191103]},"properties":{"name":"Lusthaus","band":1,"modes":"bus","arr":["77A"],"off":[0,-0.8]}},{"type":"Feature","geometry":{"type":"Point","coordinates":[16.439263,48.191103]},"properties":{"line":"77A","mode":"bus","color":"#0059a9","colorDark":"#00294f","band":1,"off":[0,1.1]}},{"type":"Feature","geometry":{"type":"Point","coordinates":[16.428544,48.207762]},"properties":{"name":"Donaumarina, Chrastekgasse","band":1,"modes":"bus","arr":["79A","79B"],"off":[0,-0.8]}},{"type":"Feature","geometry":{"type":"Point","coordinates":[16.428544,48.207762]},"properties":{"line":"79A","mode":"bus","color":"#0059a9","colorDark":"#00294f","band":1,"off":[-1.7,1.1]}},{"type":"Feature","geometry":{"type":"Point","coordinates":[16.428544,48.207762]},"properties":{"line":"79B","mode":"bus","color":"#0059a9","colorDark":"#00294f","band":1,"off":[1.7,1.1]}},{"type":"Feature","geometry":{"type":"Point","coordinates":[16.328593,48.183571]},"properties":{"name":"Meidling Hauptstraße","band":1,"modes":"bus","arr":["7A","9A"],"off":[0,-0.8]}},{"type":"Feature","geometry":{"type":"Point","coordinates":[16.328593,48.183571]},"properties":{"line":"7A","mode":"bus","color":"#0059a9","colorDark":"#00294f","band":1,"off":[-1.7,1.1]}},{"type":"Feature","geometry":{"type":"Point","coordinates":[16.328593,48.183571]},"properties":{"line":"9A","mode":"bus","color":"#0059a9","colorDark":"#00294f","band":1,"off":[1.7,1.1]}},{"type":"Feature","geometry":{"type":"Point","coordinates":[16.408298,48.19451]},"properties":{"name":"Schlachthausgasse","band":1,"modes":"tram,bus","arr":["18","80A"],"off":[0,-0.8]}},{"type":"Feature","geometry":{"type":"Point","coordinates":[16.408298,48.19451]},"properties":{"name":"Ludwig-Koeßler-Platz","band":1,"modes":"tram,bus","arr":["18","80A"],"off":[0,-1.9]}},{"type":"Feature","geometry":{"type":"Point","coordinates":[16.408298,48.19451]},"properties":{"line":"18","mode":"tram","color":"#d6212b","colorDark":"#7c1116","band":1,"off":[-1.7,1.1]}},{"type":"Feature","geometry":{"type":"Point","coordinates":[16.408298,48.19451]},"properties":{"line":"80A","mode":"bus","color":"#0059a9","colorDark":"#00294f","band":1,"off":[1.7,1.1]}},{"type":"Feature","geometry":{"type":"Point","coordinates":[16.393137,48.22034]},"properties":{"name":"Praterstern","band":1,"modes":"bus","arr":["82A"],"off":[0,-0.8]}},{"type":"Feature","geometry":{"type":"Point","coordinates":[16.393137,48.22034]},"properties":{"line":"82A","mode":"bus","color":"#0059a9","colorDark":"#00294f","band":1,"off":[0,1.1]}},{"type":"Feature","geometry":{"type":"Point","coordinates":[16.413501,48.215043]},"properties":{"name":"Krieau","band":1,"modes":"bus","arr":["82A"],"off":[0,-0.8]}},{"type":"Feature","geometry":{"type":"Point","coordinates":[16.413501,48.215043]},"properties":{"line":"82A","mode":"bus","color":"#0059a9","colorDark":"#00294f","band":1,"off":[0,1.1]}},{"type":"Feature","geometry":{"type":"Point","coordinates":[16.505069,48.233823]},"properties":{"name":"Aspern Nord","band":1,"modes":"tram,bus","arr":["27","84A","89A","95A","99A","99B","N84"],"off":[0,-0.8]}},{"type":"Feature","geometry":{"type":"Point","coordinates":[16.505069,48.233823]},"properties":{"line":"27","mode":"tram","color":"#d6212b","colorDark":"#7c1116","band":1,"off":[-6.8,1.1]}},{"type":"Feature","geometry":{"type":"Point","coordinates":[16.505069,48.233823]},"properties":{"line":"84A","mode":"bus","color":"#0059a9","colorDark":"#00294f","band":1,"off":[-3.4,1.1]}},{"type":"Feature","geometry":{"type":"Point","coordinates":[16.505069,48.233823]},"properties":{"line":"89A","mode":"bus","color":"#0059a9","colorDark":"#00294f","band":1,"off":[0,1.1]}},{"type":"Feature","geometry":{"type":"Point","coordinates":[16.505069,48.233823]},"properties":{"line":"95A","mode":"bus","color":"#0059a9","colorDark":"#00294f","band":1,"off":[3.4,1.1]}},{"type":"Feature","geometry":{"type":"Point","coordinates":[16.505069,48.233823]},"properties":{"line":"99A","mode":"bus","color":"#0059a9","colorDark":"#00294f","band":1,"off":[6.8,1.1]}},{"type":"Feature","geometry":{"type":"Point","coordinates":[16.505069,48.233823]},"properties":{"line":"99B","mode":"bus","color":"#0059a9","colorDark":"#00294f","band":1,"off":[-1.7,3.1]}},{"type":"Feature","geometry":{"type":"Point","coordinates":[16.505069,48.233823]},"properties":{"line":"N84","mode":"bus","color":"#0059a9","colorDark":"#00294f","band":1,"off":[1.7,3.1]}},{"type":"Feature","geometry":{"type":"Point","coordinates":[16.486775,48.233583]},"properties":{"name":"Hausfeldstraße","band":1,"modes":"tram,bus","arr":["26","85A","95B","N23"],"off":[0,-0.8]}},{"type":"Feature","geometry":{"type":"Point","coordinates":[16.486775,48.233583]},"properties":{"line":"26","mode":"tram","color":"#d6212b","colorDark":"#7c1116","band":1,"off":[-5.1,1.1]}},{"type":"Feature","geometry":{"type":"Point","coordinates":[16.486775,48.233583]},"properties":{"line":"85A","mode":"bus","color":"#0059a9","colorDark":"#00294f","band":1,"off":[-1.7,1.1]}},{"type":"Feature","geometry":{"type":"Point","coordinates":[16.486775,48.233583]},"properties":{"line":"95B","mode":"bus","color":"#0059a9","colorDark":"#00294f","band":1,"off":[1.7,1.1]}},{"type":"Feature","geometry":{"type":"Point","coordinates":[16.486775,48.233583]},"properties":{"line":"N23","mode":"bus","color":"#0059a9","colorDark":"#00294f","band":1,"off":[5.1,1.1]}},{"type":"Feature","geometry":{"type":"Point","coordinates":[16.490596,48.255928]},"properties":{"name":"Breitenlee, Rautenweg","band":1,"modes":"bus","arr":["85A"],"off":[0,-0.8]}},{"type":"Feature","geometry":{"type":"Point","coordinates":[16.490596,48.255928]},"properties":{"line":"85A","mode":"bus","color":"#0059a9","colorDark":"#00294f","band":1,"off":[0,1.1]}},{"type":"Feature","geometry":{"type":"Point","coordinates":[16.487781,48.237126]},"properties":{"name":"Am Heidjöchl","band":1,"modes":"bus","arr":["N24"],"off":[0,-0.8]}},{"type":"Feature","geometry":{"type":"Point","coordinates":[16.487781,48.237126]},"properties":{"line":"N24","mode":"bus","color":"#0059a9","colorDark":"#00294f","band":1,"off":[0,1.1]}},{"type":"Feature","geometry":{"type":"Point","coordinates":[16.448689,48.218934]},"properties":{"name":"Stadlau","band":1,"modes":"bus","arr":["86A","87A","94A"],"off":[0,-0.8]}},{"type":"Feature","geometry":{"type":"Point","coordinates":[16.448689,48.218934]},"properties":{"line":"86A","mode":"bus","color":"#0059a9","colorDark":"#00294f","band":1,"off":[-3.4,1.1]}},{"type":"Feature","geometry":{"type":"Point","coordinates":[16.448689,48.218934]},"properties":{"line":"87A","mode":"bus","color":"#0059a9","colorDark":"#00294f","band":1,"off":[0,1.1]}},{"type":"Feature","geometry":{"type":"Point","coordinates":[16.448689,48.218934]},"properties":{"line":"94A","mode":"bus","color":"#0059a9","colorDark":"#00294f","band":1,"off":[3.4,1.1]}},{"type":"Feature","geometry":{"type":"Point","coordinates":[16.453493,48.229253]},"properties":{"name":"Erzherzog-Karl-Straße","band":1,"modes":"bus","arr":["96A","N90"],"off":[0,-0.8]}},{"type":"Feature","geometry":{"type":"Point","coordinates":[16.453493,48.229253]},"properties":{"line":"96A","mode":"bus","color":"#0059a9","colorDark":"#00294f","band":1,"off":[-1.7,1.1]}},{"type":"Feature","geometry":{"type":"Point","coordinates":[16.453493,48.229253]},"properties":{"line":"N90","mode":"bus","color":"#0059a9","colorDark":"#00294f","band":1,"off":[1.7,1.1]}},{"type":"Feature","geometry":{"type":"Point","coordinates":[16.50818,48.225456]},"properties":{"name":"Seestadt","band":1,"modes":"bus,metro","arr":["88A","88B","U2"],"off":[0,-0.8]}},{"type":"Feature","geometry":{"type":"Point","coordinates":[16.50818,48.225456]},"properties":{"line":"88A","mode":"bus","color":"#0059a9","colorDark":"#00294f","band":1,"off":[-3.4,1.1]}},{"type":"Feature","geometry":{"type":"Point","coordinates":[16.50818,48.225456]},"properties":{"line":"88B","mode":"bus","color":"#0059a9","colorDark":"#00294f","band":1,"off":[0,1.1]}},{"type":"Feature","geometry":{"type":"Point","coordinates":[16.50818,48.225456]},"properties":{"line":"U2","mode":"tram","color":"#A862A4","colorDark":"#5c365a","band":1,"metro":1,"off":[3.4,1.1]}},{"type":"Feature","geometry":{"type":"Point","coordinates":[16.514978,48.202348]},"properties":{"name":"Eßling, Wegmayersiedlung","band":1,"modes":"bus","arr":["88B"],"off":[0,-0.8]}},{"type":"Feature","geometry":{"type":"Point","coordinates":[16.514978,48.202348]},"properties":{"line":"88B","mode":"bus","color":"#0059a9","colorDark":"#00294f","band":1,"off":[0,1.1]}},{"type":"Feature","geometry":{"type":"Point","coordinates":[16.536093,48.261484]},"properties":{"name":"Invalidensiedlung","band":1,"modes":"bus","arr":["89A"],"off":[0,-0.8]}},{"type":"Feature","geometry":{"type":"Point","coordinates":[16.536093,48.261484]},"properties":{"line":"89A","mode":"bus","color":"#0059a9","colorDark":"#00294f","band":1,"off":[0,1.1]}},{"type":"Feature","geometry":{"type":"Point","coordinates":[16.439822,48.212335]},"properties":{"name":"Donaustadtbrücke","band":1,"modes":"bus","arr":["N91"],"off":[0,-0.8]}},{"type":"Feature","geometry":{"type":"Point","coordinates":[16.439822,48.212335]},"properties":{"line":"N91","mode":"bus","color":"#0059a9","colorDark":"#00294f","band":1,"off":[0,1.1]}},{"type":"Feature","geometry":{"type":"Point","coordinates":[16.509779,48.166166]},"properties":{"name":"Ölhafen","band":1,"modes":"bus","arr":["92B"],"off":[0,-0.8]}},{"type":"Feature","geometry":{"type":"Point","coordinates":[16.509779,48.166166]},"properties":{"line":"92B","mode":"bus","color":"#0059a9","colorDark":"#00294f","band":1,"off":[0,1.1]}},{"type":"Feature","geometry":{"type":"Point","coordinates":[16.454022,48.205594]},"properties":{"name":"Schillwasserweg","band":1,"modes":"bus","arr":["96A"],"off":[0,-0.8]}},{"type":"Feature","geometry":{"type":"Point","coordinates":[16.454022,48.205594]},"properties":{"line":"96A","mode":"bus","color":"#0059a9","colorDark":"#00294f","band":1,"off":[0,1.1]}},{"type":"Feature","geometry":{"type":"Point","coordinates":[16.473734,48.202506]},"properties":{"name":"Großer Biberhaufen","band":1,"modes":"bus","arr":["95A"],"off":[0,-0.8]}},{"type":"Feature","geometry":{"type":"Point","coordinates":[16.473734,48.202506]},"properties":{"line":"95A","mode":"bus","color":"#0059a9","colorDark":"#00294f","band":1,"off":[0,1.1]}},{"type":"Feature","geometry":{"type":"Point","coordinates":[16.468313,48.233016]},"properties":{"name":"Hirschstetten","band":1,"modes":"bus","arr":["95B"],"off":[0,-0.8]}},{"type":"Feature","geometry":{"type":"Point","coordinates":[16.468313,48.233016]},"properties":{"line":"95B","mode":"bus","color":"#0059a9","colorDark":"#00294f","band":1,"off":[0,1.1]}},{"type":"Feature","geometry":{"type":"Point","coordinates":[16.544263,48.219258]},"properties":{"name":"Eßling, Schippanisiedlung","band":1,"modes":"bus","arr":["98A"],"off":[0,-0.8]}},{"type":"Feature","geometry":{"type":"Point","coordinates":[16.544263,48.219258]},"properties":{"line":"98A","mode":"bus","color":"#0059a9","colorDark":"#00294f","band":1,"off":[0,1.1]}},{"type":"Feature","geometry":{"type":"Point","coordinates":[16.52627,48.214419]},"properties":{"name":"Eßling Schule","band":1,"modes":"bus","arr":["99A","99B"],"off":[0,-0.8]}},{"type":"Feature","geometry":{"type":"Point","coordinates":[16.52627,48.214419]},"properties":{"line":"99A","mode":"bus","color":"#0059a9","colorDark":"#00294f","band":1,"off":[-1.7,1.1]}},{"type":"Feature","geometry":{"type":"Point","coordinates":[16.52627,48.214419]},"properties":{"line":"99B","mode":"bus","color":"#0059a9","colorDark":"#00294f","band":1,"off":[1.7,1.1]}},{"type":"Feature","geometry":{"type":"Point","coordinates":[16.386602,48.291448]},"properties":{"name":"Strebersdorf Meriangasse","band":1,"modes":"tram,bus","arr":["26","27","N20"],"off":[0,-0.8]}},{"type":"Feature","geometry":{"type":"Point","coordinates":[16.386602,48.291448]},"properties":{"line":"26","mode":"tram","color":"#d6212b","colorDark":"#7c1116","band":1,"off":[-3.4,1.1]}},{"type":"Feature","geometry":{"type":"Point","coordinates":[16.386602,48.291448]},"properties":{"line":"27","mode":"tram","color":"#d6212b","colorDark":"#7c1116","band":1,"off":[0,1.1]}},{"type":"Feature","geometry":{"type":"Point","coordinates":[16.386602,48.291448]},"properties":{"line":"N20","mode":"bus","color":"#0059a9","colorDark":"#00294f","band":1,"off":[3.4,1.1]}},{"type":"Feature","geometry":{"type":"Point","coordinates":[16.420333,48.297912]},"properties":{"name":"Stammersdorf","band":1,"modes":"tram,bus","arr":["30","31","N31"],"off":[0,-0.8]}},{"type":"Feature","geometry":{"type":"Point","coordinates":[16.420333,48.297912]},"properties":{"line":"30","mode":"tram","color":"#d6212b","colorDark":"#7c1116","band":1,"off":[-3.4,1.1]}},{"type":"Feature","geometry":{"type":"Point","coordinates":[16.420333,48.297912]},"properties":{"line":"31","mode":"tram","color":"#d6212b","colorDark":"#7c1116","band":1,"off":[0,1.1]}},{"type":"Feature","geometry":{"type":"Point","coordinates":[16.420333,48.297912]},"properties":{"line":"N31","mode":"bus","color":"#0059a9","colorDark":"#00294f","band":1,"off":[3.4,1.1]}},{"type":"Feature","geometry":{"type":"Point","coordinates":[16.367233,48.259836]},"properties":{"name":"Nußdorf","band":1,"modes":"bus","arr":["N36"],"off":[0,-0.8]}},{"type":"Feature","geometry":{"type":"Point","coordinates":[16.367233,48.259836]},"properties":{"line":"N36","mode":"bus","color":"#0059a9","colorDark":"#00294f","band":1,"off":[0,1.1]}},{"type":"Feature","geometry":{"type":"Point","coordinates":[16.341886,48.255107]},"properties":{"name":"Grinzing","band":1,"modes":"tram,bus","arr":["38","N38"],"off":[0,-0.8]}},{"type":"Feature","geometry":{"type":"Point","coordinates":[16.341886,48.255107]},"properties":{"line":"38","mode":"tram","color":"#d6212b","colorDark":"#7c1116","band":1,"off":[-1.7,1.1]}},{"type":"Feature","geometry":{"type":"Point","coordinates":[16.341886,48.255107]},"properties":{"line":"N38","mode":"bus","color":"#0059a9","colorDark":"#00294f","band":1,"off":[1.7,1.1]}},{"type":"Feature","geometry":{"type":"Point","coordinates":[16.312105,48.199648]},"properties":{"name":"Hütteldorfer Straße","band":1,"modes":"bus","arr":["N49"],"off":[0,-0.8]}},{"type":"Feature","geometry":{"type":"Point","coordinates":[16.312105,48.199648]},"properties":{"line":"N49","mode":"bus","color":"#0059a9","colorDark":"#00294f","band":1,"off":[0,1.1]}},{"type":"Feature","geometry":{"type":"Point","coordinates":[16.338803,48.196776]},"properties":{"name":"Westbahnhof","band":1,"modes":"tram,bus","arr":["5","9","52","60","N54","N6"],"off":[0,-0.8]}},{"type":"Feature","geometry":{"type":"Point","coordinates":[16.338803,48.196776]},"properties":{"line":"5","mode":"tram","color":"#d6212b","colorDark":"#7c1116","band":1,"off":[-6.8,1.1]}},{"type":"Feature","geometry":{"type":"Point","coordinates":[16.338803,48.196776]},"properties":{"line":"9","mode":"tram","color":"#d6212b","colorDark":"#7c1116","band":1,"off":[-3.4,1.1]}},{"type":"Feature","geometry":{"type":"Point","coordinates":[16.338803,48.196776]},"properties":{"line":"52","mode":"tram","color":"#d6212b","colorDark":"#7c1116","band":1,"off":[0,1.1]}},{"type":"Feature","geometry":{"type":"Point","coordinates":[16.338803,48.196776]},"properties":{"line":"60","mode":"tram","color":"#d6212b","colorDark":"#7c1116","band":1,"off":[3.4,1.1]}},{"type":"Feature","geometry":{"type":"Point","coordinates":[16.338803,48.196776]},"properties":{"line":"N54","mode":"bus","color":"#0059a9","colorDark":"#00294f","band":1,"off":[6.8,1.1]}},{"type":"Feature","geometry":{"type":"Point","coordinates":[16.338803,48.196776]},"properties":{"line":"N6","mode":"bus","color":"#0059a9","colorDark":"#00294f","band":1,"off":[0,3.1]}},{"type":"Feature","geometry":{"type":"Point","coordinates":[16.26265,48.133037]},"properties":{"name":"Rodaun","band":1,"modes":"tram,bus","arr":["60","N60"],"off":[0,-0.8]}},{"type":"Feature","geometry":{"type":"Point","coordinates":[16.26265,48.133037]},"properties":{"line":"60","mode":"tram","color":"#d6212b","colorDark":"#7c1116","band":1,"off":[-1.7,1.1]}},{"type":"Feature","geometry":{"type":"Point","coordinates":[16.26265,48.133037]},"properties":{"line":"N60","mode":"bus","color":"#0059a9","colorDark":"#00294f","band":1,"off":[1.7,1.1]}},{"type":"Feature","geometry":{"type":"Point","coordinates":[16.238883,48.137946]},"properties":{"name":"Kalksburg Lodererweg","band":1,"modes":"bus","arr":["N61"],"off":[0,-0.8]}},{"type":"Feature","geometry":{"type":"Point","coordinates":[16.238883,48.137946]},"properties":{"line":"N61","mode":"bus","color":"#0059a9","colorDark":"#00294f","band":1,"off":[0,1.1]}},{"type":"Feature","geometry":{"type":"Point","coordinates":[16.373405,48.175327]},"properties":{"name":"Quellenplatz","band":1,"modes":"bus","arr":["N68"],"off":[0,-0.8]}},{"type":"Feature","geometry":{"type":"Point","coordinates":[16.373405,48.175327]},"properties":{"line":"N68","mode":"bus","color":"#0059a9","colorDark":"#00294f","band":1,"off":[0,1.1]}},{"type":"Feature","geometry":{"type":"Point","coordinates":[16.417192,48.185254]},"properties":{"name":"Gasometer","band":1,"modes":"bus","arr":["N75"],"off":[0,-0.8]}},{"type":"Feature","geometry":{"type":"Point","coordinates":[16.417192,48.185254]},"properties":{"line":"N75","mode":"bus","color":"#0059a9","colorDark":"#00294f","band":1,"off":[0,1.1]}},{"type":"Feature","geometry":{"type":"Point","coordinates":[16.440657,48.153412]},"properties":{"name":"Zentralfriedhof 2.Tor","band":1,"modes":"bus","arr":["ZF"],"off":[0,-0.8]}},{"type":"Feature","geometry":{"type":"Point","coordinates":[16.440657,48.153412]},"properties":{"line":"ZF","mode":"bus","color":"#0059a9","colorDark":"#00294f","band":1,"off":[0,1.1]}},{"type":"Feature","geometry":{"type":"Point","coordinates":[16.4053,48.208883]},"properties":{"name":"Prater, Hauptallee","band":1,"modes":"tram","arr":["1"],"off":[0,-0.8]}},{"type":"Feature","geometry":{"type":"Point","coordinates":[16.4053,48.208883]},"properties":{"line":"1","mode":"tram","color":"#d6212b","colorDark":"#7c1116","band":1,"off":[0,1.1]}},{"type":"Feature","geometry":{"type":"Point","coordinates":[16.354604,48.16841]},"properties":{"name":"Stefan-Fadinger-Platz","band":1,"modes":"tram","arr":["1"],"off":[0,-0.8]}},{"type":"Feature","geometry":{"type":"Point","coordinates":[16.354604,48.16841]},"properties":{"line":"1","mode":"tram","color":"#d6212b","colorDark":"#7c1116","band":1,"off":[0,1.1]}},{"type":"Feature","geometry":{"type":"Point","coordinates":[16.38017,48.244087]},"properties":{"name":"Friedrich-Engels-Platz","band":1,"modes":"tram","arr":["2"],"off":[0,-0.8]}},{"type":"Feature","geometry":{"type":"Point","coordinates":[16.38017,48.244087]},"properties":{"line":"2","mode":"tram","color":"#d6212b","colorDark":"#7c1116","band":1,"off":[0,1.1]}},{"type":"Feature","geometry":{"type":"Point","coordinates":[16.337108,48.202024]},"properties":{"name":"Burggasse-Stadthalle","band":1,"modes":"tram","arr":["6","18"],"off":[0,-0.8]}},{"type":"Feature","geometry":{"type":"Point","coordinates":[16.337108,48.202024]},"properties":{"line":"6","mode":"tram","color":"#d6212b","colorDark":"#7c1116","band":1,"off":[-1.7,1.1]}},{"type":"Feature","geometry":{"type":"Point","coordinates":[16.337108,48.202024]},"properties":{"line":"18","mode":"tram","color":"#d6212b","colorDark":"#7c1116","band":1,"off":[1.7,1.1]}},{"type":"Feature","geometry":{"type":"Point","coordinates":[16.399359,48.175631]},"properties":{"name":"Geiereckstraße","band":1,"modes":"tram","arr":["6"],"off":[0,-0.8]}},{"type":"Feature","geometry":{"type":"Point","coordinates":[16.399359,48.175631]},"properties":{"line":"6","mode":"tram","color":"#d6212b","colorDark":"#7c1116","band":1,"off":[0,1.1]}},{"type":"Feature","geometry":{"type":"Point","coordinates":[16.326859,48.232079]},"properties":{"name":"Gersthof, Wallrißstraße","band":1,"modes":"tram","arr":["9"],"off":[0,-0.8]}},{"type":"Feature","geometry":{"type":"Point","coordinates":[16.326859,48.232079]},"properties":{"line":"9","mode":"tram","color":"#d6212b","colorDark":"#7c1116","band":1,"off":[0,1.1]}},{"type":"Feature","geometry":{"type":"Point","coordinates":[16.282035,48.185677]},"properties":{"name":"Unter St. Veit, Hummelgasse","band":1,"modes":"tram","arr":["10"],"off":[0,-0.8]}},{"type":"Feature","geometry":{"type":"Point","coordinates":[16.282035,48.185677]},"properties":{"line":"10","mode":"tram","color":"#d6212b","colorDark":"#7c1116","band":1,"off":[0,1.1]}},{"type":"Feature","geometry":{"type":"Point","coordinates":[16.349428,48.153894]},"properties":{"name":"Otto-Probst-Platz","band":1,"modes":"tram","arr":["11"],"off":[0,-0.8]}},{"type":"Feature","geometry":{"type":"Point","coordinates":[16.349428,48.153894]},"properties":{"line":"11","mode":"tram","color":"#d6212b","colorDark":"#7c1116","band":1,"off":[0,1.1]}},{"type":"Feature","geometry":{"type":"Point","coordinates":[16.40741,48.220846]},"properties":{"name":"Hillerstraße","band":1,"modes":"tram","arr":["12"],"off":[0,-0.8]}},{"type":"Feature","geometry":{"type":"Point","coordinates":[16.40741,48.220846]},"properties":{"line":"12","mode":"tram","color":"#d6212b","colorDark":"#7c1116","band":1,"off":[0,1.1]}},{"type":"Feature","geometry":{"type":"Point","coordinates":[16.39292,48.228688]},"properties":{"name":"Bruno-Marek-Allee","band":1,"modes":"tram","arr":["O"],"off":[0,-0.8]}},{"type":"Feature","geometry":{"type":"Point","coordinates":[16.39292,48.228688]},"properties":{"line":"O","mode":"tram","color":"#d6212b","colorDark":"#7c1116","band":1,"off":[0,1.1]}},{"type":"Feature","geometry":{"type":"Point","coordinates":[16.339523,48.211722]},"properties":{"name":"Josefstädter Straße","band":1,"modes":"tram","arr":["12","46"],"off":[0,-0.8]}},{"type":"Feature","geometry":{"type":"Point","coordinates":[16.339523,48.211722]},"properties":{"line":"12","mode":"tram","color":"#d6212b","colorDark":"#7c1116","band":1,"off":[-1.7,1.1]}},{"type":"Feature","geometry":{"type":"Point","coordinates":[16.339523,48.211722]},"properties":{"line":"46","mode":"tram","color":"#d6212b","colorDark":"#7c1116","band":1,"off":[1.7,1.1]}},{"type":"Feature","geometry":{"type":"Point","coordinates":[16.48034,48.217461]},"properties":{"name":"Aspern, Oberdorfstraße","band":1,"modes":"tram","arr":["25","26"],"off":[0,-0.8]}},{"type":"Feature","geometry":{"type":"Point","coordinates":[16.48034,48.217461]},"properties":{"line":"25","mode":"tram","color":"#d6212b","colorDark":"#7c1116","band":1,"off":[-1.7,1.1]}},{"type":"Feature","geometry":{"type":"Point","coordinates":[16.48034,48.217461]},"properties":{"line":"26","mode":"tram","color":"#d6212b","colorDark":"#7c1116","band":1,"off":[1.7,1.1]}},{"type":"Feature","geometry":{"type":"Point","coordinates":[16.355545,48.251014]},"properties":{"name":"Hohe Warte","band":1,"modes":"tram","arr":["37"],"off":[0,-0.8]}},{"type":"Feature","geometry":{"type":"Point","coordinates":[16.355545,48.251014]},"properties":{"line":"37","mode":"tram","color":"#d6212b","colorDark":"#7c1116","band":1,"off":[0,1.1]}},{"type":"Feature","geometry":{"type":"Point","coordinates":[16.317193,48.232466]},"properties":{"name":"Gersthof, Herbeckstraße","band":1,"modes":"tram","arr":["37","40"],"off":[0,-0.8]}},{"type":"Feature","geometry":{"type":"Point","coordinates":[16.317193,48.232466]},"properties":{"line":"37","mode":"tram","color":"#d6212b","colorDark":"#7c1116","band":1,"off":[-1.7,1.1]}},{"type":"Feature","geometry":{"type":"Point","coordinates":[16.317193,48.232466]},"properties":{"line":"40","mode":"tram","color":"#d6212b","colorDark":"#7c1116","band":1,"off":[1.7,1.1]}},{"type":"Feature","geometry":{"type":"Point","coordinates":[16.329972,48.225852]},"properties":{"name":"Antonigasse","band":1,"modes":"tram","arr":["42"],"off":[0,-0.8]}},{"type":"Feature","geometry":{"type":"Point","coordinates":[16.329972,48.225852]},"properties":{"line":"42","mode":"tram","color":"#d6212b","colorDark":"#7c1116","band":1,"off":[0,1.1]}},{"type":"Feature","geometry":{"type":"Point","coordinates":[16.305761,48.214381]},"properties":{"name":"Maroltingergasse","band":1,"modes":"tram","arr":["44"],"off":[0,-0.8]}},{"type":"Feature","geometry":{"type":"Point","coordinates":[16.305761,48.214381]},"properties":{"line":"44","mode":"tram","color":"#d6212b","colorDark":"#7c1116","band":1,"off":[0,1.1]}},{"type":"Feature","geometry":{"type":"Point","coordinates":[16.255919,48.20267]},"properties":{"name":"Hütteldorf, Bujattigasse","band":1,"modes":"tram","arr":["49"],"off":[0,-0.8]}},{"type":"Feature","geometry":{"type":"Point","coordinates":[16.255919,48.20267]},"properties":{"line":"49","mode":"tram","color":"#d6212b","colorDark":"#7c1116","band":1,"off":[0,1.1]}},{"type":"Feature","geometry":{"type":"Point","coordinates":[16.271166,48.199104]},"properties":{"name":"Baumgarten","band":1,"modes":"tram","arr":["52"],"off":[0,-0.8]}},{"type":"Feature","geometry":{"type":"Point","coordinates":[16.271166,48.199104]},"properties":{"line":"52","mode":"tram","color":"#d6212b","colorDark":"#7c1116","band":1,"off":[0,1.1]}},{"type":"Feature","geometry":{"type":"Point","coordinates":[16.274025,48.175394]},"properties":{"name":"Lainz, Wolkersbergenstraße","band":1,"modes":"tram","arr":["62"],"off":[0,-0.8]}},{"type":"Feature","geometry":{"type":"Point","coordinates":[16.274025,48.175394]},"properties":{"line":"62","mode":"tram","color":"#d6212b","colorDark":"#7c1116","band":1,"off":[0,1.1]}},{"type":"Feature","geometry":{"type":"Point","coordinates":[16.23369,48.005971]},"properties":{"name":"Baden Josefsplatz","band":1,"modes":"tram","arr":["BB"],"off":[0,-0.8]}},{"type":"Feature","geometry":{"type":"Point","coordinates":[16.23369,48.005971]},"properties":{"line":"BB","mode":"tram","color":"#d6212b","colorDark":"#7c1116","band":1,"off":[0,1.1]}},{"type":"Feature","geometry":{"type":"Point","coordinates":[16.390383,48.176481]},"properties":{"name":"Absberggasse","band":1,"modes":"tram","arr":["D"],"off":[0,-0.8]}},{"type":"Feature","geometry":{"type":"Point","coordinates":[16.390383,48.176481]},"properties":{"line":"D","mode":"tram","color":"#d6212b","colorDark":"#7c1116","band":1,"off":[0,1.1]}},{"type":"Feature","geometry":{"type":"Point","coordinates":[16.364403,48.166785]},"properties":{"name":"Raxstraße","band":1,"modes":"tram","arr":["O"],"off":[0,-0.8]}},{"type":"Feature","geometry":{"type":"Point","coordinates":[16.364403,48.166785]},"properties":{"line":"O","mode":"tram","color":"#d6212b","colorDark":"#7c1116","band":1,"off":[0,1.1]}},{"type":"Feature","geometry":{"type":"Point","coordinates":[16.365199,48.248804]},"properties":{"name":"Heiligenstadt","band":2,"modes":"bus,metro","arr":["10A","11A","38A","39A","5B","U4"],"off":[0,-0.8]}},{"type":"Feature","geometry":{"type":"Point","coordinates":[16.365199,48.248804]},"properties":{"line":"10A","mode":"bus","color":"#0059a9","colorDark":"#00294f","band":2,"off":[-6.8,1.1]}},{"type":"Feature","geometry":{"type":"Point","coordinates":[16.365199,48.248804]},"properties":{"line":"11A","mode":"bus","color":"#0059a9","colorDark":"#00294f","band":2,"off":[-3.4,1.1]}},{"type":"Feature","geometry":{"type":"Point","coordinates":[16.365199,48.248804]},"properties":{"line":"38A","mode":"bus","color":"#0059a9","colorDark":"#00294f","band":2,"off":[0,1.1]}},{"type":"Feature","geometry":{"type":"Point","coordinates":[16.365199,48.248804]},"properties":{"line":"39A","mode":"bus","color":"#0059a9","colorDark":"#00294f","band":2,"off":[3.4,1.1]}},{"type":"Feature","geometry":{"type":"Point","coordinates":[16.365199,48.248804]},"properties":{"line":"5B","mode":"bus","color":"#0059a9","colorDark":"#00294f","band":2,"off":[6.8,1.1]}},{"type":"Feature","geometry":{"type":"Point","coordinates":[16.365199,48.248804]},"properties":{"line":"U4","mode":"tram","color":"#319F49","colorDark":"#1b5728","band":2,"metro":1,"off":[0,3.1]}},{"type":"Feature","geometry":{"type":"Point","coordinates":[16.330675,48.181346]},"properties":{"name":"Niederhofstraße","band":2,"modes":"bus","arr":["10A"],"off":[0,-0.8]}},{"type":"Feature","geometry":{"type":"Point","coordinates":[16.330675,48.181346]},"properties":{"line":"10A","mode":"bus","color":"#0059a9","colorDark":"#00294f","band":2,"off":[0,1.1]}},{"type":"Feature","geometry":{"type":"Point","coordinates":[16.421405,48.210962]},"properties":{"name":"Stadion","band":2,"modes":"bus","arr":["11A"],"off":[0,-0.8]}},{"type":"Feature","geometry":{"type":"Point","coordinates":[16.421405,48.210962]},"properties":{"line":"11A","mode":"bus","color":"#0059a9","colorDark":"#00294f","band":2,"off":[0,1.1]}},{"type":"Feature","geometry":{"type":"Point","coordinates":[16.383929,48.241121]},"properties":{"name":"Handelskai","band":2,"modes":"bus","arr":["N8"],"off":[0,-0.8]}},{"type":"Feature","geometry":{"type":"Point","coordinates":[16.383929,48.241121]},"properties":{"line":"N8","mode":"bus","color":"#0059a9","colorDark":"#00294f","band":2,"off":[0,1.1]}},{"type":"Feature","geometry":{"type":"Point","coordinates":[16.315274,48.206833]},"properties":{"name":"Schmelz, Gablenzgasse","band":2,"modes":"bus","arr":["12A"],"off":[0,-0.8]}},{"type":"Feature","geometry":{"type":"Point","coordinates":[16.315274,48.206833]},"properties":{"line":"12A","mode":"bus","color":"#0059a9","colorDark":"#00294f","band":2,"off":[0,1.1]}},{"type":"Feature","geometry":{"type":"Point","coordinates":[16.350214,48.181464]},"properties":{"name":"Eichenstraße","band":2,"modes":"bus","arr":["12A"],"off":[0,-0.8]}},{"type":"Feature","geometry":{"type":"Point","coordinates":[16.350214,48.181464]},"properties":{"line":"12A","mode":"bus","color":"#0059a9","colorDark":"#00294f","band":2,"off":[0,1.1]}},{"type":"Feature","geometry":{"type":"Point","coordinates":[16.348651,48.214861]},"properties":{"name":"Skodagasse","band":2,"modes":"bus","arr":["13A"],"off":[0,-0.8]}},{"type":"Feature","geometry":{"type":"Point","coordinates":[16.348651,48.214861]},"properties":{"line":"13A","mode":"bus","color":"#0059a9","colorDark":"#00294f","band":2,"off":[0,1.1]}},{"type":"Feature","geometry":{"type":"Point","coordinates":[16.375474,48.186139]},"properties":{"name":"Hauptbahnhof","band":2,"modes":"bus","arr":["13A","69A"],"off":[0,-0.8]}},{"type":"Feature","geometry":{"type":"Point","coordinates":[16.375474,48.186139]},"properties":{"line":"13A","mode":"bus","color":"#0059a9","colorDark":"#00294f","band":2,"off":[-1.7,1.1]}},{"type":"Feature","geometry":{"type":"Point","coordinates":[16.375474,48.186139]},"properties":{"line":"69A","mode":"bus","color":"#0059a9","colorDark":"#00294f","band":2,"off":[1.7,1.1]}},{"type":"Feature","geometry":{"type":"Point","coordinates":[16.350877,48.198109]},"properties":{"name":"Neubaugasse","band":2,"modes":"bus","arr":["14A"],"off":[0,-0.8]}},{"type":"Feature","geometry":{"type":"Point","coordinates":[16.350877,48.198109]},"properties":{"line":"14A","mode":"bus","color":"#0059a9","colorDark":"#00294f","band":2,"off":[0,1.1]}},{"type":"Feature","geometry":{"type":"Point","coordinates":[16.37879,48.175485]},"properties":{"name":"Reumannplatz","band":2,"modes":"bus","arr":["14A","68A","68B"],"off":[0,-0.8]}},{"type":"Feature","geometry":{"type":"Point","coordinates":[16.37879,48.175485]},"properties":{"line":"14A","mode":"bus","color":"#0059a9","colorDark":"#00294f","band":2,"off":[-3.4,1.1]}},{"type":"Feature","geometry":{"type":"Point","coordinates":[16.37879,48.175485]},"properties":{"line":"68A","mode":"bus","color":"#0059a9","colorDark":"#00294f","band":2,"off":[0,1.1]}},{"type":"Feature","geometry":{"type":"Point","coordinates":[16.37879,48.175485]},"properties":{"line":"68B","mode":"bus","color":"#0059a9","colorDark":"#00294f","band":2,"off":[3.4,1.1]}},{"type":"Feature","geometry":{"type":"Point","coordinates":[16.331972,48.172534]},"properties":{"name":"Meidling, Schedifkaplatz","band":2,"modes":"bus","arr":["15A","7B"],"off":[0,-0.8]}},{"type":"Feature","geometry":{"type":"Point","coordinates":[16.331972,48.172534]},"properties":{"line":"15A","mode":"bus","color":"#0059a9","colorDark":"#00294f","band":2,"off":[-1.7,1.1]}},{"type":"Feature","geometry":{"type":"Point","coordinates":[16.331972,48.172534]},"properties":{"line":"7B","mode":"bus","color":"#0059a9","colorDark":"#00294f","band":2,"off":[1.7,1.1]}},{"type":"Feature","geometry":{"type":"Point","coordinates":[16.415962,48.173959]},"properties":{"name":"Enkplatz","band":2,"modes":"bus","arr":["15A","76A","76B","N6"],"off":[0,-0.8]}},{"type":"Feature","geometry":{"type":"Point","coordinates":[16.415962,48.173959]},"properties":{"line":"15A","mode":"bus","color":"#0059a9","colorDark":"#00294f","band":2,"off":[-5.1,1.1]}},{"type":"Feature","geometry":{"type":"Point","coordinates":[16.415962,48.173959]},"properties":{"line":"76A","mode":"bus","color":"#0059a9","colorDark":"#00294f","band":2,"off":[-1.7,1.1]}},{"type":"Feature","geometry":{"type":"Point","coordinates":[16.415962,48.173959]},"properties":{"line":"76B","mode":"bus","color":"#0059a9","colorDark":"#00294f","band":2,"off":[1.7,1.1]}},{"type":"Feature","geometry":{"type":"Point","coordinates":[16.415962,48.173959]},"properties":{"line":"N6","mode":"bus","color":"#0059a9","colorDark":"#00294f","band":2,"off":[5.1,1.1]}},{"type":"Feature","geometry":{"type":"Point","coordinates":[16.383569,48.160858]},"properties":{"name":"Altes Landgut","band":2,"modes":"bus","arr":["N67"],"off":[0,-0.8]}},{"type":"Feature","geometry":{"type":"Point","coordinates":[16.383569,48.160858]},"properties":{"line":"N67","mode":"bus","color":"#0059a9","colorDark":"#00294f","band":2,"off":[0,1.1]}},{"type":"Feature","geometry":{"type":"Point","coordinates":[16.344783,48.169967]},"properties":{"name":"Gesundheitszentrum Süd","band":2,"modes":"bus","arr":["63A"],"off":[0,-0.8]}},{"type":"Feature","geometry":{"type":"Point","coordinates":[16.344783,48.169967]},"properties":{"line":"63A","mode":"bus","color":"#0059a9","colorDark":"#00294f","band":2,"off":[0,1.1]}},{"type":"Feature","geometry":{"type":"Point","coordinates":[16.314441,48.165826]},"properties":{"name":"Hetzendorf","band":2,"modes":"bus","arr":["16A","64B"],"off":[0,-0.8]}},{"type":"Feature","geometry":{"type":"Point","coordinates":[16.314441,48.165826]},"properties":{"line":"16A","mode":"bus","color":"#0059a9","colorDark":"#00294f","band":2,"off":[-1.7,1.1]}},{"type":"Feature","geometry":{"type":"Point","coordinates":[16.314441,48.165826]},"properties":{"line":"64B","mode":"bus","color":"#0059a9","colorDark":"#00294f","band":2,"off":[1.7,1.1]}},{"type":"Feature","geometry":{"type":"Point","coordinates":[16.381679,48.152878]},"properties":{"name":"Alaudagasse","band":2,"modes":"bus","arr":["16A","19A","67A","67B","N17"],"off":[0,-0.8]}},{"type":"Feature","geometry":{"type":"Point","coordinates":[16.381679,48.152878]},"properties":{"line":"16A","mode":"bus","color":"#0059a9","colorDark":"#00294f","band":2,"off":[-6.8,1.1]}},{"type":"Feature","geometry":{"type":"Point","coordinates":[16.381679,48.152878]},"properties":{"line":"19A","mode":"bus","color":"#0059a9","colorDark":"#00294f","band":2,"off":[-3.4,1.1]}},{"type":"Feature","geometry":{"type":"Point","coordinates":[16.381679,48.152878]},"properties":{"line":"67A","mode":"bus","color":"#0059a9","colorDark":"#00294f","band":2,"off":[0,1.1]}},{"type":"Feature","geometry":{"type":"Point","coordinates":[16.381679,48.152878]},"properties":{"line":"67B","mode":"bus","color":"#0059a9","colorDark":"#00294f","band":2,"off":[3.4,1.1]}},{"type":"Feature","geometry":{"type":"Point","coordinates":[16.381679,48.152878]},"properties":{"line":"N17","mode":"bus","color":"#0059a9","colorDark":"#00294f","band":2,"off":[6.8,1.1]}},{"type":"Feature","geometry":{"type":"Point","coordinates":[16.351496,48.136697]},"properties":{"name":"Inzersdorf, Birostraße","band":2,"modes":"bus","arr":["17A"],"off":[0,-0.8]}},{"type":"Feature","geometry":{"type":"Point","coordinates":[16.351496,48.136697]},"properties":{"line":"17A","mode":"bus","color":"#0059a9","colorDark":"#00294f","band":2,"off":[0,1.1]}},{"type":"Feature","geometry":{"type":"Point","coordinates":[16.39861,48.143426]},"properties":{"name":"Oberlaa","band":2,"modes":"bus","arr":["17A","68B","70A","N68"],"off":[0,-0.8]}},{"type":"Feature","geometry":{"type":"Point","coordinates":[16.39861,48.143426]},"properties":{"line":"17A","mode":"bus","color":"#0059a9","colorDark":"#00294f","band":2,"off":[-5.1,1.1]}},{"type":"Feature","geometry":{"type":"Point","coordinates":[16.39861,48.143426]},"properties":{"line":"68B","mode":"bus","color":"#0059a9","colorDark":"#00294f","band":2,"off":[-1.7,1.1]}},{"type":"Feature","geometry":{"type":"Point","coordinates":[16.39861,48.143426]},"properties":{"line":"70A","mode":"bus","color":"#0059a9","colorDark":"#00294f","band":2,"off":[1.7,1.1]}},{"type":"Feature","geometry":{"type":"Point","coordinates":[16.39861,48.143426]},"properties":{"line":"N68","mode":"bus","color":"#0059a9","colorDark":"#00294f","band":2,"off":[5.1,1.1]}},{"type":"Feature","geometry":{"type":"Point","coordinates":[16.386053,48.152811]},"properties":{"name":"Ada-Christen-Gasse","band":2,"modes":"bus","arr":["19A"],"off":[0,-0.8]}},{"type":"Feature","geometry":{"type":"Point","coordinates":[16.386053,48.152811]},"properties":{"line":"19A","mode":"bus","color":"#0059a9","colorDark":"#00294f","band":2,"off":[0,1.1]}},{"type":"Feature","geometry":{"type":"Point","coordinates":[16.372554,48.209309]},"properties":{"name":"Stephansplatz","band":2,"modes":"bus","arr":["1A"],"off":[0,-0.8]}},{"type":"Feature","geometry":{"type":"Point","coordinates":[16.372554,48.209309]},"properties":{"line":"1A","mode":"bus","color":"#0059a9","colorDark":"#00294f","band":2,"off":[0,1.1]}},{"type":"Feature","geometry":{"type":"Point","coordinates":[16.362424,48.213748]},"properties":{"name":"Schottentor","band":2,"modes":"bus,tram","arr":["1A","37","38","40","41","42","43","44","N38","N41","N43"],"off":[0,-0.8]}},{"type":"Feature","geometry":{"type":"Point","coordinates":[16.362424,48.213748]},"properties":{"line":"1A","mode":"bus","color":"#0059a9","colorDark":"#00294f","band":2,"off":[-6.8,1.1]}},{"type":"Feature","geometry":{"type":"Point","coordinates":[16.362424,48.213748]},"properties":{"line":"37","mode":"tram","color":"#d6212b","colorDark":"#7c1116","band":2,"off":[-3.4,1.1]}},{"type":"Feature","geometry":{"type":"Point","coordinates":[16.362424,48.213748]},"properties":{"line":"38","mode":"tram","color":"#d6212b","colorDark":"#7c1116","band":2,"off":[0,1.1]}},{"type":"Feature","geometry":{"type":"Point","coordinates":[16.362424,48.213748]},"properties":{"line":"40","mode":"tram","color":"#d6212b","colorDark":"#7c1116","band":2,"off":[3.4,1.1]}},{"type":"Feature","geometry":{"type":"Point","coordinates":[16.362424,48.213748]},"properties":{"line":"41","mode":"tram","color":"#d6212b","colorDark":"#7c1116","band":2,"off":[6.8,1.1]}},{"type":"Feature","geometry":{"type":"Point","coordinates":[16.362424,48.213748]},"properties":{"line":"42","mode":"tram","color":"#d6212b","colorDark":"#7c1116","band":2,"off":[-6.8,3.1]}},{"type":"Feature","geometry":{"type":"Point","coordinates":[16.362424,48.213748]},"properties":{"line":"43","mode":"tram","color":"#d6212b","colorDark":"#7c1116","band":2,"off":[-3.4,3.1]}},{"type":"Feature","geometry":{"type":"Point","coordinates":[16.362424,48.213748]},"properties":{"line":"44","mode":"tram","color":"#d6212b","colorDark":"#7c1116","band":2,"off":[0,3.1]}},{"type":"Feature","geometry":{"type":"Point","coordinates":[16.362424,48.213748]},"properties":{"line":"N38","mode":"bus","color":"#0059a9","colorDark":"#00294f","band":2,"off":[3.4,3.1]}},{"type":"Feature","geometry":{"type":"Point","coordinates":[16.362424,48.213748]},"properties":{"line":"N41","mode":"bus","color":"#0059a9","colorDark":"#00294f","band":2,"off":[6.8,3.1]}},{"type":"Feature","geometry":{"type":"Point","coordinates":[16.362424,48.213748]},"properties":{"line":"N43","mode":"bus","color":"#0059a9","colorDark":"#00294f","band":2,"off":[0,5.1]}},{"type":"Feature","geometry":{"type":"Point","coordinates":[16.415603,48.232789]},"properties":{"name":"Kaisermühlen-VIC","band":2,"modes":"bus","arr":["20A","92A","92B","N90"],"off":[0,-0.8]}},{"type":"Feature","geometry":{"type":"Point","coordinates":[16.415603,48.232789]},"properties":{"line":"20A","mode":"bus","color":"#0059a9","colorDark":"#00294f","band":2,"off":[-5.1,1.1]}},{"type":"Feature","geometry":{"type":"Point","coordinates":[16.415603,48.232789]},"properties":{"line":"92A","mode":"bus","color":"#0059a9","colorDark":"#00294f","band":2,"off":[-1.7,1.1]}},{"type":"Feature","geometry":{"type":"Point","coordinates":[16.415603,48.232789]},"properties":{"line":"92B","mode":"bus","color":"#0059a9","colorDark":"#00294f","band":2,"off":[1.7,1.1]}},{"type":"Feature","geometry":{"type":"Point","coordinates":[16.415603,48.232789]},"properties":{"line":"N90","mode":"bus","color":"#0059a9","colorDark":"#00294f","band":2,"off":[5.1,1.1]}},{"type":"Feature","geometry":{"type":"Point","coordinates":[16.395151,48.246473]},"properties":{"name":"Neue Donau","band":2,"modes":"bus","arr":["20A","20B"],"off":[0,-0.8]}},{"type":"Feature","geometry":{"type":"Point","coordinates":[16.395151,48.246473]},"properties":{"line":"20A","mode":"bus","color":"#0059a9","colorDark":"#00294f","band":2,"off":[-1.7,1.1]}},{"type":"Feature","geometry":{"type":"Point","coordinates":[16.395151,48.246473]},"properties":{"line":"20B","mode":"bus","color":"#0059a9","colorDark":"#00294f","band":2,"off":[1.7,1.1]}},{"type":"Feature","geometry":{"type":"Point","coordinates":[16.423737,48.238013]},"properties":{"name":"Alte Donau","band":2,"modes":"bus","arr":["20B"],"off":[0,-0.8]}},{"type":"Feature","geometry":{"type":"Point","coordinates":[16.423737,48.238013]},"properties":{"line":"20B","mode":"bus","color":"#0059a9","colorDark":"#00294f","band":2,"off":[0,1.1]}},{"type":"Feature","geometry":{"type":"Point","coordinates":[16.443287,48.250587]},"properties":{"name":"Kagraner Platz","band":2,"modes":"bus","arr":["22A","24A","31A","N23","N24"],"off":[0,-0.8]}},{"type":"Feature","geometry":{"type":"Point","coordinates":[16.443287,48.250587]},"properties":{"line":"22A","mode":"bus","color":"#0059a9","colorDark":"#00294f","band":2,"off":[-6.8,1.1]}},{"type":"Feature","geometry":{"type":"Point","coordinates":[16.443287,48.250587]},"properties":{"line":"24A","mode":"bus","color":"#0059a9","colorDark":"#00294f","band":2,"off":[-3.4,1.1]}},{"type":"Feature","geometry":{"type":"Point","coordinates":[16.443287,48.250587]},"properties":{"line":"31A","mode":"bus","color":"#0059a9","colorDark":"#00294f","band":2,"off":[0,1.1]}},{"type":"Feature","geometry":{"type":"Point","coordinates":[16.443287,48.250587]},"properties":{"line":"N23","mode":"bus","color":"#0059a9","colorDark":"#00294f","band":2,"off":[3.4,1.1]}},{"type":"Feature","geometry":{"type":"Point","coordinates":[16.443287,48.250587]},"properties":{"line":"N24","mode":"bus","color":"#0059a9","colorDark":"#00294f","band":2,"off":[6.8,1.1]}},{"type":"Feature","geometry":{"type":"Point","coordinates":[16.475509,48.222962]},"properties":{"name":"Aspernstraße","band":2,"modes":"bus","arr":["22A","84A","93A","97A","98A"],"off":[0,-0.8]}},{"type":"Feature","geometry":{"type":"Point","coordinates":[16.475509,48.222962]},"properties":{"line":"22A","mode":"bus","color":"#0059a9","colorDark":"#00294f","band":2,"off":[-6.8,1.1]}},{"type":"Feature","geometry":{"type":"Point","coordinates":[16.475509,48.222962]},"properties":{"line":"84A","mode":"bus","color":"#0059a9","colorDark":"#00294f","band":2,"off":[-3.4,1.1]}},{"type":"Feature","geometry":{"type":"Point","coordinates":[16.475509,48.222962]},"properties":{"line":"93A","mode":"bus","color":"#0059a9","colorDark":"#00294f","band":2,"off":[0,1.1]}},{"type":"Feature","geometry":{"type":"Point","coordinates":[16.475509,48.222962]},"properties":{"line":"97A","mode":"bus","color":"#0059a9","colorDark":"#00294f","band":2,"off":[3.4,1.1]}},{"type":"Feature","geometry":{"type":"Point","coordinates":[16.475509,48.222962]},"properties":{"line":"98A","mode":"bus","color":"#0059a9","colorDark":"#00294f","band":2,"off":[6.8,1.1]}},{"type":"Feature","geometry":{"type":"Point","coordinates":[16.479496,48.251459]},"properties":{"name":"Breitenlee, Arnikaweg","band":2,"modes":"bus","arr":["86A"],"off":[0,-0.8]}},{"type":"Feature","geometry":{"type":"Point","coordinates":[16.479496,48.251459]},"properties":{"line":"86A","mode":"bus","color":"#0059a9","colorDark":"#00294f","band":2,"off":[0,1.1]}},{"type":"Feature","geometry":{"type":"Point","coordinates":[16.532176,48.249384]},"properties":{"name":"Neueßling","band":2,"modes":"bus","arr":["24A"],"off":[0,-0.8]}},{"type":"Feature","geometry":{"type":"Point","coordinates":[16.532176,48.249384]},"properties":{"line":"24A","mode":"bus","color":"#0059a9","colorDark":"#00294f","band":2,"off":[0,1.1]}},{"type":"Feature","geometry":{"type":"Point","coordinates":[16.450177,48.257263]},"properties":{"name":"Rennbahnweg U","band":2,"modes":"bus","arr":["25A"],"off":[0,-0.8]}},{"type":"Feature","geometry":{"type":"Point","coordinates":[16.450177,48.257263]},"properties":{"line":"25A","mode":"bus","color":"#0059a9","colorDark":"#00294f","band":2,"off":[0,1.1]}},{"type":"Feature","geometry":{"type":"Point","coordinates":[16.495924,48.277259]},"properties":{"name":"Süßenbrunner Platz","band":2,"modes":"bus","arr":["25A","25B"],"off":[0,-0.8]}},{"type":"Feature","geometry":{"type":"Point","coordinates":[16.495924,48.277259]},"properties":{"line":"25A","mode":"bus","color":"#0059a9","colorDark":"#00294f","band":2,"off":[-1.7,1.1]}},{"type":"Feature","geometry":{"type":"Point","coordinates":[16.495924,48.277259]},"properties":{"line":"25B","mode":"bus","color":"#0059a9","colorDark":"#00294f","band":2,"off":[1.7,1.1]}},{"type":"Feature","geometry":{"type":"Point","coordinates":[16.484691,48.285042]},"properties":{"name":"Süßenbrunn","band":2,"modes":"bus","arr":["25B"],"off":[0,-0.8]}},{"type":"Feature","geometry":{"type":"Point","coordinates":[16.484691,48.285042]},"properties":{"line":"25B","mode":"bus","color":"#0059a9","colorDark":"#00294f","band":2,"off":[0,1.1]}},{"type":"Feature","geometry":{"type":"Point","coordinates":[16.433783,48.2433]},"properties":{"name":"Kagran","band":2,"modes":"bus","arr":["26A","27A","27B","93A","94A"],"off":[0,-0.8]}},{"type":"Feature","geometry":{"type":"Point","coordinates":[16.433783,48.2433]},"properties":{"line":"26A","mode":"bus","color":"#0059a9","colorDark":"#00294f","band":2,"off":[-6.8,1.1]}},{"type":"Feature","geometry":{"type":"Point","coordinates":[16.433783,48.2433]},"properties":{"line":"27A","mode":"bus","color":"#0059a9","colorDark":"#00294f","band":2,"off":[-3.4,1.1]}},{"type":"Feature","geometry":{"type":"Point","coordinates":[16.433783,48.2433]},"properties":{"line":"27B","mode":"bus","color":"#0059a9","colorDark":"#00294f","band":2,"off":[0,1.1]}},{"type":"Feature","geometry":{"type":"Point","coordinates":[16.433783,48.2433]},"properties":{"line":"93A","mode":"bus","color":"#0059a9","colorDark":"#00294f","band":2,"off":[3.4,1.1]}},{"type":"Feature","geometry":{"type":"Point","coordinates":[16.433783,48.2433]},"properties":{"line":"94A","mode":"bus","color":"#0059a9","colorDark":"#00294f","band":2,"off":[6.8,1.1]}},{"type":"Feature","geometry":{"type":"Point","coordinates":[16.486565,48.217342]},"properties":{"name":"Zachgasse","band":2,"modes":"bus","arr":["92A","N84","N91"],"off":[0,-0.8]}},{"type":"Feature","geometry":{"type":"Point","coordinates":[16.486565,48.217342]},"properties":{"name":"Siegesplatz","band":2,"modes":"bus","arr":["92A","N84","N91"],"off":[0,-1.9]}},{"type":"Feature","geometry":{"type":"Point","coordinates":[16.486565,48.217342]},"properties":{"line":"92A","mode":"bus","color":"#0059a9","colorDark":"#00294f","band":2,"off":[-3.4,1.1]}},{"type":"Feature","geometry":{"type":"Point","coordinates":[16.486565,48.217342]},"properties":{"line":"N84","mode":"bus","color":"#0059a9","colorDark":"#00294f","band":2,"off":[0,1.1]}},{"type":"Feature","geometry":{"type":"Point","coordinates":[16.486565,48.217342]},"properties":{"line":"N91","mode":"bus","color":"#0059a9","colorDark":"#00294f","band":2,"off":[3.4,1.1]}},{"type":"Feature","geometry":{"type":"Point","coordinates":[16.54946,48.19984]},"properties":{"name":"Groß-Enzersdorf Busbahnhof","band":2,"modes":"bus","arr":["26A"],"off":[0,-0.8]}},{"type":"Feature","geometry":{"type":"Point","coordinates":[16.54946,48.19984]},"properties":{"line":"26A","mode":"bus","color":"#0059a9","colorDark":"#00294f","band":2,"off":[0,1.1]}},{"type":"Feature","geometry":{"type":"Point","coordinates":[16.539633,48.208566]},"properties":{"name":"Eßling, Stadtgrenze","band":2,"modes":"bus","arr":["88A","N20"],"off":[0,-0.8]}},{"type":"Feature","geometry":{"type":"Point","coordinates":[16.539633,48.208566]},"properties":{"line":"88A","mode":"bus","color":"#0059a9","colorDark":"#00294f","band":2,"off":[-1.7,1.1]}},{"type":"Feature","geometry":{"type":"Point","coordinates":[16.539633,48.208566]},"properties":{"line":"N20","mode":"bus","color":"#0059a9","colorDark":"#00294f","band":2,"off":[1.7,1.1]}},{"type":"Feature","geometry":{"type":"Point","coordinates":[16.436455,48.263078]},"properties":{"name":"Eipeldauer Straße","band":2,"modes":"bus","arr":["28A"],"off":[0,-0.8]}},{"type":"Feature","geometry":{"type":"Point","coordinates":[16.436455,48.263078]},"properties":{"line":"28A","mode":"bus","color":"#0059a9","colorDark":"#00294f","band":2,"off":[0,1.1]}},{"type":"Feature","geometry":{"type":"Point","coordinates":[16.474344,48.266956]},"properties":{"name":"Hermann-Gebauer-Straße","band":2,"modes":"bus","arr":["27A","87A"],"off":[0,-0.8]}},{"type":"Feature","geometry":{"type":"Point","coordinates":[16.474344,48.266956]},"properties":{"line":"27A","mode":"bus","color":"#0059a9","colorDark":"#00294f","band":2,"off":[-1.7,1.1]}},{"type":"Feature","geometry":{"type":"Point","coordinates":[16.474344,48.266956]},"properties":{"line":"87A","mode":"bus","color":"#0059a9","colorDark":"#00294f","band":2,"off":[1.7,1.1]}},{"type":"Feature","geometry":{"type":"Point","coordinates":[16.42645,48.257651]},"properties":{"name":"Satzingerweg","band":2,"modes":"bus","arr":["27B"],"off":[0,-0.8]}},{"type":"Feature","geometry":{"type":"Point","coordinates":[16.42645,48.257651]},"properties":{"line":"27B","mode":"bus","color":"#0059a9","colorDark":"#00294f","band":2,"off":[0,1.1]}},{"type":"Feature","geometry":{"type":"Point","coordinates":[16.501735,48.253003]},"properties":{"name":"Breitenlee Schule","band":2,"modes":"bus","arr":["28A","97A"],"off":[0,-0.8]}},{"type":"Feature","geometry":{"type":"Point","coordinates":[16.501735,48.253003]},"properties":{"line":"28A","mode":"bus","color":"#0059a9","colorDark":"#00294f","band":2,"off":[-1.7,1.1]}},{"type":"Feature","geometry":{"type":"Point","coordinates":[16.501735,48.253003]},"properties":{"line":"97A","mode":"bus","color":"#0059a9","colorDark":"#00294f","band":2,"off":[1.7,1.1]}},{"type":"Feature","geometry":{"type":"Point","coordinates":[16.399952,48.255905]},"properties":{"name":"Floridsdorf","band":2,"modes":"tram,bus,metro","arr":["25","26","29A","29B","30","33A","34A","N29","N30","U6"],"off":[0,-0.8]}},{"type":"Feature","geometry":{"type":"Point","coordinates":[16.399952,48.255905]},"properties":{"line":"25","mode":"tram","color":"#d6212b","colorDark":"#7c1116","band":2,"off":[-6.8,1.1]}},{"type":"Feature","geometry":{"type":"Point","coordinates":[16.399952,48.255905]},"properties":{"line":"26","mode":"tram","color":"#d6212b","colorDark":"#7c1116","band":2,"off":[-3.4,1.1]}},{"type":"Feature","geometry":{"type":"Point","coordinates":[16.399952,48.255905]},"properties":{"line":"29A","mode":"bus","color":"#0059a9","colorDark":"#00294f","band":2,"off":[0,1.1]}},{"type":"Feature","geometry":{"type":"Point","coordinates":[16.399952,48.255905]},"properties":{"line":"29B","mode":"bus","color":"#0059a9","colorDark":"#00294f","band":2,"off":[3.4,1.1]}},{"type":"Feature","geometry":{"type":"Point","coordinates":[16.399952,48.255905]},"properties":{"line":"30","mode":"tram","color":"#d6212b","colorDark":"#7c1116","band":2,"off":[6.8,1.1]}},{"type":"Feature","geometry":{"type":"Point","coordinates":[16.399952,48.255905]},"properties":{"line":"33A","mode":"bus","color":"#0059a9","colorDark":"#00294f","band":2,"off":[-6.8,3.1]}},{"type":"Feature","geometry":{"type":"Point","coordinates":[16.399952,48.255905]},"properties":{"line":"34A","mode":"bus","color":"#0059a9","colorDark":"#00294f","band":2,"off":[-3.4,3.1]}},{"type":"Feature","geometry":{"type":"Point","coordinates":[16.399952,48.255905]},"properties":{"line":"N29","mode":"bus","color":"#0059a9","colorDark":"#00294f","band":2,"off":[0,3.1]}},{"type":"Feature","geometry":{"type":"Point","coordinates":[16.399952,48.255905]},"properties":{"line":"N30","mode":"bus","color":"#0059a9","colorDark":"#00294f","band":2,"off":[3.4,3.1]}},{"type":"Feature","geometry":{"type":"Point","coordinates":[16.399952,48.255905]},"properties":{"line":"U6","mode":"tram","color":"#9D6830","colorDark":"#56391a","band":2,"metro":1,"off":[6.8,3.1]}},{"type":"Feature","geometry":{"type":"Point","coordinates":[16.447514,48.270264]},"properties":{"name":"Großfeldsiedlung","band":2,"modes":"bus","arr":["29A","29B","N25"],"off":[0,-0.8]}},{"type":"Feature","geometry":{"type":"Point","coordinates":[16.447514,48.270264]},"properties":{"line":"29A","mode":"bus","color":"#0059a9","colorDark":"#00294f","band":2,"off":[-3.4,1.1]}},{"type":"Feature","geometry":{"type":"Point","coordinates":[16.447514,48.270264]},"properties":{"line":"29B","mode":"bus","color":"#0059a9","colorDark":"#00294f","band":2,"off":[0,1.1]}},{"type":"Feature","geometry":{"type":"Point","coordinates":[16.447514,48.270264]},"properties":{"line":"N25","mode":"bus","color":"#0059a9","colorDark":"#00294f","band":2,"off":[3.4,1.1]}},{"type":"Feature","geometry":{"type":"Point","coordinates":[16.376266,48.211887]},"properties":{"name":"Schwedenplatz","band":2,"modes":"bus","arr":["2A","N25","N31"],"off":[0,-0.8]}},{"type":"Feature","geometry":{"type":"Point","coordinates":[16.376266,48.211887]},"properties":{"line":"2A","mode":"bus","color":"#0059a9","colorDark":"#00294f","band":2,"off":[-3.4,1.1]}},{"type":"Feature","geometry":{"type":"Point","coordinates":[16.376266,48.211887]},"properties":{"line":"N25","mode":"bus","color":"#0059a9","colorDark":"#00294f","band":2,"off":[0,1.1]}},{"type":"Feature","geometry":{"type":"Point","coordinates":[16.376266,48.211887]},"properties":{"line":"N31","mode":"bus","color":"#0059a9","colorDark":"#00294f","band":2,"off":[3.4,1.1]}},{"type":"Feature","geometry":{"type":"Point","coordinates":[16.370934,48.202088]},"properties":{"name":"Schwarzenbergplatz","band":2,"modes":"bus,tram","arr":["2A","59A","62","BB","N46","N62","N71","N75"],"off":[0,-0.8]}},{"type":"Feature","geometry":{"type":"Point","coordinates":[16.370934,48.202088]},"properties":{"name":"Oper/Karlsplatz","band":2,"modes":"bus,tram","arr":["2A","59A","62","BB","N46","N62","N71","N75"],"off":[0,-1.9]}},{"type":"Feature","geometry":{"type":"Point","coordinates":[16.370934,48.202088]},"properties":{"name":"Oper","band":2,"modes":"bus,tram","arr":["2A","59A","62","BB","N46","N62","N71","N75"],"off":[0,-3]}},{"type":"Feature","geometry":{"type":"Point","coordinates":[16.370934,48.202088]},"properties":{"line":"2A","mode":"bus","color":"#0059a9","colorDark":"#00294f","band":2,"off":[-6.8,1.1]}},{"type":"Feature","geometry":{"type":"Point","coordinates":[16.370934,48.202088]},"properties":{"line":"59A","mode":"bus","color":"#0059a9","colorDark":"#00294f","band":2,"off":[-3.4,1.1]}},{"type":"Feature","geometry":{"type":"Point","coordinates":[16.370934,48.202088]},"properties":{"line":"62","mode":"tram","color":"#d6212b","colorDark":"#7c1116","band":2,"off":[0,1.1]}},{"type":"Feature","geometry":{"type":"Point","coordinates":[16.370934,48.202088]},"properties":{"line":"BB","mode":"tram","color":"#d6212b","colorDark":"#7c1116","band":2,"off":[3.4,1.1]}},{"type":"Feature","geometry":{"type":"Point","coordinates":[16.370934,48.202088]},"properties":{"line":"N46","mode":"bus","color":"#0059a9","colorDark":"#00294f","band":2,"off":[6.8,1.1]}},{"type":"Feature","geometry":{"type":"Point","coordinates":[16.370934,48.202088]},"properties":{"line":"N62","mode":"bus","color":"#0059a9","colorDark":"#00294f","band":2,"off":[-3.4,3.1]}},{"type":"Feature","geometry":{"type":"Point","coordinates":[16.370934,48.202088]},"properties":{"line":"N71","mode":"bus","color":"#0059a9","colorDark":"#00294f","band":2,"off":[0,3.1]}},{"type":"Feature","geometry":{"type":"Point","coordinates":[16.370934,48.202088]},"properties":{"line":"N75","mode":"bus","color":"#0059a9","colorDark":"#00294f","band":2,"off":[3.4,3.1]}},{"type":"Feature","geometry":{"type":"Point","coordinates":[16.426301,48.272918]},"properties":{"name":"Neu Leopoldau","band":2,"modes":"bus","arr":["30A","N30"],"off":[0,-0.8]}},{"type":"Feature","geometry":{"type":"Point","coordinates":[16.426301,48.272918]},"properties":{"line":"30A","mode":"bus","color":"#0059a9","colorDark":"#00294f","band":2,"off":[-1.7,1.1]}},{"type":"Feature","geometry":{"type":"Point","coordinates":[16.426301,48.272918]},"properties":{"line":"N30","mode":"bus","color":"#0059a9","colorDark":"#00294f","band":2,"off":[1.7,1.1]}},{"type":"Feature","geometry":{"type":"Point","coordinates":[16.416145,48.301105]},"properties":{"name":"Freiheitsplatz","band":2,"modes":"bus","arr":["30A"],"off":[0,-0.8]}},{"type":"Feature","geometry":{"type":"Point","coordinates":[16.416145,48.301105]},"properties":{"line":"30A","mode":"bus","color":"#0059a9","colorDark":"#00294f","band":2,"off":[0,1.1]}},{"type":"Feature","geometry":{"type":"Point","coordinates":[16.401189,48.279874]},"properties":{"name":"Großjedlersdorf, Jochbergengasse","band":2,"modes":"bus","arr":["31A"],"off":[0,-0.8]}},{"type":"Feature","geometry":{"type":"Point","coordinates":[16.401189,48.279874]},"properties":{"line":"31A","mode":"bus","color":"#0059a9","colorDark":"#00294f","band":2,"off":[0,1.1]}},{"type":"Feature","geometry":{"type":"Point","coordinates":[16.448659,48.277607]},"properties":{"name":"Leopoldau","band":2,"modes":"bus","arr":["32A","36B"],"off":[0,-0.8]}},{"type":"Feature","geometry":{"type":"Point","coordinates":[16.448659,48.277607]},"properties":{"line":"32A","mode":"bus","color":"#0059a9","colorDark":"#00294f","band":2,"off":[-1.7,1.1]}},{"type":"Feature","geometry":{"type":"Point","coordinates":[16.448659,48.277607]},"properties":{"line":"36B","mode":"bus","color":"#0059a9","colorDark":"#00294f","band":2,"off":[1.7,1.1]}},{"type":"Feature","geometry":{"type":"Point","coordinates":[16.381373,48.286214]},"properties":{"name":"Strebersdorf","band":2,"modes":"bus","arr":["32A"],"off":[0,-0.8]}},{"type":"Feature","geometry":{"type":"Point","coordinates":[16.381373,48.286214]},"properties":{"line":"32A","mode":"bus","color":"#0059a9","colorDark":"#00294f","band":2,"off":[0,1.1]}},{"type":"Feature","geometry":{"type":"Point","coordinates":[16.410728,48.249197]},"properties":{"name":"Mühlschüttel","band":2,"modes":"bus","arr":["33A"],"off":[0,-0.8]}},{"type":"Feature","geometry":{"type":"Point","coordinates":[16.410728,48.249197]},"properties":{"line":"33A","mode":"bus","color":"#0059a9","colorDark":"#00294f","band":2,"off":[0,1.1]}},{"type":"Feature","geometry":{"type":"Point","coordinates":[16.38034,48.269449]},"properties":{"name":"Jedlesee, Überfuhrstraße","band":2,"modes":"bus","arr":["34A"],"off":[0,-0.8]}},{"type":"Feature","geometry":{"type":"Point","coordinates":[16.38034,48.269449]},"properties":{"line":"34A","mode":"bus","color":"#0059a9","colorDark":"#00294f","band":2,"off":[0,1.1]}},{"type":"Feature","geometry":{"type":"Point","coordinates":[16.357766,48.23304]},"properties":{"name":"Spittelau","band":2,"modes":"bus","arr":["35A","N35"],"off":[0,-0.8]}},{"type":"Feature","geometry":{"type":"Point","coordinates":[16.357766,48.23304]},"properties":{"line":"35A","mode":"bus","color":"#0059a9","colorDark":"#00294f","band":2,"off":[-1.7,1.1]}},{"type":"Feature","geometry":{"type":"Point","coordinates":[16.357766,48.23304]},"properties":{"line":"N35","mode":"bus","color":"#0059a9","colorDark":"#00294f","band":2,"off":[1.7,1.1]}},{"type":"Feature","geometry":{"type":"Point","coordinates":[16.293437,48.252137]},"properties":{"name":"Salmannsdorf","band":2,"modes":"bus","arr":["35A","N35"],"off":[0,-0.8]}},{"type":"Feature","geometry":{"type":"Point","coordinates":[16.293437,48.252137]},"properties":{"line":"35A","mode":"bus","color":"#0059a9","colorDark":"#00294f","band":2,"off":[-1.7,1.1]}},{"type":"Feature","geometry":{"type":"Point","coordinates":[16.293437,48.252137]},"properties":{"line":"N35","mode":"bus","color":"#0059a9","colorDark":"#00294f","band":2,"off":[1.7,1.1]}},{"type":"Feature","geometry":{"type":"Point","coordinates":[16.306665,48.250522]},"properties":{"name":"Neustift, Agnesgasse","band":2,"modes":"bus","arr":["43B"],"off":[0,-0.8]}},{"type":"Feature","geometry":{"type":"Point","coordinates":[16.306665,48.250522]},"properties":{"line":"43B","mode":"bus","color":"#0059a9","colorDark":"#00294f","band":2,"off":[0,1.1]}},{"type":"Feature","geometry":{"type":"Point","coordinates":[16.353083,48.231523]},"properties":{"name":"Nußdorfer Straße","band":2,"modes":"bus","arr":["37A","N36"],"off":[0,-0.8]}},{"type":"Feature","geometry":{"type":"Point","coordinates":[16.353083,48.231523]},"properties":{"line":"37A","mode":"bus","color":"#0059a9","colorDark":"#00294f","band":2,"off":[-1.7,1.1]}},{"type":"Feature","geometry":{"type":"Point","coordinates":[16.353083,48.231523]},"properties":{"line":"N36","mode":"bus","color":"#0059a9","colorDark":"#00294f","band":2,"off":[1.7,1.1]}},{"type":"Feature","geometry":{"type":"Point","coordinates":[16.386756,48.263065]},"properties":{"name":"Jedlesee, Bellgasse","band":2,"modes":"bus","arr":["36A","36B"],"off":[0,-0.8]}},{"type":"Feature","geometry":{"type":"Point","coordinates":[16.386756,48.263065]},"properties":{"line":"36A","mode":"bus","color":"#0059a9","colorDark":"#00294f","band":2,"off":[-1.7,1.1]}},{"type":"Feature","geometry":{"type":"Point","coordinates":[16.386756,48.263065]},"properties":{"line":"36B","mode":"bus","color":"#0059a9","colorDark":"#00294f","band":2,"off":[1.7,1.1]}},{"type":"Feature","geometry":{"type":"Point","coordinates":[16.412135,48.280188]},"properties":{"name":"Carabelligasse","band":2,"modes":"bus","arr":["36A"],"off":[0,-0.8]}},{"type":"Feature","geometry":{"type":"Point","coordinates":[16.412135,48.280188]},"properties":{"line":"36A","mode":"bus","color":"#0059a9","colorDark":"#00294f","band":2,"off":[0,1.1]}},{"type":"Feature","geometry":{"type":"Point","coordinates":[16.388836,48.236164]},"properties":{"name":"Brigittenauer Brücke","band":2,"modes":"bus","arr":["37A"],"off":[0,-0.8]}},{"type":"Feature","geometry":{"type":"Point","coordinates":[16.388836,48.236164]},"properties":{"line":"37A","mode":"bus","color":"#0059a9","colorDark":"#00294f","band":2,"off":[0,1.1]}},{"type":"Feature","geometry":{"type":"Point","coordinates":[16.336266,48.276089]},"properties":{"name":"Kahlenberg","band":2,"modes":"bus","arr":["38A"],"off":[0,-0.8]}},{"type":"Feature","geometry":{"type":"Point","coordinates":[16.336266,48.276089]},"properties":{"line":"38A","mode":"bus","color":"#0059a9","colorDark":"#00294f","band":2,"off":[0,1.1]}},{"type":"Feature","geometry":{"type":"Point","coordinates":[16.362652,48.259597]},"properties":{"name":"Nußdorf, Beethovengang","band":2,"modes":"bus,tram","arr":["38B","D"],"off":[0,-0.8]}},{"type":"Feature","geometry":{"type":"Point","coordinates":[16.362652,48.259597]},"properties":{"line":"38B","mode":"bus","color":"#0059a9","colorDark":"#00294f","band":2,"off":[-1.7,1.1]}},{"type":"Feature","geometry":{"type":"Point","coordinates":[16.362652,48.259597]},"properties":{"line":"D","mode":"tram","color":"#d6212b","colorDark":"#7c1116","band":2,"off":[1.7,1.1]}},{"type":"Feature","geometry":{"type":"Point","coordinates":[16.346397,48.260025]},"properties":{"name":"Heiligenstädter Friedhof","band":2,"modes":"bus","arr":["38B"],"off":[0,-0.8]}},{"type":"Feature","geometry":{"type":"Point","coordinates":[16.346397,48.260025]},"properties":{"line":"38B","mode":"bus","color":"#0059a9","colorDark":"#00294f","band":2,"off":[0,1.1]}},{"type":"Feature","geometry":{"type":"Point","coordinates":[16.317119,48.254213]},"properties":{"name":"Sievering","band":2,"modes":"bus","arr":["39A"],"off":[0,-0.8]}},{"type":"Feature","geometry":{"type":"Point","coordinates":[16.317119,48.254213]},"properties":{"line":"39A","mode":"bus","color":"#0059a9","colorDark":"#00294f","band":2,"off":[0,1.1]}},{"type":"Feature","geometry":{"type":"Point","coordinates":[16.323457,48.251067]},"properties":{"name":"Karthäuserstraße","band":2,"modes":"bus","arr":["39B"],"off":[0,-0.8]}},{"type":"Feature","geometry":{"type":"Point","coordinates":[16.323457,48.251067]},"properties":{"line":"39B","mode":"bus","color":"#0059a9","colorDark":"#00294f","band":2,"off":[0,1.1]}},{"type":"Feature","geometry":{"type":"Point","coordinates":[16.321435,48.249158]},"properties":{"name":"Sieveringer Friedhof","band":2,"modes":"bus","arr":["39B"],"off":[0,-0.8]}},{"type":"Feature","geometry":{"type":"Point","coordinates":[16.321435,48.249158]},"properties":{"line":"39B","mode":"bus","color":"#0059a9","colorDark":"#00294f","band":2,"off":[0,1.1]}},{"type":"Feature","geometry":{"type":"Point","coordinates":[16.370891,48.216757]},"properties":{"name":"Schottenring","band":2,"modes":"tram,bus","arr":["31","3A","71"],"off":[0,-0.8]}},{"type":"Feature","geometry":{"type":"Point","coordinates":[16.370891,48.216757]},"properties":{"line":"31","mode":"tram","color":"#d6212b","colorDark":"#7c1116","band":2,"off":[-3.4,1.1]}},{"type":"Feature","geometry":{"type":"Point","coordinates":[16.370891,48.216757]},"properties":{"line":"3A","mode":"bus","color":"#0059a9","colorDark":"#00294f","band":2,"off":[0,1.1]}},{"type":"Feature","geometry":{"type":"Point","coordinates":[16.370891,48.216757]},"properties":{"line":"71","mode":"tram","color":"#d6212b","colorDark":"#7c1116","band":2,"off":[3.4,1.1]}},{"type":"Feature","geometry":{"type":"Point","coordinates":[16.379909,48.2073]},"properties":{"name":"Stubentor U","band":2,"modes":"bus","arr":["3A","74A"],"off":[0,-0.8]}},{"type":"Feature","geometry":{"type":"Point","coordinates":[16.379909,48.2073]},"properties":{"line":"3A","mode":"bus","color":"#0059a9","colorDark":"#00294f","band":2,"off":[-1.7,1.1]}},{"type":"Feature","geometry":{"type":"Point","coordinates":[16.379909,48.2073]},"properties":{"line":"74A","mode":"bus","color":"#0059a9","colorDark":"#00294f","band":2,"off":[1.7,1.1]}},{"type":"Feature","geometry":{"type":"Point","coordinates":[16.364418,48.215306]},"properties":{"name":"Schottentor","band":2,"modes":"bus","arr":["40A"],"off":[0,-0.8]}},{"type":"Feature","geometry":{"type":"Point","coordinates":[16.364418,48.215306]},"properties":{"line":"40A","mode":"bus","color":"#0059a9","colorDark":"#00294f","band":2,"off":[0,1.1]}},{"type":"Feature","geometry":{"type":"Point","coordinates":[16.326077,48.240015]},"properties":{"name":"Döblinger Friedhof/Felix-Dahn-Straße","band":2,"modes":"bus","arr":["40A"],"off":[0,-0.8]}},{"type":"Feature","geometry":{"type":"Point","coordinates":[16.326077,48.240015]},"properties":{"line":"40A","mode":"bus","color":"#0059a9","colorDark":"#00294f","band":2,"off":[0,1.1]}},{"type":"Feature","geometry":{"type":"Point","coordinates":[16.31066,48.241083]},"properties":{"name":"Pötzleinsdorf","band":2,"modes":"tram,bus","arr":["41","41A","N41"],"off":[0,-0.8]}},{"type":"Feature","geometry":{"type":"Point","coordinates":[16.31066,48.241083]},"properties":{"line":"41","mode":"tram","color":"#d6212b","colorDark":"#7c1116","band":2,"off":[-3.4,1.1]}},{"type":"Feature","geometry":{"type":"Point","coordinates":[16.31066,48.241083]},"properties":{"line":"41A","mode":"bus","color":"#0059a9","colorDark":"#00294f","band":2,"off":[0,1.1]}},{"type":"Feature","geometry":{"type":"Point","coordinates":[16.31066,48.241083]},"properties":{"line":"N41","mode":"bus","color":"#0059a9","colorDark":"#00294f","band":2,"off":[3.4,1.1]}},{"type":"Feature","geometry":{"type":"Point","coordinates":[16.298458,48.246803]},"properties":{"name":"Neustifter Friedhof 3.Tor","band":2,"modes":"bus","arr":["41A"],"off":[0,-0.8]}},{"type":"Feature","geometry":{"type":"Point","coordinates":[16.298458,48.246803]},"properties":{"line":"41A","mode":"bus","color":"#0059a9","colorDark":"#00294f","band":2,"off":[0,1.1]}},{"type":"Feature","geometry":{"type":"Point","coordinates":[16.315,48.222913]},"properties":{"name":"Hernals","band":2,"modes":"bus","arr":["42A","44A"],"off":[0,-0.8]}},{"type":"Feature","geometry":{"type":"Point","coordinates":[16.315,48.222913]},"properties":{"line":"42A","mode":"bus","color":"#0059a9","colorDark":"#00294f","band":2,"off":[-1.7,1.1]}},{"type":"Feature","geometry":{"type":"Point","coordinates":[16.315,48.222913]},"properties":{"line":"44A","mode":"bus","color":"#0059a9","colorDark":"#00294f","band":2,"off":[1.7,1.1]}},{"type":"Feature","geometry":{"type":"Point","coordinates":[16.297683,48.237874]},"properties":{"name":"Schafberghöhe","band":2,"modes":"bus","arr":["42A"],"off":[0,-0.8]}},{"type":"Feature","geometry":{"type":"Point","coordinates":[16.297683,48.237874]},"properties":{"line":"42A","mode":"bus","color":"#0059a9","colorDark":"#00294f","band":2,"off":[0,1.1]}},{"type":"Feature","geometry":{"type":"Point","coordinates":[16.320916,48.221714]},"properties":{"name":"Hernals, Wattgasse","band":2,"modes":"bus","arr":["43A"],"off":[0,-0.8]}},{"type":"Feature","geometry":{"type":"Point","coordinates":[16.320916,48.221714]},"properties":{"line":"43A","mode":"bus","color":"#0059a9","colorDark":"#00294f","band":2,"off":[0,1.1]}},{"type":"Feature","geometry":{"type":"Point","coordinates":[16.290964,48.233936]},"properties":{"name":"Neuwaldegg","band":2,"modes":"tram,bus","arr":["43","43A","N43"],"off":[0,-0.8]}},{"type":"Feature","geometry":{"type":"Point","coordinates":[16.290964,48.233936]},"properties":{"line":"43","mode":"tram","color":"#d6212b","colorDark":"#7c1116","band":2,"off":[-3.4,1.1]}},{"type":"Feature","geometry":{"type":"Point","coordinates":[16.290964,48.233936]},"properties":{"line":"43A","mode":"bus","color":"#0059a9","colorDark":"#00294f","band":2,"off":[0,1.1]}},{"type":"Feature","geometry":{"type":"Point","coordinates":[16.290964,48.233936]},"properties":{"line":"N43","mode":"bus","color":"#0059a9","colorDark":"#00294f","band":2,"off":[3.4,1.1]}},{"type":"Feature","geometry":{"type":"Point","coordinates":[16.307714,48.226128]},"properties":{"name":"Dornbach","band":2,"modes":"tram,bus","arr":["2","10","43A","44B"],"off":[0,-0.8]}},{"type":"Feature","geometry":{"type":"Point","coordinates":[16.307714,48.226128]},"properties":{"line":"2","mode":"tram","color":"#d6212b","colorDark":"#7c1116","band":2,"off":[-5.1,1.1]}},{"type":"Feature","geometry":{"type":"Point","coordinates":[16.307714,48.226128]},"properties":{"line":"10","mode":"tram","color":"#d6212b","colorDark":"#7c1116","band":2,"off":[-1.7,1.1]}},{"type":"Feature","geometry":{"type":"Point","coordinates":[16.307714,48.226128]},"properties":{"line":"43A","mode":"bus","color":"#0059a9","colorDark":"#00294f","band":2,"off":[1.7,1.1]}},{"type":"Feature","geometry":{"type":"Point","coordinates":[16.307714,48.226128]},"properties":{"line":"44B","mode":"bus","color":"#0059a9","colorDark":"#00294f","band":2,"off":[5.1,1.1]}},{"type":"Feature","geometry":{"type":"Point","coordinates":[16.260812,48.197414]},"properties":{"name":"Hütteldorf","band":2,"modes":"bus,metro","arr":["43B","47B","49A","50A","50B","52A","52B","53A","U4"],"off":[0,-0.8]}},{"type":"Feature","geometry":{"type":"Point","coordinates":[16.260812,48.197414]},"properties":{"line":"43B","mode":"bus","color":"#0059a9","colorDark":"#00294f","band":2,"off":[-6.8,1.1]}},{"type":"Feature","geometry":{"type":"Point","coordinates":[16.260812,48.197414]},"properties":{"line":"47B","mode":"bus","color":"#0059a9","colorDark":"#00294f","band":2,"off":[-3.4,1.1]}},{"type":"Feature","geometry":{"type":"Point","coordinates":[16.260812,48.197414]},"properties":{"line":"49A","mode":"bus","color":"#0059a9","colorDark":"#00294f","band":2,"off":[0,1.1]}},{"type":"Feature","geometry":{"type":"Point","coordinates":[16.260812,48.197414]},"properties":{"line":"50A","mode":"bus","color":"#0059a9","colorDark":"#00294f","band":2,"off":[3.4,1.1]}},{"type":"Feature","geometry":{"type":"Point","coordinates":[16.260812,48.197414]},"properties":{"line":"50B","mode":"bus","color":"#0059a9","colorDark":"#00294f","band":2,"off":[6.8,1.1]}},{"type":"Feature","geometry":{"type":"Point","coordinates":[16.260812,48.197414]},"properties":{"line":"52A","mode":"bus","color":"#0059a9","colorDark":"#00294f","band":2,"off":[-5.1,3.1]}},{"type":"Feature","geometry":{"type":"Point","coordinates":[16.260812,48.197414]},"properties":{"line":"52B","mode":"bus","color":"#0059a9","colorDark":"#00294f","band":2,"off":[-1.7,3.1]}},{"type":"Feature","geometry":{"type":"Point","coordinates":[16.260812,48.197414]},"properties":{"line":"53A","mode":"bus","color":"#0059a9","colorDark":"#00294f","band":2,"off":[1.7,3.1]}},{"type":"Feature","geometry":{"type":"Point","coordinates":[16.260812,48.197414]},"properties":{"line":"U4","mode":"tram","color":"#319F49","colorDark":"#1b5728","band":2,"metro":1,"off":[5.1,3.1]}},{"type":"Feature","geometry":{"type":"Point","coordinates":[16.281805,48.231277]},"properties":{"name":"Mitterberg","band":2,"modes":"bus","arr":["44A"],"off":[0,-0.8]}},{"type":"Feature","geometry":{"type":"Point","coordinates":[16.281805,48.231277]},"properties":{"line":"44A","mode":"bus","color":"#0059a9","colorDark":"#00294f","band":2,"off":[0,1.1]}},{"type":"Feature","geometry":{"type":"Point","coordinates":[16.289508,48.222411]},"properties":{"name":"Predigtstuhl","band":2,"modes":"bus","arr":["44B"],"off":[0,-0.8]}},{"type":"Feature","geometry":{"type":"Point","coordinates":[16.289508,48.222411]},"properties":{"line":"44B","mode":"bus","color":"#0059a9","colorDark":"#00294f","band":2,"off":[0,1.1]}},{"type":"Feature","geometry":{"type":"Point","coordinates":[16.310953,48.211107]},"properties":{"name":"Ottakring","band":2,"modes":"bus,metro","arr":["45A","46A","46B","U3"],"off":[0,-0.8]}},{"type":"Feature","geometry":{"type":"Point","coordinates":[16.310953,48.211107]},"properties":{"line":"45A","mode":"bus","color":"#0059a9","colorDark":"#00294f","band":2,"off":[-5.1,1.1]}},{"type":"Feature","geometry":{"type":"Point","coordinates":[16.310953,48.211107]},"properties":{"line":"46A","mode":"bus","color":"#0059a9","colorDark":"#00294f","band":2,"off":[-1.7,1.1]}},{"type":"Feature","geometry":{"type":"Point","coordinates":[16.310953,48.211107]},"properties":{"line":"46B","mode":"bus","color":"#0059a9","colorDark":"#00294f","band":2,"off":[1.7,1.1]}},{"type":"Feature","geometry":{"type":"Point","coordinates":[16.310953,48.211107]},"properties":{"line":"U3","mode":"tram","color":"#EF7C00","colorDark":"#834400","band":2,"metro":1,"off":[5.1,1.1]}},{"type":"Feature","geometry":{"type":"Point","coordinates":[16.291807,48.215574]},"properties":{"name":"Liebhartstal","band":2,"modes":"bus","arr":["45A"],"off":[0,-0.8]}},{"type":"Feature","geometry":{"type":"Point","coordinates":[16.291807,48.215574]},"properties":{"line":"45A","mode":"bus","color":"#0059a9","colorDark":"#00294f","band":2,"off":[0,1.1]}},{"type":"Feature","geometry":{"type":"Point","coordinates":[16.283974,48.219891]},"properties":{"name":"Wilhelminenberg","band":2,"modes":"bus","arr":["46A","46B"],"off":[0,-0.8]}},{"type":"Feature","geometry":{"type":"Point","coordinates":[16.283974,48.219891]},"properties":{"line":"46A","mode":"bus","color":"#0059a9","colorDark":"#00294f","band":2,"off":[-1.7,1.1]}},{"type":"Feature","geometry":{"type":"Point","coordinates":[16.283974,48.219891]},"properties":{"line":"46B","mode":"bus","color":"#0059a9","colorDark":"#00294f","band":2,"off":[1.7,1.1]}},{"type":"Feature","geometry":{"type":"Point","coordinates":[16.287085,48.191602]},"properties":{"name":"Unter St. Veit","band":2,"modes":"bus","arr":["47A"],"off":[0,-0.8]}},{"type":"Feature","geometry":{"type":"Point","coordinates":[16.287085,48.191602]},"properties":{"line":"47A","mode":"bus","color":"#0059a9","colorDark":"#00294f","band":2,"off":[0,1.1]}},{"type":"Feature","geometry":{"type":"Point","coordinates":[16.273062,48.205366]},"properties":{"name":"Klinik Penzing","band":2,"modes":"bus","arr":["47A","48A"],"off":[0,-0.8]}},{"type":"Feature","geometry":{"type":"Point","coordinates":[16.273062,48.205366]},"properties":{"line":"47A","mode":"bus","color":"#0059a9","colorDark":"#00294f","band":2,"off":[-1.7,1.1]}},{"type":"Feature","geometry":{"type":"Point","coordinates":[16.273062,48.205366]},"properties":{"line":"48A","mode":"bus","color":"#0059a9","colorDark":"#00294f","band":2,"off":[1.7,1.1]}},{"type":"Feature","geometry":{"type":"Point","coordinates":[16.280395,48.20663]},"properties":{"name":"Otto-Wagner-Areal","band":2,"modes":"bus","arr":["N46"],"off":[0,-0.8]}},{"type":"Feature","geometry":{"type":"Point","coordinates":[16.280395,48.20663]},"properties":{"line":"N46","mode":"bus","color":"#0059a9","colorDark":"#00294f","band":2,"off":[0,1.1]}},{"type":"Feature","geometry":{"type":"Point","coordinates":[16.276384,48.192082]},"properties":{"name":"Ober St. Veit","band":2,"modes":"bus","arr":["54A","54B","N54"],"off":[0,-0.8]}},{"type":"Feature","geometry":{"type":"Point","coordinates":[16.276384,48.192082]},"properties":{"line":"54A","mode":"bus","color":"#0059a9","colorDark":"#00294f","band":2,"off":[-3.4,1.1]}},{"type":"Feature","geometry":{"type":"Point","coordinates":[16.276384,48.192082]},"properties":{"line":"54B","mode":"bus","color":"#0059a9","colorDark":"#00294f","band":2,"off":[0,1.1]}},{"type":"Feature","geometry":{"type":"Point","coordinates":[16.276384,48.192082]},"properties":{"line":"N54","mode":"bus","color":"#0059a9","colorDark":"#00294f","band":2,"off":[3.4,1.1]}},{"type":"Feature","geometry":{"type":"Point","coordinates":[16.261631,48.208749]},"properties":{"name":"Hüttelberg","band":2,"modes":"bus","arr":["47B"],"off":[0,-0.8]}},{"type":"Feature","geometry":{"type":"Point","coordinates":[16.261631,48.208749]},"properties":{"line":"47B","mode":"bus","color":"#0059a9","colorDark":"#00294f","band":2,"off":[0,1.1]}},{"type":"Feature","geometry":{"type":"Point","coordinates":[16.359601,48.206772]},"properties":{"name":"Ring/Volkstheater","band":2,"modes":"tram,bus","arr":["46","48A","49"],"off":[0,-0.8]}},{"type":"Feature","geometry":{"type":"Point","coordinates":[16.359601,48.206772]},"properties":{"line":"46","mode":"tram","color":"#d6212b","colorDark":"#7c1116","band":2,"off":[-3.4,1.1]}},{"type":"Feature","geometry":{"type":"Point","coordinates":[16.359601,48.206772]},"properties":{"line":"48A","mode":"bus","color":"#0059a9","colorDark":"#00294f","band":2,"off":[0,1.1]}},{"type":"Feature","geometry":{"type":"Point","coordinates":[16.359601,48.206772]},"properties":{"line":"49","mode":"tram","color":"#d6212b","colorDark":"#7c1116","band":2,"off":[3.4,1.1]}},{"type":"Feature","geometry":{"type":"Point","coordinates":[16.304862,48.209137]},"properties":{"name":"Joachimsthalerplatz","band":2,"modes":"tram,bus","arr":["46","N46"],"off":[0,-0.8]}},{"type":"Feature","geometry":{"type":"Point","coordinates":[16.304862,48.209137]},"properties":{"line":"46","mode":"tram","color":"#d6212b","colorDark":"#7c1116","band":2,"off":[-1.7,1.1]}},{"type":"Feature","geometry":{"type":"Point","coordinates":[16.304862,48.209137]},"properties":{"line":"N46","mode":"bus","color":"#0059a9","colorDark":"#00294f","band":2,"off":[1.7,1.1]}},{"type":"Feature","geometry":{"type":"Point","coordinates":[16.228148,48.216633]},"properties":{"name":"Wolfersberg, Schöffelplatz","band":2,"modes":"bus","arr":["49A"],"off":[0,-0.8]}},{"type":"Feature","geometry":{"type":"Point","coordinates":[16.228148,48.216633]},"properties":{"line":"49A","mode":"bus","color":"#0059a9","colorDark":"#00294f","band":2,"off":[0,1.1]}},{"type":"Feature","geometry":{"type":"Point","coordinates":[16.197814,48.231519]},"properties":{"name":"Vorderhainbach/Augustinerwaldgasse","band":2,"modes":"bus","arr":["49B"],"off":[0,-0.8]}},{"type":"Feature","geometry":{"type":"Point","coordinates":[16.197814,48.231519]},"properties":{"line":"49B","mode":"bus","color":"#0059a9","colorDark":"#00294f","band":2,"off":[0,1.1]}},{"type":"Feature","geometry":{"type":"Point","coordinates":[16.218915,48.248893]},"properties":{"name":"Hinterhainbach","band":2,"modes":"bus","arr":["49B"],"off":[0,-0.8]}},{"type":"Feature","geometry":{"type":"Point","coordinates":[16.218915,48.248893]},"properties":{"line":"49B","mode":"bus","color":"#0059a9","colorDark":"#00294f","band":2,"off":[0,1.1]}},{"type":"Feature","geometry":{"type":"Point","coordinates":[16.369466,48.20066]},"properties":{"name":"Karlsplatz","band":2,"modes":"bus,metro","arr":["4A","U2"],"off":[0,-0.8]}},{"type":"Feature","geometry":{"type":"Point","coordinates":[16.369466,48.20066]},"properties":{"line":"4A","mode":"bus","color":"#0059a9","colorDark":"#00294f","band":2,"off":[-1.7,1.1]}},{"type":"Feature","geometry":{"type":"Point","coordinates":[16.369466,48.20066]},"properties":{"line":"U2","mode":"tram","color":"#A862A4","colorDark":"#5c365a","band":2,"metro":1,"off":[1.7,1.1]}},{"type":"Feature","geometry":{"type":"Point","coordinates":[16.398901,48.206353]},"properties":{"name":"Wittelsbachstraße","band":2,"modes":"bus","arr":["4A","N29"],"off":[0,-0.8]}},{"type":"Feature","geometry":{"type":"Point","coordinates":[16.398901,48.206353]},"properties":{"line":"4A","mode":"bus","color":"#0059a9","colorDark":"#00294f","band":2,"off":[-1.7,1.1]}},{"type":"Feature","geometry":{"type":"Point","coordinates":[16.398901,48.206353]},"properties":{"line":"N29","mode":"bus","color":"#0059a9","colorDark":"#00294f","band":2,"off":[1.7,1.1]}},{"type":"Feature","geometry":{"type":"Point","coordinates":[16.217713,48.207669]},"properties":{"name":"Auhof","band":2,"modes":"bus","arr":["50A","50B"],"off":[0,-0.8]}},{"type":"Feature","geometry":{"type":"Point","coordinates":[16.217713,48.207669]},"properties":{"line":"50A","mode":"bus","color":"#0059a9","colorDark":"#00294f","band":2,"off":[-1.7,1.1]}},{"type":"Feature","geometry":{"type":"Point","coordinates":[16.217713,48.207669]},"properties":{"line":"50B","mode":"bus","color":"#0059a9","colorDark":"#00294f","band":2,"off":[1.7,1.1]}},{"type":"Feature","geometry":{"type":"Point","coordinates":[16.21486,48.209507]},"properties":{"name":"Herzmanskystraße","band":2,"modes":"bus","arr":["N49"],"off":[0,-0.8]}},{"type":"Feature","geometry":{"type":"Point","coordinates":[16.21486,48.209507]},"properties":{"line":"N49","mode":"bus","color":"#0059a9","colorDark":"#00294f","band":2,"off":[0,1.1]}},{"type":"Feature","geometry":{"type":"Point","coordinates":[16.30406,48.188431]},"properties":{"name":"Hietzing","band":2,"modes":"bus","arr":["51A","51B","56A","56B","58A","58B","N60"],"off":[0,-0.8]}},{"type":"Feature","geometry":{"type":"Point","coordinates":[16.30406,48.188431]},"properties":{"line":"51A","mode":"bus","color":"#0059a9","colorDark":"#00294f","band":2,"off":[-6.8,1.1]}},{"type":"Feature","geometry":{"type":"Point","coordinates":[16.30406,48.188431]},"properties":{"line":"51B","mode":"bus","color":"#0059a9","colorDark":"#00294f","band":2,"off":[-3.4,1.1]}},{"type":"Feature","geometry":{"type":"Point","coordinates":[16.30406,48.188431]},"properties":{"line":"56A","mode":"bus","color":"#0059a9","colorDark":"#00294f","band":2,"off":[0,1.1]}},{"type":"Feature","geometry":{"type":"Point","coordinates":[16.30406,48.188431]},"properties":{"line":"56B","mode":"bus","color":"#0059a9","colorDark":"#00294f","band":2,"off":[3.4,1.1]}},{"type":"Feature","geometry":{"type":"Point","coordinates":[16.30406,48.188431]},"properties":{"line":"58A","mode":"bus","color":"#0059a9","colorDark":"#00294f","band":2,"off":[6.8,1.1]}},{"type":"Feature","geometry":{"type":"Point","coordinates":[16.30406,48.188431]},"properties":{"line":"58B","mode":"bus","color":"#0059a9","colorDark":"#00294f","band":2,"off":[-1.7,3.1]}},{"type":"Feature","geometry":{"type":"Point","coordinates":[16.30406,48.188431]},"properties":{"line":"N60","mode":"bus","color":"#0059a9","colorDark":"#00294f","band":2,"off":[1.7,3.1]}},{"type":"Feature","geometry":{"type":"Point","coordinates":[16.289029,48.211255]},"properties":{"name":"Ottakringer Bad","band":2,"modes":"bus","arr":["51A"],"off":[0,-0.8]}},{"type":"Feature","geometry":{"type":"Point","coordinates":[16.289029,48.211255]},"properties":{"line":"51A","mode":"bus","color":"#0059a9","colorDark":"#00294f","band":2,"off":[0,1.1]}},{"type":"Feature","geometry":{"type":"Point","coordinates":[16.293736,48.198748]},"properties":{"name":"Hanusch-Krankenhaus","band":2,"modes":"bus","arr":["51B"],"off":[0,-0.8]}},{"type":"Feature","geometry":{"type":"Point","coordinates":[16.293736,48.198748]},"properties":{"line":"51B","mode":"bus","color":"#0059a9","colorDark":"#00294f","band":2,"off":[0,1.1]}},{"type":"Feature","geometry":{"type":"Point","coordinates":[16.246322,48.223912]},"properties":{"name":"Jägerwaldsiedlung","band":2,"modes":"bus","arr":["52A"],"off":[0,-0.8]}},{"type":"Feature","geometry":{"type":"Point","coordinates":[16.246322,48.223912]},"properties":{"line":"52A","mode":"bus","color":"#0059a9","colorDark":"#00294f","band":2,"off":[0,1.1]}},{"type":"Feature","geometry":{"type":"Point","coordinates":[16.261796,48.218038]},"properties":{"name":"Siedlung Kordon","band":2,"modes":"bus","arr":["52B"],"off":[0,-0.8]}},{"type":"Feature","geometry":{"type":"Point","coordinates":[16.261796,48.218038]},"properties":{"line":"52B","mode":"bus","color":"#0059a9","colorDark":"#00294f","band":2,"off":[0,1.1]}},{"type":"Feature","geometry":{"type":"Point","coordinates":[16.260861,48.180525]},"properties":{"name":"Stock im Weg","band":2,"modes":"bus","arr":["53A"],"off":[0,-0.8]}},{"type":"Feature","geometry":{"type":"Point","coordinates":[16.260861,48.180525]},"properties":{"line":"53A","mode":"bus","color":"#0059a9","colorDark":"#00294f","band":2,"off":[0,1.1]}},{"type":"Feature","geometry":{"type":"Point","coordinates":[16.264688,48.174425]},"properties":{"name":"Hörndlwald","band":2,"modes":"bus","arr":["54A"],"off":[0,-0.8]}},{"type":"Feature","geometry":{"type":"Point","coordinates":[16.264688,48.174425]},"properties":{"line":"54A","mode":"bus","color":"#0059a9","colorDark":"#00294f","band":2,"off":[0,1.1]}},{"type":"Feature","geometry":{"type":"Point","coordinates":[16.254254,48.176667]},"properties":{"name":"St. Veiter Tor","band":2,"modes":"bus","arr":["54B"],"off":[0,-0.8]}},{"type":"Feature","geometry":{"type":"Point","coordinates":[16.254254,48.176667]},"properties":{"line":"54B","mode":"bus","color":"#0059a9","colorDark":"#00294f","band":2,"off":[0,1.1]}},{"type":"Feature","geometry":{"type":"Point","coordinates":[16.291396,48.175555]},"properties":{"name":"Küniglberg/ORF-Zentrum","band":2,"modes":"bus","arr":["8A"],"off":[0,-0.8]}},{"type":"Feature","geometry":{"type":"Point","coordinates":[16.291396,48.175555]},"properties":{"line":"8A","mode":"bus","color":"#0059a9","colorDark":"#00294f","band":2,"off":[0,1.1]}},{"type":"Feature","geometry":{"type":"Point","coordinates":[16.288971,48.148192]},"properties":{"name":"Atzgersdorf","band":2,"modes":"bus","arr":["56A","58A","58B"],"off":[0,-0.8]}},{"type":"Feature","geometry":{"type":"Point","coordinates":[16.288971,48.148192]},"properties":{"line":"56A","mode":"bus","color":"#0059a9","colorDark":"#00294f","band":2,"off":[-3.4,1.1]}},{"type":"Feature","geometry":{"type":"Point","coordinates":[16.288971,48.148192]},"properties":{"line":"58A","mode":"bus","color":"#0059a9","colorDark":"#00294f","band":2,"off":[0,1.1]}},{"type":"Feature","geometry":{"type":"Point","coordinates":[16.288971,48.148192]},"properties":{"line":"58B","mode":"bus","color":"#0059a9","colorDark":"#00294f","band":2,"off":[3.4,1.1]}},{"type":"Feature","geometry":{"type":"Point","coordinates":[16.25711,48.166919]},"properties":{"name":"Lainzer Tor","band":2,"modes":"bus","arr":["56B","N62"],"off":[0,-0.8]}},{"type":"Feature","geometry":{"type":"Point","coordinates":[16.25711,48.166919]},"properties":{"line":"56B","mode":"bus","color":"#0059a9","colorDark":"#00294f","band":2,"off":[-1.7,1.1]}},{"type":"Feature","geometry":{"type":"Point","coordinates":[16.25711,48.166919]},"properties":{"line":"N62","mode":"bus","color":"#0059a9","colorDark":"#00294f","band":2,"off":[1.7,1.1]}},{"type":"Feature","geometry":{"type":"Point","coordinates":[16.363895,48.203544]},"properties":{"name":"Burgring","band":2,"modes":"bus","arr":["57A"],"off":[0,-0.8]}},{"type":"Feature","geometry":{"type":"Point","coordinates":[16.363895,48.203544]},"properties":{"line":"57A","mode":"bus","color":"#0059a9","colorDark":"#00294f","band":2,"off":[0,1.1]}},{"type":"Feature","geometry":{"type":"Point","coordinates":[16.322574,48.190104]},"properties":{"name":"Rudolfsheim, Anschützgasse","band":2,"modes":"bus","arr":["57A"],"off":[0,-0.8]}},{"type":"Feature","geometry":{"type":"Point","coordinates":[16.322574,48.190104]},"properties":{"line":"57A","mode":"bus","color":"#0059a9","colorDark":"#00294f","band":2,"off":[0,1.1]}},{"type":"Feature","geometry":{"type":"Point","coordinates":[16.332468,48.174922]},"properties":{"name":"Meidling, Eichenstraße","band":2,"modes":"bus","arr":["59A","62A","8A","9A"],"off":[0,-0.8]}},{"type":"Feature","geometry":{"type":"Point","coordinates":[16.332468,48.174922]},"properties":{"name":"Meidling","band":2,"modes":"bus","arr":["59A","62A","8A","9A"],"off":[0,-3]}},{"type":"Feature","geometry":{"type":"Point","coordinates":[16.332468,48.174922]},"properties":{"line":"59A","mode":"bus","color":"#0059a9","colorDark":"#00294f","band":2,"off":[-5.1,1.1]}},{"type":"Feature","geometry":{"type":"Point","coordinates":[16.332468,48.174922]},"properties":{"line":"62A","mode":"bus","color":"#0059a9","colorDark":"#00294f","band":2,"off":[-1.7,1.1]}},{"type":"Feature","geometry":{"type":"Point","coordinates":[16.332468,48.174922]},"properties":{"line":"8A","mode":"bus","color":"#0059a9","colorDark":"#00294f","band":2,"off":[1.7,1.1]}},{"type":"Feature","geometry":{"type":"Point","coordinates":[16.332468,48.174922]},"properties":{"line":"9A","mode":"bus","color":"#0059a9","colorDark":"#00294f","band":2,"off":[5.1,1.1]}},{"type":"Feature","geometry":{"type":"Point","coordinates":[16.384187,48.214871]},"properties":{"name":"Nestroyplatz","band":2,"modes":"bus","arr":["5A"],"off":[0,-0.8]}},{"type":"Feature","geometry":{"type":"Point","coordinates":[16.384187,48.214871]},"properties":{"line":"5A","mode":"bus","color":"#0059a9","colorDark":"#00294f","band":2,"off":[0,1.1]}},{"type":"Feature","geometry":{"type":"Point","coordinates":[16.375346,48.249382]},"properties":{"name":"Griegstraße","band":2,"modes":"bus","arr":["5A"],"off":[0,-0.8]}},{"type":"Feature","geometry":{"type":"Point","coordinates":[16.375346,48.249382]},"properties":{"line":"5A","mode":"bus","color":"#0059a9","colorDark":"#00294f","band":2,"off":[0,1.1]}},{"type":"Feature","geometry":{"type":"Point","coordinates":[16.391602,48.218248]},"properties":{"name":"Praterstern","band":2,"modes":"tram,bus","arr":["5","5B","80A","N81"],"off":[0,-0.8]}},{"type":"Feature","geometry":{"type":"Point","coordinates":[16.391602,48.218248]},"properties":{"line":"5","mode":"tram","color":"#d6212b","colorDark":"#7c1116","band":2,"off":[-5.1,1.1]}},{"type":"Feature","geometry":{"type":"Point","coordinates":[16.391602,48.218248]},"properties":{"line":"5B","mode":"bus","color":"#0059a9","colorDark":"#00294f","band":2,"off":[-1.7,1.1]}},{"type":"Feature","geometry":{"type":"Point","coordinates":[16.391602,48.218248]},"properties":{"line":"80A","mode":"bus","color":"#0059a9","colorDark":"#00294f","band":2,"off":[1.7,1.1]}},{"type":"Feature","geometry":{"type":"Point","coordinates":[16.391602,48.218248]},"properties":{"line":"N81","mode":"bus","color":"#0059a9","colorDark":"#00294f","band":2,"off":[5.1,1.1]}},{"type":"Feature","geometry":{"type":"Point","coordinates":[16.317152,48.150544]},"properties":{"name":"Alterlaa","band":2,"modes":"bus","arr":["60A","64B","67B","N64","N8"],"off":[0,-0.8]}},{"type":"Feature","geometry":{"type":"Point","coordinates":[16.317152,48.150544]},"properties":{"line":"60A","mode":"bus","color":"#0059a9","colorDark":"#00294f","band":2,"off":[-6.8,1.1]}},{"type":"Feature","geometry":{"type":"Point","coordinates":[16.317152,48.150544]},"properties":{"line":"64B","mode":"bus","color":"#0059a9","colorDark":"#00294f","band":2,"off":[-3.4,1.1]}},{"type":"Feature","geometry":{"type":"Point","coordinates":[16.317152,48.150544]},"properties":{"line":"67B","mode":"bus","color":"#0059a9","colorDark":"#00294f","band":2,"off":[0,1.1]}},{"type":"Feature","geometry":{"type":"Point","coordinates":[16.317152,48.150544]},"properties":{"line":"N64","mode":"bus","color":"#0059a9","colorDark":"#00294f","band":2,"off":[3.4,1.1]}},{"type":"Feature","geometry":{"type":"Point","coordinates":[16.317152,48.150544]},"properties":{"line":"N8","mode":"bus","color":"#0059a9","colorDark":"#00294f","band":2,"off":[6.8,1.1]}},{"type":"Feature","geometry":{"type":"Point","coordinates":[16.283269,48.134811]},"properties":{"name":"Liesing","band":2,"modes":"bus","arr":["60A","61A","61B","62A","66A","N61","N65","N66"],"off":[0,-0.8]}},{"type":"Feature","geometry":{"type":"Point","coordinates":[16.283269,48.134811]},"properties":{"line":"60A","mode":"bus","color":"#0059a9","colorDark":"#00294f","band":2,"off":[-6.8,1.1]}},{"type":"Feature","geometry":{"type":"Point","coordinates":[16.283269,48.134811]},"properties":{"line":"61A","mode":"bus","color":"#0059a9","colorDark":"#00294f","band":2,"off":[-3.4,1.1]}},{"type":"Feature","geometry":{"type":"Point","coordinates":[16.283269,48.134811]},"properties":{"line":"61B","mode":"bus","color":"#0059a9","colorDark":"#00294f","band":2,"off":[0,1.1]}},{"type":"Feature","geometry":{"type":"Point","coordinates":[16.283269,48.134811]},"properties":{"line":"62A","mode":"bus","color":"#0059a9","colorDark":"#00294f","band":2,"off":[3.4,1.1]}},{"type":"Feature","geometry":{"type":"Point","coordinates":[16.283269,48.134811]},"properties":{"line":"66A","mode":"bus","color":"#0059a9","colorDark":"#00294f","band":2,"off":[6.8,1.1]}},{"type":"Feature","geometry":{"type":"Point","coordinates":[16.283269,48.134811]},"properties":{"line":"N61","mode":"bus","color":"#0059a9","colorDark":"#00294f","band":2,"off":[-3.4,3.1]}},{"type":"Feature","geometry":{"type":"Point","coordinates":[16.283269,48.134811]},"properties":{"line":"N65","mode":"bus","color":"#0059a9","colorDark":"#00294f","band":2,"off":[0,3.1]}},{"type":"Feature","geometry":{"type":"Point","coordinates":[16.283269,48.134811]},"properties":{"line":"N66","mode":"bus","color":"#0059a9","colorDark":"#00294f","band":2,"off":[3.4,3.1]}},{"type":"Feature","geometry":{"type":"Point","coordinates":[16.314015,48.136793]},"properties":{"name":"Perfektastraße","band":2,"modes":"bus","arr":["64A"],"off":[0,-0.8]}},{"type":"Feature","geometry":{"type":"Point","coordinates":[16.314015,48.136793]},"properties":{"line":"64A","mode":"bus","color":"#0059a9","colorDark":"#00294f","band":2,"off":[0,1.1]}},{"type":"Feature","geometry":{"type":"Point","coordinates":[16.317974,48.126051]},"properties":{"name":"Vösendorf-Siebenhirten","band":2,"modes":"bus","arr":["61A","61B"],"off":[0,-0.8]}},{"type":"Feature","geometry":{"type":"Point","coordinates":[16.317974,48.126051]},"properties":{"line":"61A","mode":"bus","color":"#0059a9","colorDark":"#00294f","band":2,"off":[-1.7,1.1]}},{"type":"Feature","geometry":{"type":"Point","coordinates":[16.317974,48.126051]},"properties":{"line":"61B","mode":"bus","color":"#0059a9","colorDark":"#00294f","band":2,"off":[1.7,1.1]}},{"type":"Feature","geometry":{"type":"Point","coordinates":[16.30974,48.12969]},"properties":{"name":"Siebenhirten","band":2,"modes":"bus,metro","arr":["N64","U6"],"off":[0,-0.8]}},{"type":"Feature","geometry":{"type":"Point","coordinates":[16.30974,48.12969]},"properties":{"line":"N64","mode":"bus","color":"#0059a9","colorDark":"#00294f","band":2,"off":[-1.7,1.1]}},{"type":"Feature","geometry":{"type":"Point","coordinates":[16.30974,48.12969]},"properties":{"line":"U6","mode":"tram","color":"#9D6830","colorDark":"#56391a","band":2,"metro":1,"off":[1.7,1.1]}},{"type":"Feature","geometry":{"type":"Point","coordinates":[16.29101,48.161826]},"properties":{"name":"Am Rosenhügel","band":2,"modes":"bus","arr":["63A"],"off":[0,-0.8]}},{"type":"Feature","geometry":{"type":"Point","coordinates":[16.29101,48.161826]},"properties":{"line":"63A","mode":"bus","color":"#0059a9","colorDark":"#00294f","band":2,"off":[0,1.1]}},{"type":"Feature","geometry":{"type":"Point","coordinates":[16.29591,48.15048]},"properties":{"name":"Atzgersdorf, Ziedlergasse","band":2,"modes":"bus","arr":["64A"],"off":[0,-0.8]}},{"type":"Feature","geometry":{"type":"Point","coordinates":[16.29591,48.15048]},"properties":{"line":"64A","mode":"bus","color":"#0059a9","colorDark":"#00294f","band":2,"off":[0,1.1]}},{"type":"Feature","geometry":{"type":"Point","coordinates":[16.378785,48.17283]},"properties":{"name":"Reumannplatz","band":2,"modes":"bus","arr":["65A","66A","7A","N65","N66"],"off":[0,-0.8]}},{"type":"Feature","geometry":{"type":"Point","coordinates":[16.378785,48.17283]},"properties":{"line":"65A","mode":"bus","color":"#0059a9","colorDark":"#00294f","band":2,"off":[-6.8,1.1]}},{"type":"Feature","geometry":{"type":"Point","coordinates":[16.378785,48.17283]},"properties":{"line":"66A","mode":"bus","color":"#0059a9","colorDark":"#00294f","band":2,"off":[-3.4,1.1]}},{"type":"Feature","geometry":{"type":"Point","coordinates":[16.378785,48.17283]},"properties":{"line":"7A","mode":"bus","color":"#0059a9","colorDark":"#00294f","band":2,"off":[0,1.1]}},{"type":"Feature","geometry":{"type":"Point","coordinates":[16.378785,48.17283]},"properties":{"line":"N65","mode":"bus","color":"#0059a9","colorDark":"#00294f","band":2,"off":[3.4,1.1]}},{"type":"Feature","geometry":{"type":"Point","coordinates":[16.378785,48.17283]},"properties":{"line":"N66","mode":"bus","color":"#0059a9","colorDark":"#00294f","band":2,"off":[6.8,1.1]}},{"type":"Feature","geometry":{"type":"Point","coordinates":[16.344706,48.167884]},"properties":{"name":"Wienerberg City","band":2,"modes":"bus","arr":["65A","7B"],"off":[0,-0.8]}},{"type":"Feature","geometry":{"type":"Point","coordinates":[16.344706,48.167884]},"properties":{"line":"65A","mode":"bus","color":"#0059a9","colorDark":"#00294f","band":2,"off":[-1.7,1.1]}},{"type":"Feature","geometry":{"type":"Point","coordinates":[16.344706,48.167884]},"properties":{"line":"7B","mode":"bus","color":"#0059a9","colorDark":"#00294f","band":2,"off":[1.7,1.1]}},{"type":"Feature","geometry":{"type":"Point","coordinates":[16.342307,48.141192]},"properties":{"name":"Inzersdorf, Kolpingstraße","band":2,"modes":"bus","arr":["67A"],"off":[0,-0.8]}},{"type":"Feature","geometry":{"type":"Point","coordinates":[16.342307,48.141192]},"properties":{"line":"67A","mode":"bus","color":"#0059a9","colorDark":"#00294f","band":2,"off":[0,1.1]}},{"type":"Feature","geometry":{"type":"Point","coordinates":[16.357634,48.135685]},"properties":{"name":"Inzersdorf, Großmarkt","band":2,"modes":"bus","arr":["N67"],"off":[0,-0.8]}},{"type":"Feature","geometry":{"type":"Point","coordinates":[16.357634,48.135685]},"properties":{"line":"N67","mode":"bus","color":"#0059a9","colorDark":"#00294f","band":2,"off":[0,1.1]}},{"type":"Feature","geometry":{"type":"Point","coordinates":[16.406212,48.151812]},"properties":{"name":"Laaer Berg, Kurpark Nordosteingang","band":2,"modes":"bus","arr":["68A"],"off":[0,-0.8]}},{"type":"Feature","geometry":{"type":"Point","coordinates":[16.406212,48.151812]},"properties":{"line":"68A","mode":"bus","color":"#0059a9","colorDark":"#00294f","band":2,"off":[0,1.1]}},{"type":"Feature","geometry":{"type":"Point","coordinates":[16.42021,48.169574]},"properties":{"name":"Simmering","band":2,"modes":"bus,metro","arr":["69A","71E","72A","73A","U3"],"off":[0,-0.8]}},{"type":"Feature","geometry":{"type":"Point","coordinates":[16.42021,48.169574]},"properties":{"line":"69A","mode":"bus","color":"#0059a9","colorDark":"#00294f","band":2,"off":[-6.8,1.1]}},{"type":"Feature","geometry":{"type":"Point","coordinates":[16.42021,48.169574]},"properties":{"line":"71E","mode":"bus","color":"#0059a9","colorDark":"#00294f","band":2,"off":[-3.4,1.1]}},{"type":"Feature","geometry":{"type":"Point","coordinates":[16.42021,48.169574]},"properties":{"line":"72A","mode":"bus","color":"#0059a9","colorDark":"#00294f","band":2,"off":[0,1.1]}},{"type":"Feature","geometry":{"type":"Point","coordinates":[16.42021,48.169574]},"properties":{"line":"73A","mode":"bus","color":"#0059a9","colorDark":"#00294f","band":2,"off":[3.4,1.1]}},{"type":"Feature","geometry":{"type":"Point","coordinates":[16.42021,48.169574]},"properties":{"line":"U3","mode":"tram","color":"#EF7C00","colorDark":"#834400","band":2,"metro":1,"off":[6.8,1.1]}},{"type":"Feature","geometry":{"type":"Point","coordinates":[16.439232,48.13269]},"properties":{"name":"Kledering Bahnhof","band":2,"modes":"bus","arr":["70A"],"off":[0,-0.8]}},{"type":"Feature","geometry":{"type":"Point","coordinates":[16.439232,48.13269]},"properties":{"line":"70A","mode":"bus","color":"#0059a9","colorDark":"#00294f","band":2,"off":[0,1.1]}},{"type":"Feature","geometry":{"type":"Point","coordinates":[16.41485,48.132903]},"properties":{"name":"Unterlaa","band":2,"modes":"bus","arr":["N17"],"off":[0,-0.8]}},{"type":"Feature","geometry":{"type":"Point","coordinates":[16.41485,48.132903]},"properties":{"line":"N17","mode":"bus","color":"#0059a9","colorDark":"#00294f","band":2,"off":[0,1.1]}},{"type":"Feature","geometry":{"type":"Point","coordinates":[16.449117,48.152266]},"properties":{"name":"Zentralfriedhof 3.Tor","band":2,"modes":"bus","arr":["71A","71B","73B"],"off":[0,-0.8]}},{"type":"Feature","geometry":{"type":"Point","coordinates":[16.449117,48.152266]},"properties":{"line":"71A","mode":"bus","color":"#0059a9","colorDark":"#00294f","band":2,"off":[-3.4,1.1]}},{"type":"Feature","geometry":{"type":"Point","coordinates":[16.449117,48.152266]},"properties":{"line":"71B","mode":"bus","color":"#0059a9","colorDark":"#00294f","band":2,"off":[0,1.1]}},{"type":"Feature","geometry":{"type":"Point","coordinates":[16.449117,48.152266]},"properties":{"line":"73B","mode":"bus","color":"#0059a9","colorDark":"#00294f","band":2,"off":[3.4,1.1]}},{"type":"Feature","geometry":{"type":"Point","coordinates":[16.482632,48.142493]},"properties":{"name":"Schwechat Bahnhof","band":2,"modes":"bus","arr":["71A"],"off":[0,-0.8]}},{"type":"Feature","geometry":{"type":"Point","coordinates":[16.482632,48.142493]},"properties":{"line":"71A","mode":"bus","color":"#0059a9","colorDark":"#00294f","band":2,"off":[0,1.1]}},{"type":"Feature","geometry":{"type":"Point","coordinates":[16.42685,48.153522]},"properties":{"name":"Zentralfriedhof","band":2,"modes":"bus","arr":["71B"],"off":[0,-0.8]}},{"type":"Feature","geometry":{"type":"Point","coordinates":[16.42685,48.153522]},"properties":{"line":"71B","mode":"bus","color":"#0059a9","colorDark":"#00294f","band":2,"off":[0,1.1]}},{"type":"Feature","geometry":{"type":"Point","coordinates":[16.464836,48.146977]},"properties":{"name":"Kaiserebersdorf","band":2,"modes":"bus","arr":["73B"],"off":[0,-0.8]}},{"type":"Feature","geometry":{"type":"Point","coordinates":[16.464836,48.146977]},"properties":{"line":"73B","mode":"bus","color":"#0059a9","colorDark":"#00294f","band":2,"off":[0,1.1]}},{"type":"Feature","geometry":{"type":"Point","coordinates":[16.469958,48.159779]},"properties":{"name":"Kaiserebersdorf, Zinnergasse","band":2,"modes":"tram,bus","arr":["11","71","71E","N71"],"off":[0,-0.8]}},{"type":"Feature","geometry":{"type":"Point","coordinates":[16.469958,48.159779]},"properties":{"line":"11","mode":"tram","color":"#d6212b","colorDark":"#7c1116","band":2,"off":[-5.1,1.1]}},{"type":"Feature","geometry":{"type":"Point","coordinates":[16.469958,48.159779]},"properties":{"line":"71","mode":"tram","color":"#d6212b","colorDark":"#7c1116","band":2,"off":[-1.7,1.1]}},{"type":"Feature","geometry":{"type":"Point","coordinates":[16.469958,48.159779]},"properties":{"line":"71E","mode":"bus","color":"#0059a9","colorDark":"#00294f","band":2,"off":[1.7,1.1]}},{"type":"Feature","geometry":{"type":"Point","coordinates":[16.469958,48.159779]},"properties":{"line":"N71","mode":"bus","color":"#0059a9","colorDark":"#00294f","band":2,"off":[5.1,1.1]}},{"type":"Feature","geometry":{"type":"Point","coordinates":[16.417745,48.161745]},"properties":{"name":"Hasenleiten","band":2,"modes":"bus","arr":["72A"],"off":[0,-0.8]}},{"type":"Feature","geometry":{"type":"Point","coordinates":[16.417745,48.161745]},"properties":{"line":"72A","mode":"bus","color":"#0059a9","colorDark":"#00294f","band":2,"off":[0,1.1]}},{"type":"Feature","geometry":{"type":"Point","coordinates":[16.45746,48.159866]},"properties":{"name":"Pantucekgasse","band":2,"modes":"bus","arr":["73A"],"off":[0,-0.8]}},{"type":"Feature","geometry":{"type":"Point","coordinates":[16.45746,48.159866]},"properties":{"line":"73A","mode":"bus","color":"#0059a9","colorDark":"#00294f","band":2,"off":[0,1.1]}},{"type":"Feature","geometry":{"type":"Point","coordinates":[16.399658,48.187788]},"properties":{"name":"St. Marx S/Leberstr.","band":2,"modes":"bus","arr":["74A"],"off":[0,-0.8]}},{"type":"Feature","geometry":{"type":"Point","coordinates":[16.399658,48.187788]},"properties":{"line":"74A","mode":"bus","color":"#0059a9","colorDark":"#00294f","band":2,"off":[0,1.1]}},{"type":"Feature","geometry":{"type":"Point","coordinates":[16.427761,48.179217]},"properties":{"name":"Haidestraße","band":2,"modes":"bus","arr":["76A"],"off":[0,-0.8]}},{"type":"Feature","geometry":{"type":"Point","coordinates":[16.427761,48.179217]},"properties":{"line":"76A","mode":"bus","color":"#0059a9","colorDark":"#00294f","band":2,"off":[0,1.1]}},{"type":"Feature","geometry":{"type":"Point","coordinates":[16.485091,48.160433]},"properties":{"name":"Albern","band":2,"modes":"bus","arr":["76A","76B"],"off":[0,-0.8]}},{"type":"Feature","geometry":{"type":"Point","coordinates":[16.485091,48.160433]},"properties":{"line":"76A","mode":"bus","color":"#0059a9","colorDark":"#00294f","band":2,"off":[-1.7,1.1]}},{"type":"Feature","geometry":{"type":"Point","coordinates":[16.485091,48.160433]},"properties":{"line":"76B","mode":"bus","color":"#0059a9","colorDark":"#00294f","band":2,"off":[1.7,1.1]}},{"type":"Feature","geometry":{"type":"Point","coordinates":[16.386556,48.195125]},"properties":{"name":"Rennweg","band":2,"modes":"bus","arr":["77A"],"off":[0,-0.8]}},{"type":"Feature","geometry":{"type":"Point","coordinates":[16.386556,48.195125]},"properties":{"line":"77A","mode":"bus","color":"#0059a9","colorDark":"#00294f","band":2,"off":[0,1.1]}},{"type":"Feature","geometry":{"type":"Point","coordinates":[16.433974,48.203581]},"properties":{"name":"Praterbrücke","band":2,"modes":"bus","arr":["N81"],"off":[0,-0.8]}},{"type":"Feature","geometry":{"type":"Point","coordinates":[16.433974,48.203581]},"properties":{"line":"N81","mode":"bus","color":"#0059a9","colorDark":"#00294f","band":2,"off":[0,1.1]}},{"type":"Feature","geometry":{"type":"Point","coordinates":[16.439263,48.191103]},"properties":{"name":"Lusthaus","band":2,"modes":"bus","arr":["77A"],"off":[0,-0.8]}},{"type":"Feature","geometry":{"type":"Point","coordinates":[16.439263,48.191103]},"properties":{"line":"77A","mode":"bus","color":"#0059a9","colorDark":"#00294f","band":2,"off":[0,1.1]}},{"type":"Feature","geometry":{"type":"Point","coordinates":[16.428544,48.207762]},"properties":{"name":"Donaumarina, Chrastekgasse","band":2,"modes":"bus","arr":["79A","79B"],"off":[0,-0.8]}},{"type":"Feature","geometry":{"type":"Point","coordinates":[16.428544,48.207762]},"properties":{"line":"79A","mode":"bus","color":"#0059a9","colorDark":"#00294f","band":2,"off":[-1.7,1.1]}},{"type":"Feature","geometry":{"type":"Point","coordinates":[16.428544,48.207762]},"properties":{"line":"79B","mode":"bus","color":"#0059a9","colorDark":"#00294f","band":2,"off":[1.7,1.1]}},{"type":"Feature","geometry":{"type":"Point","coordinates":[16.474206,48.158913]},"properties":{"name":"Kaiserebersdorf, Münnichplatz","band":2,"modes":"bus","arr":["79A","79B"],"off":[0,-0.8]}},{"type":"Feature","geometry":{"type":"Point","coordinates":[16.474206,48.158913]},"properties":{"line":"79A","mode":"bus","color":"#0059a9","colorDark":"#00294f","band":2,"off":[-1.7,1.1]}},{"type":"Feature","geometry":{"type":"Point","coordinates":[16.474206,48.158913]},"properties":{"line":"79B","mode":"bus","color":"#0059a9","colorDark":"#00294f","band":2,"off":[1.7,1.1]}},{"type":"Feature","geometry":{"type":"Point","coordinates":[16.328593,48.183571]},"properties":{"name":"Meidling Hauptstraße","band":2,"modes":"bus","arr":["7A","9A"],"off":[0,-0.8]}},{"type":"Feature","geometry":{"type":"Point","coordinates":[16.328593,48.183571]},"properties":{"line":"7A","mode":"bus","color":"#0059a9","colorDark":"#00294f","band":2,"off":[-1.7,1.1]}},{"type":"Feature","geometry":{"type":"Point","coordinates":[16.328593,48.183571]},"properties":{"line":"9A","mode":"bus","color":"#0059a9","colorDark":"#00294f","band":2,"off":[1.7,1.1]}},{"type":"Feature","geometry":{"type":"Point","coordinates":[16.407715,48.194042]},"properties":{"name":"Schlachthausgasse","band":2,"modes":"tram,bus","arr":["18","80A"],"off":[0,-0.8]}},{"type":"Feature","geometry":{"type":"Point","coordinates":[16.407715,48.194042]},"properties":{"line":"18","mode":"tram","color":"#d6212b","colorDark":"#7c1116","band":2,"off":[-1.7,1.1]}},{"type":"Feature","geometry":{"type":"Point","coordinates":[16.407715,48.194042]},"properties":{"line":"80A","mode":"bus","color":"#0059a9","colorDark":"#00294f","band":2,"off":[1.7,1.1]}},{"type":"Feature","geometry":{"type":"Point","coordinates":[16.393137,48.22034]},"properties":{"name":"Praterstern","band":2,"modes":"bus","arr":["82A"],"off":[0,-0.8]}},{"type":"Feature","geometry":{"type":"Point","coordinates":[16.393137,48.22034]},"properties":{"line":"82A","mode":"bus","color":"#0059a9","colorDark":"#00294f","band":2,"off":[0,1.1]}},{"type":"Feature","geometry":{"type":"Point","coordinates":[16.413501,48.215043]},"properties":{"name":"Krieau","band":2,"modes":"bus","arr":["82A"],"off":[0,-0.8]}},{"type":"Feature","geometry":{"type":"Point","coordinates":[16.413501,48.215043]},"properties":{"line":"82A","mode":"bus","color":"#0059a9","colorDark":"#00294f","band":2,"off":[0,1.1]}},{"type":"Feature","geometry":{"type":"Point","coordinates":[16.505069,48.233823]},"properties":{"name":"Aspern Nord","band":2,"modes":"tram,bus","arr":["27","84A","89A","95A","99A","99B","N84"],"off":[0,-0.8]}},{"type":"Feature","geometry":{"type":"Point","coordinates":[16.505069,48.233823]},"properties":{"line":"27","mode":"tram","color":"#d6212b","colorDark":"#7c1116","band":2,"off":[-6.8,1.1]}},{"type":"Feature","geometry":{"type":"Point","coordinates":[16.505069,48.233823]},"properties":{"line":"84A","mode":"bus","color":"#0059a9","colorDark":"#00294f","band":2,"off":[-3.4,1.1]}},{"type":"Feature","geometry":{"type":"Point","coordinates":[16.505069,48.233823]},"properties":{"line":"89A","mode":"bus","color":"#0059a9","colorDark":"#00294f","band":2,"off":[0,1.1]}},{"type":"Feature","geometry":{"type":"Point","coordinates":[16.505069,48.233823]},"properties":{"line":"95A","mode":"bus","color":"#0059a9","colorDark":"#00294f","band":2,"off":[3.4,1.1]}},{"type":"Feature","geometry":{"type":"Point","coordinates":[16.505069,48.233823]},"properties":{"line":"99A","mode":"bus","color":"#0059a9","colorDark":"#00294f","band":2,"off":[6.8,1.1]}},{"type":"Feature","geometry":{"type":"Point","coordinates":[16.505069,48.233823]},"properties":{"line":"99B","mode":"bus","color":"#0059a9","colorDark":"#00294f","band":2,"off":[-1.7,3.1]}},{"type":"Feature","geometry":{"type":"Point","coordinates":[16.505069,48.233823]},"properties":{"line":"N84","mode":"bus","color":"#0059a9","colorDark":"#00294f","band":2,"off":[1.7,3.1]}},{"type":"Feature","geometry":{"type":"Point","coordinates":[16.486775,48.233583]},"properties":{"name":"Hausfeldstraße","band":2,"modes":"tram,bus","arr":["26","85A","95B","N23"],"off":[0,-0.8]}},{"type":"Feature","geometry":{"type":"Point","coordinates":[16.486775,48.233583]},"properties":{"line":"26","mode":"tram","color":"#d6212b","colorDark":"#7c1116","band":2,"off":[-5.1,1.1]}},{"type":"Feature","geometry":{"type":"Point","coordinates":[16.486775,48.233583]},"properties":{"line":"85A","mode":"bus","color":"#0059a9","colorDark":"#00294f","band":2,"off":[-1.7,1.1]}},{"type":"Feature","geometry":{"type":"Point","coordinates":[16.486775,48.233583]},"properties":{"line":"95B","mode":"bus","color":"#0059a9","colorDark":"#00294f","band":2,"off":[1.7,1.1]}},{"type":"Feature","geometry":{"type":"Point","coordinates":[16.486775,48.233583]},"properties":{"line":"N23","mode":"bus","color":"#0059a9","colorDark":"#00294f","band":2,"off":[5.1,1.1]}},{"type":"Feature","geometry":{"type":"Point","coordinates":[16.490596,48.255928]},"properties":{"name":"Breitenlee, Rautenweg","band":2,"modes":"bus","arr":["85A"],"off":[0,-0.8]}},{"type":"Feature","geometry":{"type":"Point","coordinates":[16.490596,48.255928]},"properties":{"line":"85A","mode":"bus","color":"#0059a9","colorDark":"#00294f","band":2,"off":[0,1.1]}},{"type":"Feature","geometry":{"type":"Point","coordinates":[16.487781,48.237126]},"properties":{"name":"Am Heidjöchl","band":2,"modes":"bus","arr":["N24"],"off":[0,-0.8]}},{"type":"Feature","geometry":{"type":"Point","coordinates":[16.487781,48.237126]},"properties":{"line":"N24","mode":"bus","color":"#0059a9","colorDark":"#00294f","band":2,"off":[0,1.1]}},{"type":"Feature","geometry":{"type":"Point","coordinates":[16.448689,48.218934]},"properties":{"name":"Stadlau","band":2,"modes":"bus","arr":["86A","87A","94A"],"off":[0,-0.8]}},{"type":"Feature","geometry":{"type":"Point","coordinates":[16.448689,48.218934]},"properties":{"line":"86A","mode":"bus","color":"#0059a9","colorDark":"#00294f","band":2,"off":[-3.4,1.1]}},{"type":"Feature","geometry":{"type":"Point","coordinates":[16.448689,48.218934]},"properties":{"line":"87A","mode":"bus","color":"#0059a9","colorDark":"#00294f","band":2,"off":[0,1.1]}},{"type":"Feature","geometry":{"type":"Point","coordinates":[16.448689,48.218934]},"properties":{"line":"94A","mode":"bus","color":"#0059a9","colorDark":"#00294f","band":2,"off":[3.4,1.1]}},{"type":"Feature","geometry":{"type":"Point","coordinates":[16.453493,48.229253]},"properties":{"name":"Erzherzog-Karl-Straße","band":2,"modes":"bus","arr":["96A","N90"],"off":[0,-0.8]}},{"type":"Feature","geometry":{"type":"Point","coordinates":[16.453493,48.229253]},"properties":{"line":"96A","mode":"bus","color":"#0059a9","colorDark":"#00294f","band":2,"off":[-1.7,1.1]}},{"type":"Feature","geometry":{"type":"Point","coordinates":[16.453493,48.229253]},"properties":{"line":"N90","mode":"bus","color":"#0059a9","colorDark":"#00294f","band":2,"off":[1.7,1.1]}},{"type":"Feature","geometry":{"type":"Point","coordinates":[16.50818,48.225456]},"properties":{"name":"Seestadt","band":2,"modes":"bus,metro","arr":["88A","88B","U2"],"off":[0,-0.8]}},{"type":"Feature","geometry":{"type":"Point","coordinates":[16.50818,48.225456]},"properties":{"line":"88A","mode":"bus","color":"#0059a9","colorDark":"#00294f","band":2,"off":[-3.4,1.1]}},{"type":"Feature","geometry":{"type":"Point","coordinates":[16.50818,48.225456]},"properties":{"line":"88B","mode":"bus","color":"#0059a9","colorDark":"#00294f","band":2,"off":[0,1.1]}},{"type":"Feature","geometry":{"type":"Point","coordinates":[16.50818,48.225456]},"properties":{"line":"U2","mode":"tram","color":"#A862A4","colorDark":"#5c365a","band":2,"metro":1,"off":[3.4,1.1]}},{"type":"Feature","geometry":{"type":"Point","coordinates":[16.514978,48.202348]},"properties":{"name":"Eßling, Wegmayersiedlung","band":2,"modes":"bus","arr":["88B"],"off":[0,-0.8]}},{"type":"Feature","geometry":{"type":"Point","coordinates":[16.514978,48.202348]},"properties":{"line":"88B","mode":"bus","color":"#0059a9","colorDark":"#00294f","band":2,"off":[0,1.1]}},{"type":"Feature","geometry":{"type":"Point","coordinates":[16.536093,48.261484]},"properties":{"name":"Invalidensiedlung","band":2,"modes":"bus","arr":["89A"],"off":[0,-0.8]}},{"type":"Feature","geometry":{"type":"Point","coordinates":[16.536093,48.261484]},"properties":{"line":"89A","mode":"bus","color":"#0059a9","colorDark":"#00294f","band":2,"off":[0,1.1]}},{"type":"Feature","geometry":{"type":"Point","coordinates":[16.439822,48.212335]},"properties":{"name":"Donaustadtbrücke","band":2,"modes":"bus","arr":["N91"],"off":[0,-0.8]}},{"type":"Feature","geometry":{"type":"Point","coordinates":[16.439822,48.212335]},"properties":{"line":"N91","mode":"bus","color":"#0059a9","colorDark":"#00294f","band":2,"off":[0,1.1]}},{"type":"Feature","geometry":{"type":"Point","coordinates":[16.509779,48.166166]},"properties":{"name":"Ölhafen","band":2,"modes":"bus","arr":["92B"],"off":[0,-0.8]}},{"type":"Feature","geometry":{"type":"Point","coordinates":[16.509779,48.166166]},"properties":{"line":"92B","mode":"bus","color":"#0059a9","colorDark":"#00294f","band":2,"off":[0,1.1]}},{"type":"Feature","geometry":{"type":"Point","coordinates":[16.454022,48.205594]},"properties":{"name":"Schillwasserweg","band":2,"modes":"bus","arr":["96A"],"off":[0,-0.8]}},{"type":"Feature","geometry":{"type":"Point","coordinates":[16.454022,48.205594]},"properties":{"line":"96A","mode":"bus","color":"#0059a9","colorDark":"#00294f","band":2,"off":[0,1.1]}},{"type":"Feature","geometry":{"type":"Point","coordinates":[16.473734,48.202506]},"properties":{"name":"Großer Biberhaufen","band":2,"modes":"bus","arr":["95A"],"off":[0,-0.8]}},{"type":"Feature","geometry":{"type":"Point","coordinates":[16.473734,48.202506]},"properties":{"line":"95A","mode":"bus","color":"#0059a9","colorDark":"#00294f","band":2,"off":[0,1.1]}},{"type":"Feature","geometry":{"type":"Point","coordinates":[16.468313,48.233016]},"properties":{"name":"Hirschstetten","band":2,"modes":"bus","arr":["95B"],"off":[0,-0.8]}},{"type":"Feature","geometry":{"type":"Point","coordinates":[16.468313,48.233016]},"properties":{"line":"95B","mode":"bus","color":"#0059a9","colorDark":"#00294f","band":2,"off":[0,1.1]}},{"type":"Feature","geometry":{"type":"Point","coordinates":[16.544263,48.219258]},"properties":{"name":"Eßling, Schippanisiedlung","band":2,"modes":"bus","arr":["98A"],"off":[0,-0.8]}},{"type":"Feature","geometry":{"type":"Point","coordinates":[16.544263,48.219258]},"properties":{"line":"98A","mode":"bus","color":"#0059a9","colorDark":"#00294f","band":2,"off":[0,1.1]}},{"type":"Feature","geometry":{"type":"Point","coordinates":[16.52627,48.214419]},"properties":{"name":"Eßling Schule","band":2,"modes":"bus","arr":["99A","99B"],"off":[0,-0.8]}},{"type":"Feature","geometry":{"type":"Point","coordinates":[16.52627,48.214419]},"properties":{"line":"99A","mode":"bus","color":"#0059a9","colorDark":"#00294f","band":2,"off":[-1.7,1.1]}},{"type":"Feature","geometry":{"type":"Point","coordinates":[16.52627,48.214419]},"properties":{"line":"99B","mode":"bus","color":"#0059a9","colorDark":"#00294f","band":2,"off":[1.7,1.1]}},{"type":"Feature","geometry":{"type":"Point","coordinates":[16.386602,48.291448]},"properties":{"name":"Strebersdorf Meriangasse","band":2,"modes":"tram,bus","arr":["26","27","N20"],"off":[0,-0.8]}},{"type":"Feature","geometry":{"type":"Point","coordinates":[16.386602,48.291448]},"properties":{"line":"26","mode":"tram","color":"#d6212b","colorDark":"#7c1116","band":2,"off":[-3.4,1.1]}},{"type":"Feature","geometry":{"type":"Point","coordinates":[16.386602,48.291448]},"properties":{"line":"27","mode":"tram","color":"#d6212b","colorDark":"#7c1116","band":2,"off":[0,1.1]}},{"type":"Feature","geometry":{"type":"Point","coordinates":[16.386602,48.291448]},"properties":{"line":"N20","mode":"bus","color":"#0059a9","colorDark":"#00294f","band":2,"off":[3.4,1.1]}},{"type":"Feature","geometry":{"type":"Point","coordinates":[16.420333,48.297912]},"properties":{"name":"Stammersdorf","band":2,"modes":"tram,bus","arr":["30","31","N31"],"off":[0,-0.8]}},{"type":"Feature","geometry":{"type":"Point","coordinates":[16.420333,48.297912]},"properties":{"line":"30","mode":"tram","color":"#d6212b","colorDark":"#7c1116","band":2,"off":[-3.4,1.1]}},{"type":"Feature","geometry":{"type":"Point","coordinates":[16.420333,48.297912]},"properties":{"line":"31","mode":"tram","color":"#d6212b","colorDark":"#7c1116","band":2,"off":[0,1.1]}},{"type":"Feature","geometry":{"type":"Point","coordinates":[16.420333,48.297912]},"properties":{"line":"N31","mode":"bus","color":"#0059a9","colorDark":"#00294f","band":2,"off":[3.4,1.1]}},{"type":"Feature","geometry":{"type":"Point","coordinates":[16.367233,48.259836]},"properties":{"name":"Nußdorf","band":2,"modes":"bus","arr":["N36"],"off":[0,-0.8]}},{"type":"Feature","geometry":{"type":"Point","coordinates":[16.367233,48.259836]},"properties":{"line":"N36","mode":"bus","color":"#0059a9","colorDark":"#00294f","band":2,"off":[0,1.1]}},{"type":"Feature","geometry":{"type":"Point","coordinates":[16.341886,48.255107]},"properties":{"name":"Grinzing","band":2,"modes":"tram,bus","arr":["38","N38"],"off":[0,-0.8]}},{"type":"Feature","geometry":{"type":"Point","coordinates":[16.341886,48.255107]},"properties":{"line":"38","mode":"tram","color":"#d6212b","colorDark":"#7c1116","band":2,"off":[-1.7,1.1]}},{"type":"Feature","geometry":{"type":"Point","coordinates":[16.341886,48.255107]},"properties":{"line":"N38","mode":"bus","color":"#0059a9","colorDark":"#00294f","band":2,"off":[1.7,1.1]}},{"type":"Feature","geometry":{"type":"Point","coordinates":[16.312105,48.199648]},"properties":{"name":"Hütteldorfer Straße","band":2,"modes":"bus","arr":["N49"],"off":[0,-0.8]}},{"type":"Feature","geometry":{"type":"Point","coordinates":[16.312105,48.199648]},"properties":{"line":"N49","mode":"bus","color":"#0059a9","colorDark":"#00294f","band":2,"off":[0,1.1]}},{"type":"Feature","geometry":{"type":"Point","coordinates":[16.338803,48.196776]},"properties":{"name":"Westbahnhof","band":2,"modes":"tram,bus","arr":["5","9","52","60","N54","N6"],"off":[0,-0.8]}},{"type":"Feature","geometry":{"type":"Point","coordinates":[16.338803,48.196776]},"properties":{"line":"5","mode":"tram","color":"#d6212b","colorDark":"#7c1116","band":2,"off":[-6.8,1.1]}},{"type":"Feature","geometry":{"type":"Point","coordinates":[16.338803,48.196776]},"properties":{"line":"9","mode":"tram","color":"#d6212b","colorDark":"#7c1116","band":2,"off":[-3.4,1.1]}},{"type":"Feature","geometry":{"type":"Point","coordinates":[16.338803,48.196776]},"properties":{"line":"52","mode":"tram","color":"#d6212b","colorDark":"#7c1116","band":2,"off":[0,1.1]}},{"type":"Feature","geometry":{"type":"Point","coordinates":[16.338803,48.196776]},"properties":{"line":"60","mode":"tram","color":"#d6212b","colorDark":"#7c1116","band":2,"off":[3.4,1.1]}},{"type":"Feature","geometry":{"type":"Point","coordinates":[16.338803,48.196776]},"properties":{"line":"N54","mode":"bus","color":"#0059a9","colorDark":"#00294f","band":2,"off":[6.8,1.1]}},{"type":"Feature","geometry":{"type":"Point","coordinates":[16.338803,48.196776]},"properties":{"line":"N6","mode":"bus","color":"#0059a9","colorDark":"#00294f","band":2,"off":[0,3.1]}},{"type":"Feature","geometry":{"type":"Point","coordinates":[16.262161,48.133557]},"properties":{"name":"Rodaun","band":2,"modes":"bus","arr":["N60"],"off":[0,-0.8]}},{"type":"Feature","geometry":{"type":"Point","coordinates":[16.262161,48.133557]},"properties":{"line":"N60","mode":"bus","color":"#0059a9","colorDark":"#00294f","band":2,"off":[0,1.1]}},{"type":"Feature","geometry":{"type":"Point","coordinates":[16.238883,48.137946]},"properties":{"name":"Kalksburg Lodererweg","band":2,"modes":"bus","arr":["N61"],"off":[0,-0.8]}},{"type":"Feature","geometry":{"type":"Point","coordinates":[16.238883,48.137946]},"properties":{"line":"N61","mode":"bus","color":"#0059a9","colorDark":"#00294f","band":2,"off":[0,1.1]}},{"type":"Feature","geometry":{"type":"Point","coordinates":[16.373405,48.175327]},"properties":{"name":"Quellenplatz","band":2,"modes":"bus","arr":["N68"],"off":[0,-0.8]}},{"type":"Feature","geometry":{"type":"Point","coordinates":[16.373405,48.175327]},"properties":{"line":"N68","mode":"bus","color":"#0059a9","colorDark":"#00294f","band":2,"off":[0,1.1]}},{"type":"Feature","geometry":{"type":"Point","coordinates":[16.417192,48.185254]},"properties":{"name":"Gasometer","band":2,"modes":"bus","arr":["N75"],"off":[0,-0.8]}},{"type":"Feature","geometry":{"type":"Point","coordinates":[16.417192,48.185254]},"properties":{"line":"N75","mode":"bus","color":"#0059a9","colorDark":"#00294f","band":2,"off":[0,1.1]}},{"type":"Feature","geometry":{"type":"Point","coordinates":[16.440657,48.153412]},"properties":{"name":"Zentralfriedhof 2.Tor","band":2,"modes":"bus","arr":["ZF"],"off":[0,-0.8]}},{"type":"Feature","geometry":{"type":"Point","coordinates":[16.440657,48.153412]},"properties":{"line":"ZF","mode":"bus","color":"#0059a9","colorDark":"#00294f","band":2,"off":[0,1.1]}},{"type":"Feature","geometry":{"type":"Point","coordinates":[16.4053,48.208883]},"properties":{"name":"Prater, Hauptallee","band":2,"modes":"tram","arr":["1"],"off":[0,-0.8]}},{"type":"Feature","geometry":{"type":"Point","coordinates":[16.4053,48.208883]},"properties":{"line":"1","mode":"tram","color":"#d6212b","colorDark":"#7c1116","band":2,"off":[0,1.1]}},{"type":"Feature","geometry":{"type":"Point","coordinates":[16.354604,48.16841]},"properties":{"name":"Stefan-Fadinger-Platz","band":2,"modes":"tram","arr":["1"],"off":[0,-0.8]}},{"type":"Feature","geometry":{"type":"Point","coordinates":[16.354604,48.16841]},"properties":{"line":"1","mode":"tram","color":"#d6212b","colorDark":"#7c1116","band":2,"off":[0,1.1]}},{"type":"Feature","geometry":{"type":"Point","coordinates":[16.38017,48.244087]},"properties":{"name":"Friedrich-Engels-Platz","band":2,"modes":"tram","arr":["2"],"off":[0,-0.8]}},{"type":"Feature","geometry":{"type":"Point","coordinates":[16.38017,48.244087]},"properties":{"line":"2","mode":"tram","color":"#d6212b","colorDark":"#7c1116","band":2,"off":[0,1.1]}},{"type":"Feature","geometry":{"type":"Point","coordinates":[16.337108,48.202024]},"properties":{"name":"Burggasse-Stadthalle","band":2,"modes":"tram","arr":["6","18"],"off":[0,-0.8]}},{"type":"Feature","geometry":{"type":"Point","coordinates":[16.337108,48.202024]},"properties":{"line":"6","mode":"tram","color":"#d6212b","colorDark":"#7c1116","band":2,"off":[-1.7,1.1]}},{"type":"Feature","geometry":{"type":"Point","coordinates":[16.337108,48.202024]},"properties":{"line":"18","mode":"tram","color":"#d6212b","colorDark":"#7c1116","band":2,"off":[1.7,1.1]}},{"type":"Feature","geometry":{"type":"Point","coordinates":[16.399359,48.175631]},"properties":{"name":"Geiereckstraße","band":2,"modes":"tram","arr":["6"],"off":[0,-0.8]}},{"type":"Feature","geometry":{"type":"Point","coordinates":[16.399359,48.175631]},"properties":{"line":"6","mode":"tram","color":"#d6212b","colorDark":"#7c1116","band":2,"off":[0,1.1]}},{"type":"Feature","geometry":{"type":"Point","coordinates":[16.326859,48.232079]},"properties":{"name":"Gersthof, Wallrißstraße","band":2,"modes":"tram","arr":["9"],"off":[0,-0.8]}},{"type":"Feature","geometry":{"type":"Point","coordinates":[16.326859,48.232079]},"properties":{"line":"9","mode":"tram","color":"#d6212b","colorDark":"#7c1116","band":2,"off":[0,1.1]}},{"type":"Feature","geometry":{"type":"Point","coordinates":[16.282035,48.185677]},"properties":{"name":"Unter St. Veit, Hummelgasse","band":2,"modes":"tram","arr":["10"],"off":[0,-0.8]}},{"type":"Feature","geometry":{"type":"Point","coordinates":[16.282035,48.185677]},"properties":{"line":"10","mode":"tram","color":"#d6212b","colorDark":"#7c1116","band":2,"off":[0,1.1]}},{"type":"Feature","geometry":{"type":"Point","coordinates":[16.349428,48.153894]},"properties":{"name":"Otto-Probst-Platz","band":2,"modes":"tram","arr":["11"],"off":[0,-0.8]}},{"type":"Feature","geometry":{"type":"Point","coordinates":[16.349428,48.153894]},"properties":{"line":"11","mode":"tram","color":"#d6212b","colorDark":"#7c1116","band":2,"off":[0,1.1]}},{"type":"Feature","geometry":{"type":"Point","coordinates":[16.40741,48.220846]},"properties":{"name":"Hillerstraße","band":2,"modes":"tram","arr":["12"],"off":[0,-0.8]}},{"type":"Feature","geometry":{"type":"Point","coordinates":[16.40741,48.220846]},"properties":{"line":"12","mode":"tram","color":"#d6212b","colorDark":"#7c1116","band":2,"off":[0,1.1]}},{"type":"Feature","geometry":{"type":"Point","coordinates":[16.39292,48.228688]},"properties":{"name":"Bruno-Marek-Allee","band":2,"modes":"tram","arr":["O"],"off":[0,-0.8]}},{"type":"Feature","geometry":{"type":"Point","coordinates":[16.39292,48.228688]},"properties":{"line":"O","mode":"tram","color":"#d6212b","colorDark":"#7c1116","band":2,"off":[0,1.1]}},{"type":"Feature","geometry":{"type":"Point","coordinates":[16.339523,48.211722]},"properties":{"name":"Josefstädter Straße","band":2,"modes":"tram","arr":["12","46"],"off":[0,-0.8]}},{"type":"Feature","geometry":{"type":"Point","coordinates":[16.339523,48.211722]},"properties":{"line":"12","mode":"tram","color":"#d6212b","colorDark":"#7c1116","band":2,"off":[-1.7,1.1]}},{"type":"Feature","geometry":{"type":"Point","coordinates":[16.339523,48.211722]},"properties":{"line":"46","mode":"tram","color":"#d6212b","colorDark":"#7c1116","band":2,"off":[1.7,1.1]}},{"type":"Feature","geometry":{"type":"Point","coordinates":[16.409465,48.195447]},"properties":{"name":"Ludwig-Koeßler-Platz","band":2,"modes":"tram","arr":["18"],"off":[0,-0.8]}},{"type":"Feature","geometry":{"type":"Point","coordinates":[16.409465,48.195447]},"properties":{"line":"18","mode":"tram","color":"#d6212b","colorDark":"#7c1116","band":2,"off":[0,1.1]}},{"type":"Feature","geometry":{"type":"Point","coordinates":[16.48034,48.217461]},"properties":{"name":"Aspern, Oberdorfstraße","band":2,"modes":"tram","arr":["25","26"],"off":[0,-0.8]}},{"type":"Feature","geometry":{"type":"Point","coordinates":[16.48034,48.217461]},"properties":{"line":"25","mode":"tram","color":"#d6212b","colorDark":"#7c1116","band":2,"off":[-1.7,1.1]}},{"type":"Feature","geometry":{"type":"Point","coordinates":[16.48034,48.217461]},"properties":{"line":"26","mode":"tram","color":"#d6212b","colorDark":"#7c1116","band":2,"off":[1.7,1.1]}},{"type":"Feature","geometry":{"type":"Point","coordinates":[16.355545,48.251014]},"properties":{"name":"Hohe Warte","band":2,"modes":"tram","arr":["37"],"off":[0,-0.8]}},{"type":"Feature","geometry":{"type":"Point","coordinates":[16.355545,48.251014]},"properties":{"line":"37","mode":"tram","color":"#d6212b","colorDark":"#7c1116","band":2,"off":[0,1.1]}},{"type":"Feature","geometry":{"type":"Point","coordinates":[16.317193,48.232466]},"properties":{"name":"Gersthof, Herbeckstraße","band":2,"modes":"tram","arr":["37","40"],"off":[0,-0.8]}},{"type":"Feature","geometry":{"type":"Point","coordinates":[16.317193,48.232466]},"properties":{"line":"37","mode":"tram","color":"#d6212b","colorDark":"#7c1116","band":2,"off":[-1.7,1.1]}},{"type":"Feature","geometry":{"type":"Point","coordinates":[16.317193,48.232466]},"properties":{"line":"40","mode":"tram","color":"#d6212b","colorDark":"#7c1116","band":2,"off":[1.7,1.1]}},{"type":"Feature","geometry":{"type":"Point","coordinates":[16.329972,48.225852]},"properties":{"name":"Antonigasse","band":2,"modes":"tram","arr":["42"],"off":[0,-0.8]}},{"type":"Feature","geometry":{"type":"Point","coordinates":[16.329972,48.225852]},"properties":{"line":"42","mode":"tram","color":"#d6212b","colorDark":"#7c1116","band":2,"off":[0,1.1]}},{"type":"Feature","geometry":{"type":"Point","coordinates":[16.305761,48.214381]},"properties":{"name":"Maroltingergasse","band":2,"modes":"tram","arr":["44"],"off":[0,-0.8]}},{"type":"Feature","geometry":{"type":"Point","coordinates":[16.305761,48.214381]},"properties":{"line":"44","mode":"tram","color":"#d6212b","colorDark":"#7c1116","band":2,"off":[0,1.1]}},{"type":"Feature","geometry":{"type":"Point","coordinates":[16.255919,48.20267]},"properties":{"name":"Hütteldorf, Bujattigasse","band":2,"modes":"tram","arr":["49"],"off":[0,-0.8]}},{"type":"Feature","geometry":{"type":"Point","coordinates":[16.255919,48.20267]},"properties":{"line":"49","mode":"tram","color":"#d6212b","colorDark":"#7c1116","band":2,"off":[0,1.1]}},{"type":"Feature","geometry":{"type":"Point","coordinates":[16.271166,48.199104]},"properties":{"name":"Baumgarten","band":2,"modes":"tram","arr":["52"],"off":[0,-0.8]}},{"type":"Feature","geometry":{"type":"Point","coordinates":[16.271166,48.199104]},"properties":{"line":"52","mode":"tram","color":"#d6212b","colorDark":"#7c1116","band":2,"off":[0,1.1]}},{"type":"Feature","geometry":{"type":"Point","coordinates":[16.263139,48.132517]},"properties":{"name":"Rodaun","band":2,"modes":"tram","arr":["60"],"off":[0,-0.8]}},{"type":"Feature","geometry":{"type":"Point","coordinates":[16.263139,48.132517]},"properties":{"line":"60","mode":"tram","color":"#d6212b","colorDark":"#7c1116","band":2,"off":[0,1.1]}},{"type":"Feature","geometry":{"type":"Point","coordinates":[16.274025,48.175394]},"properties":{"name":"Lainz, Wolkersbergenstraße","band":2,"modes":"tram","arr":["62"],"off":[0,-0.8]}},{"type":"Feature","geometry":{"type":"Point","coordinates":[16.274025,48.175394]},"properties":{"line":"62","mode":"tram","color":"#d6212b","colorDark":"#7c1116","band":2,"off":[0,1.1]}},{"type":"Feature","geometry":{"type":"Point","coordinates":[16.23369,48.005971]},"properties":{"name":"Baden Josefsplatz","band":2,"modes":"tram","arr":["BB"],"off":[0,-0.8]}},{"type":"Feature","geometry":{"type":"Point","coordinates":[16.23369,48.005971]},"properties":{"line":"BB","mode":"tram","color":"#d6212b","colorDark":"#7c1116","band":2,"off":[0,1.1]}},{"type":"Feature","geometry":{"type":"Point","coordinates":[16.390383,48.176481]},"properties":{"name":"Absberggasse","band":2,"modes":"tram","arr":["D"],"off":[0,-0.8]}},{"type":"Feature","geometry":{"type":"Point","coordinates":[16.390383,48.176481]},"properties":{"line":"D","mode":"tram","color":"#d6212b","colorDark":"#7c1116","band":2,"off":[0,1.1]}},{"type":"Feature","geometry":{"type":"Point","coordinates":[16.364403,48.166785]},"properties":{"name":"Raxstraße","band":2,"modes":"tram","arr":["O"],"off":[0,-0.8]}},{"type":"Feature","geometry":{"type":"Point","coordinates":[16.364403,48.166785]},"properties":{"line":"O","mode":"tram","color":"#d6212b","colorDark":"#7c1116","band":2,"off":[0,1.1]}},{"type":"Feature","geometry":{"type":"Point","coordinates":[16.399956,48.142357]},"properties":{"name":"Oberlaa","band":2,"modes":"metro","arr":["U1"],"off":[0,-0.8]}},{"type":"Feature","geometry":{"type":"Point","coordinates":[16.399956,48.142357]},"properties":{"line":"U1","mode":"tram","color":"#E3000F","colorDark":"#7d0008","band":2,"metro":1,"off":[0,1.1]}},{"type":"Feature","geometry":{"type":"Point","coordinates":[16.452048,48.277629]},"properties":{"name":"Leopoldau","band":2,"modes":"metro","arr":["U1"],"off":[0,-0.8]}},{"type":"Feature","geometry":{"type":"Point","coordinates":[16.452048,48.277629]},"properties":{"line":"U1","mode":"tram","color":"#E3000F","colorDark":"#7d0008","band":2,"metro":1,"off":[0,1.1]}},{"type":"Feature","geometry":{"type":"Point","coordinates":[16.365199,48.248804]},"properties":{"name":"Heiligenstadt","band":3,"modes":"bus,metro","arr":["10A","11A","38A","39A","5B","U4"],"off":[0,-0.8]}},{"type":"Feature","geometry":{"type":"Point","coordinates":[16.365199,48.248804]},"properties":{"line":"10A","mode":"bus","color":"#0059a9","colorDark":"#00294f","band":3,"off":[-6.8,1.1]}},{"type":"Feature","geometry":{"type":"Point","coordinates":[16.365199,48.248804]},"properties":{"line":"11A","mode":"bus","color":"#0059a9","colorDark":"#00294f","band":3,"off":[-3.4,1.1]}},{"type":"Feature","geometry":{"type":"Point","coordinates":[16.365199,48.248804]},"properties":{"line":"38A","mode":"bus","color":"#0059a9","colorDark":"#00294f","band":3,"off":[0,1.1]}},{"type":"Feature","geometry":{"type":"Point","coordinates":[16.365199,48.248804]},"properties":{"line":"39A","mode":"bus","color":"#0059a9","colorDark":"#00294f","band":3,"off":[3.4,1.1]}},{"type":"Feature","geometry":{"type":"Point","coordinates":[16.365199,48.248804]},"properties":{"line":"5B","mode":"bus","color":"#0059a9","colorDark":"#00294f","band":3,"off":[6.8,1.1]}},{"type":"Feature","geometry":{"type":"Point","coordinates":[16.365199,48.248804]},"properties":{"line":"U4","mode":"tram","color":"#319F49","colorDark":"#1b5728","band":3,"metro":1,"off":[0,3.1]}},{"type":"Feature","geometry":{"type":"Point","coordinates":[16.330675,48.181346]},"properties":{"name":"Niederhofstraße","band":3,"modes":"bus","arr":["10A"],"off":[0,-0.8]}},{"type":"Feature","geometry":{"type":"Point","coordinates":[16.330675,48.181346]},"properties":{"line":"10A","mode":"bus","color":"#0059a9","colorDark":"#00294f","band":3,"off":[0,1.1]}},{"type":"Feature","geometry":{"type":"Point","coordinates":[16.421405,48.210962]},"properties":{"name":"Stadion","band":3,"modes":"bus","arr":["11A"],"off":[0,-0.8]}},{"type":"Feature","geometry":{"type":"Point","coordinates":[16.421405,48.210962]},"properties":{"line":"11A","mode":"bus","color":"#0059a9","colorDark":"#00294f","band":3,"off":[0,1.1]}},{"type":"Feature","geometry":{"type":"Point","coordinates":[16.383929,48.241121]},"properties":{"name":"Handelskai","band":3,"modes":"bus","arr":["N8"],"off":[0,-0.8]}},{"type":"Feature","geometry":{"type":"Point","coordinates":[16.383929,48.241121]},"properties":{"line":"N8","mode":"bus","color":"#0059a9","colorDark":"#00294f","band":3,"off":[0,1.1]}},{"type":"Feature","geometry":{"type":"Point","coordinates":[16.315274,48.206833]},"properties":{"name":"Schmelz, Gablenzgasse","band":3,"modes":"bus","arr":["12A"],"off":[0,-0.8]}},{"type":"Feature","geometry":{"type":"Point","coordinates":[16.315274,48.206833]},"properties":{"line":"12A","mode":"bus","color":"#0059a9","colorDark":"#00294f","band":3,"off":[0,1.1]}},{"type":"Feature","geometry":{"type":"Point","coordinates":[16.350214,48.181464]},"properties":{"name":"Eichenstraße","band":3,"modes":"bus","arr":["12A"],"off":[0,-0.8]}},{"type":"Feature","geometry":{"type":"Point","coordinates":[16.350214,48.181464]},"properties":{"line":"12A","mode":"bus","color":"#0059a9","colorDark":"#00294f","band":3,"off":[0,1.1]}},{"type":"Feature","geometry":{"type":"Point","coordinates":[16.348651,48.214861]},"properties":{"name":"Skodagasse","band":3,"modes":"bus","arr":["13A"],"off":[0,-0.8]}},{"type":"Feature","geometry":{"type":"Point","coordinates":[16.348651,48.214861]},"properties":{"line":"13A","mode":"bus","color":"#0059a9","colorDark":"#00294f","band":3,"off":[0,1.1]}},{"type":"Feature","geometry":{"type":"Point","coordinates":[16.375474,48.186139]},"properties":{"name":"Hauptbahnhof","band":3,"modes":"bus","arr":["13A","69A"],"off":[0,-0.8]}},{"type":"Feature","geometry":{"type":"Point","coordinates":[16.375474,48.186139]},"properties":{"line":"13A","mode":"bus","color":"#0059a9","colorDark":"#00294f","band":3,"off":[-1.7,1.1]}},{"type":"Feature","geometry":{"type":"Point","coordinates":[16.375474,48.186139]},"properties":{"line":"69A","mode":"bus","color":"#0059a9","colorDark":"#00294f","band":3,"off":[1.7,1.1]}},{"type":"Feature","geometry":{"type":"Point","coordinates":[16.350877,48.198109]},"properties":{"name":"Neubaugasse","band":3,"modes":"bus","arr":["14A"],"off":[0,-0.8]}},{"type":"Feature","geometry":{"type":"Point","coordinates":[16.350877,48.198109]},"properties":{"line":"14A","mode":"bus","color":"#0059a9","colorDark":"#00294f","band":3,"off":[0,1.1]}},{"type":"Feature","geometry":{"type":"Point","coordinates":[16.37879,48.175485]},"properties":{"name":"Reumannplatz","band":3,"modes":"bus","arr":["14A","68A","68B"],"off":[0,-0.8]}},{"type":"Feature","geometry":{"type":"Point","coordinates":[16.37879,48.175485]},"properties":{"line":"14A","mode":"bus","color":"#0059a9","colorDark":"#00294f","band":3,"off":[-3.4,1.1]}},{"type":"Feature","geometry":{"type":"Point","coordinates":[16.37879,48.175485]},"properties":{"line":"68A","mode":"bus","color":"#0059a9","colorDark":"#00294f","band":3,"off":[0,1.1]}},{"type":"Feature","geometry":{"type":"Point","coordinates":[16.37879,48.175485]},"properties":{"line":"68B","mode":"bus","color":"#0059a9","colorDark":"#00294f","band":3,"off":[3.4,1.1]}},{"type":"Feature","geometry":{"type":"Point","coordinates":[16.331972,48.172534]},"properties":{"name":"Meidling, Schedifkaplatz","band":3,"modes":"bus","arr":["15A","7B"],"off":[0,-0.8]}},{"type":"Feature","geometry":{"type":"Point","coordinates":[16.331972,48.172534]},"properties":{"line":"15A","mode":"bus","color":"#0059a9","colorDark":"#00294f","band":3,"off":[-1.7,1.1]}},{"type":"Feature","geometry":{"type":"Point","coordinates":[16.331972,48.172534]},"properties":{"line":"7B","mode":"bus","color":"#0059a9","colorDark":"#00294f","band":3,"off":[1.7,1.1]}},{"type":"Feature","geometry":{"type":"Point","coordinates":[16.415962,48.173959]},"properties":{"name":"Enkplatz","band":3,"modes":"bus","arr":["15A","76A","76B","N6"],"off":[0,-0.8]}},{"type":"Feature","geometry":{"type":"Point","coordinates":[16.415962,48.173959]},"properties":{"line":"15A","mode":"bus","color":"#0059a9","colorDark":"#00294f","band":3,"off":[-5.1,1.1]}},{"type":"Feature","geometry":{"type":"Point","coordinates":[16.415962,48.173959]},"properties":{"line":"76A","mode":"bus","color":"#0059a9","colorDark":"#00294f","band":3,"off":[-1.7,1.1]}},{"type":"Feature","geometry":{"type":"Point","coordinates":[16.415962,48.173959]},"properties":{"line":"76B","mode":"bus","color":"#0059a9","colorDark":"#00294f","band":3,"off":[1.7,1.1]}},{"type":"Feature","geometry":{"type":"Point","coordinates":[16.415962,48.173959]},"properties":{"line":"N6","mode":"bus","color":"#0059a9","colorDark":"#00294f","band":3,"off":[5.1,1.1]}},{"type":"Feature","geometry":{"type":"Point","coordinates":[16.383569,48.160858]},"properties":{"name":"Altes Landgut","band":3,"modes":"bus","arr":["N67"],"off":[0,-0.8]}},{"type":"Feature","geometry":{"type":"Point","coordinates":[16.383569,48.160858]},"properties":{"line":"N67","mode":"bus","color":"#0059a9","colorDark":"#00294f","band":3,"off":[0,1.1]}},{"type":"Feature","geometry":{"type":"Point","coordinates":[16.344783,48.169967]},"properties":{"name":"Gesundheitszentrum Süd","band":3,"modes":"bus","arr":["63A"],"off":[0,-0.8]}},{"type":"Feature","geometry":{"type":"Point","coordinates":[16.344783,48.169967]},"properties":{"line":"63A","mode":"bus","color":"#0059a9","colorDark":"#00294f","band":3,"off":[0,1.1]}},{"type":"Feature","geometry":{"type":"Point","coordinates":[16.314441,48.165826]},"properties":{"name":"Hetzendorf","band":3,"modes":"bus","arr":["16A","64B"],"off":[0,-0.8]}},{"type":"Feature","geometry":{"type":"Point","coordinates":[16.314441,48.165826]},"properties":{"line":"16A","mode":"bus","color":"#0059a9","colorDark":"#00294f","band":3,"off":[-1.7,1.1]}},{"type":"Feature","geometry":{"type":"Point","coordinates":[16.314441,48.165826]},"properties":{"line":"64B","mode":"bus","color":"#0059a9","colorDark":"#00294f","band":3,"off":[1.7,1.1]}},{"type":"Feature","geometry":{"type":"Point","coordinates":[16.381679,48.152878]},"properties":{"name":"Alaudagasse","band":3,"modes":"bus","arr":["16A","19A","67A","67B","N17"],"off":[0,-0.8]}},{"type":"Feature","geometry":{"type":"Point","coordinates":[16.381679,48.152878]},"properties":{"line":"16A","mode":"bus","color":"#0059a9","colorDark":"#00294f","band":3,"off":[-6.8,1.1]}},{"type":"Feature","geometry":{"type":"Point","coordinates":[16.381679,48.152878]},"properties":{"line":"19A","mode":"bus","color":"#0059a9","colorDark":"#00294f","band":3,"off":[-3.4,1.1]}},{"type":"Feature","geometry":{"type":"Point","coordinates":[16.381679,48.152878]},"properties":{"line":"67A","mode":"bus","color":"#0059a9","colorDark":"#00294f","band":3,"off":[0,1.1]}},{"type":"Feature","geometry":{"type":"Point","coordinates":[16.381679,48.152878]},"properties":{"line":"67B","mode":"bus","color":"#0059a9","colorDark":"#00294f","band":3,"off":[3.4,1.1]}},{"type":"Feature","geometry":{"type":"Point","coordinates":[16.381679,48.152878]},"properties":{"line":"N17","mode":"bus","color":"#0059a9","colorDark":"#00294f","band":3,"off":[6.8,1.1]}},{"type":"Feature","geometry":{"type":"Point","coordinates":[16.351496,48.136697]},"properties":{"name":"Inzersdorf, Birostraße","band":3,"modes":"bus","arr":["17A"],"off":[0,-0.8]}},{"type":"Feature","geometry":{"type":"Point","coordinates":[16.351496,48.136697]},"properties":{"line":"17A","mode":"bus","color":"#0059a9","colorDark":"#00294f","band":3,"off":[0,1.1]}},{"type":"Feature","geometry":{"type":"Point","coordinates":[16.39861,48.143426]},"properties":{"name":"Oberlaa","band":3,"modes":"bus","arr":["17A","68B","70A","N68"],"off":[0,-0.8]}},{"type":"Feature","geometry":{"type":"Point","coordinates":[16.39861,48.143426]},"properties":{"line":"17A","mode":"bus","color":"#0059a9","colorDark":"#00294f","band":3,"off":[-5.1,1.1]}},{"type":"Feature","geometry":{"type":"Point","coordinates":[16.39861,48.143426]},"properties":{"line":"68B","mode":"bus","color":"#0059a9","colorDark":"#00294f","band":3,"off":[-1.7,1.1]}},{"type":"Feature","geometry":{"type":"Point","coordinates":[16.39861,48.143426]},"properties":{"line":"70A","mode":"bus","color":"#0059a9","colorDark":"#00294f","band":3,"off":[1.7,1.1]}},{"type":"Feature","geometry":{"type":"Point","coordinates":[16.39861,48.143426]},"properties":{"line":"N68","mode":"bus","color":"#0059a9","colorDark":"#00294f","band":3,"off":[5.1,1.1]}},{"type":"Feature","geometry":{"type":"Point","coordinates":[16.386053,48.152811]},"properties":{"name":"Ada-Christen-Gasse","band":3,"modes":"bus","arr":["19A"],"off":[0,-0.8]}},{"type":"Feature","geometry":{"type":"Point","coordinates":[16.386053,48.152811]},"properties":{"line":"19A","mode":"bus","color":"#0059a9","colorDark":"#00294f","band":3,"off":[0,1.1]}},{"type":"Feature","geometry":{"type":"Point","coordinates":[16.372554,48.209309]},"properties":{"name":"Stephansplatz","band":3,"modes":"bus","arr":["1A"],"off":[0,-0.8]}},{"type":"Feature","geometry":{"type":"Point","coordinates":[16.372554,48.209309]},"properties":{"line":"1A","mode":"bus","color":"#0059a9","colorDark":"#00294f","band":3,"off":[0,1.1]}},{"type":"Feature","geometry":{"type":"Point","coordinates":[16.362824,48.213395]},"properties":{"name":"Schottentor","band":3,"modes":"bus","arr":["1A","N38","N41","N43"],"off":[0,-0.8]}},{"type":"Feature","geometry":{"type":"Point","coordinates":[16.362824,48.213395]},"properties":{"line":"1A","mode":"bus","color":"#0059a9","colorDark":"#00294f","band":3,"off":[-5.1,1.1]}},{"type":"Feature","geometry":{"type":"Point","coordinates":[16.362824,48.213395]},"properties":{"line":"N38","mode":"bus","color":"#0059a9","colorDark":"#00294f","band":3,"off":[-1.7,1.1]}},{"type":"Feature","geometry":{"type":"Point","coordinates":[16.362824,48.213395]},"properties":{"line":"N41","mode":"bus","color":"#0059a9","colorDark":"#00294f","band":3,"off":[1.7,1.1]}},{"type":"Feature","geometry":{"type":"Point","coordinates":[16.362824,48.213395]},"properties":{"line":"N43","mode":"bus","color":"#0059a9","colorDark":"#00294f","band":3,"off":[5.1,1.1]}},{"type":"Feature","geometry":{"type":"Point","coordinates":[16.415603,48.232789]},"properties":{"name":"Kaisermühlen-VIC","band":3,"modes":"bus","arr":["20A","92A","92B","N90"],"off":[0,-0.8]}},{"type":"Feature","geometry":{"type":"Point","coordinates":[16.415603,48.232789]},"properties":{"line":"20A","mode":"bus","color":"#0059a9","colorDark":"#00294f","band":3,"off":[-5.1,1.1]}},{"type":"Feature","geometry":{"type":"Point","coordinates":[16.415603,48.232789]},"properties":{"line":"92A","mode":"bus","color":"#0059a9","colorDark":"#00294f","band":3,"off":[-1.7,1.1]}},{"type":"Feature","geometry":{"type":"Point","coordinates":[16.415603,48.232789]},"properties":{"line":"92B","mode":"bus","color":"#0059a9","colorDark":"#00294f","band":3,"off":[1.7,1.1]}},{"type":"Feature","geometry":{"type":"Point","coordinates":[16.415603,48.232789]},"properties":{"line":"N90","mode":"bus","color":"#0059a9","colorDark":"#00294f","band":3,"off":[5.1,1.1]}},{"type":"Feature","geometry":{"type":"Point","coordinates":[16.395151,48.246473]},"properties":{"name":"Neue Donau","band":3,"modes":"bus","arr":["20A","20B"],"off":[0,-0.8]}},{"type":"Feature","geometry":{"type":"Point","coordinates":[16.395151,48.246473]},"properties":{"line":"20A","mode":"bus","color":"#0059a9","colorDark":"#00294f","band":3,"off":[-1.7,1.1]}},{"type":"Feature","geometry":{"type":"Point","coordinates":[16.395151,48.246473]},"properties":{"line":"20B","mode":"bus","color":"#0059a9","colorDark":"#00294f","band":3,"off":[1.7,1.1]}},{"type":"Feature","geometry":{"type":"Point","coordinates":[16.423737,48.238013]},"properties":{"name":"Alte Donau","band":3,"modes":"bus","arr":["20B"],"off":[0,-0.8]}},{"type":"Feature","geometry":{"type":"Point","coordinates":[16.423737,48.238013]},"properties":{"line":"20B","mode":"bus","color":"#0059a9","colorDark":"#00294f","band":3,"off":[0,1.1]}},{"type":"Feature","geometry":{"type":"Point","coordinates":[16.443287,48.250587]},"properties":{"name":"Kagraner Platz","band":3,"modes":"bus","arr":["22A","24A","31A","N23","N24"],"off":[0,-0.8]}},{"type":"Feature","geometry":{"type":"Point","coordinates":[16.443287,48.250587]},"properties":{"line":"22A","mode":"bus","color":"#0059a9","colorDark":"#00294f","band":3,"off":[-6.8,1.1]}},{"type":"Feature","geometry":{"type":"Point","coordinates":[16.443287,48.250587]},"properties":{"line":"24A","mode":"bus","color":"#0059a9","colorDark":"#00294f","band":3,"off":[-3.4,1.1]}},{"type":"Feature","geometry":{"type":"Point","coordinates":[16.443287,48.250587]},"properties":{"line":"31A","mode":"bus","color":"#0059a9","colorDark":"#00294f","band":3,"off":[0,1.1]}},{"type":"Feature","geometry":{"type":"Point","coordinates":[16.443287,48.250587]},"properties":{"line":"N23","mode":"bus","color":"#0059a9","colorDark":"#00294f","band":3,"off":[3.4,1.1]}},{"type":"Feature","geometry":{"type":"Point","coordinates":[16.443287,48.250587]},"properties":{"line":"N24","mode":"bus","color":"#0059a9","colorDark":"#00294f","band":3,"off":[6.8,1.1]}},{"type":"Feature","geometry":{"type":"Point","coordinates":[16.475509,48.222962]},"properties":{"name":"Aspernstraße","band":3,"modes":"bus","arr":["22A","84A","93A","97A","98A"],"off":[0,-0.8]}},{"type":"Feature","geometry":{"type":"Point","coordinates":[16.475509,48.222962]},"properties":{"line":"22A","mode":"bus","color":"#0059a9","colorDark":"#00294f","band":3,"off":[-6.8,1.1]}},{"type":"Feature","geometry":{"type":"Point","coordinates":[16.475509,48.222962]},"properties":{"line":"84A","mode":"bus","color":"#0059a9","colorDark":"#00294f","band":3,"off":[-3.4,1.1]}},{"type":"Feature","geometry":{"type":"Point","coordinates":[16.475509,48.222962]},"properties":{"line":"93A","mode":"bus","color":"#0059a9","colorDark":"#00294f","band":3,"off":[0,1.1]}},{"type":"Feature","geometry":{"type":"Point","coordinates":[16.475509,48.222962]},"properties":{"line":"97A","mode":"bus","color":"#0059a9","colorDark":"#00294f","band":3,"off":[3.4,1.1]}},{"type":"Feature","geometry":{"type":"Point","coordinates":[16.475509,48.222962]},"properties":{"line":"98A","mode":"bus","color":"#0059a9","colorDark":"#00294f","band":3,"off":[6.8,1.1]}},{"type":"Feature","geometry":{"type":"Point","coordinates":[16.479496,48.251459]},"properties":{"name":"Breitenlee, Arnikaweg","band":3,"modes":"bus","arr":["86A"],"off":[0,-0.8]}},{"type":"Feature","geometry":{"type":"Point","coordinates":[16.479496,48.251459]},"properties":{"line":"86A","mode":"bus","color":"#0059a9","colorDark":"#00294f","band":3,"off":[0,1.1]}},{"type":"Feature","geometry":{"type":"Point","coordinates":[16.532176,48.249384]},"properties":{"name":"Neueßling","band":3,"modes":"bus","arr":["24A"],"off":[0,-0.8]}},{"type":"Feature","geometry":{"type":"Point","coordinates":[16.532176,48.249384]},"properties":{"line":"24A","mode":"bus","color":"#0059a9","colorDark":"#00294f","band":3,"off":[0,1.1]}},{"type":"Feature","geometry":{"type":"Point","coordinates":[16.450177,48.257263]},"properties":{"name":"Rennbahnweg U","band":3,"modes":"bus","arr":["25A"],"off":[0,-0.8]}},{"type":"Feature","geometry":{"type":"Point","coordinates":[16.450177,48.257263]},"properties":{"line":"25A","mode":"bus","color":"#0059a9","colorDark":"#00294f","band":3,"off":[0,1.1]}},{"type":"Feature","geometry":{"type":"Point","coordinates":[16.495924,48.277259]},"properties":{"name":"Süßenbrunner Platz","band":3,"modes":"bus","arr":["25A","25B"],"off":[0,-0.8]}},{"type":"Feature","geometry":{"type":"Point","coordinates":[16.495924,48.277259]},"properties":{"line":"25A","mode":"bus","color":"#0059a9","colorDark":"#00294f","band":3,"off":[-1.7,1.1]}},{"type":"Feature","geometry":{"type":"Point","coordinates":[16.495924,48.277259]},"properties":{"line":"25B","mode":"bus","color":"#0059a9","colorDark":"#00294f","band":3,"off":[1.7,1.1]}},{"type":"Feature","geometry":{"type":"Point","coordinates":[16.484691,48.285042]},"properties":{"name":"Süßenbrunn","band":3,"modes":"bus","arr":["25B"],"off":[0,-0.8]}},{"type":"Feature","geometry":{"type":"Point","coordinates":[16.484691,48.285042]},"properties":{"line":"25B","mode":"bus","color":"#0059a9","colorDark":"#00294f","band":3,"off":[0,1.1]}},{"type":"Feature","geometry":{"type":"Point","coordinates":[16.433783,48.2433]},"properties":{"name":"Kagran","band":3,"modes":"bus","arr":["26A","27A","27B","93A","94A"],"off":[0,-0.8]}},{"type":"Feature","geometry":{"type":"Point","coordinates":[16.433783,48.2433]},"properties":{"line":"26A","mode":"bus","color":"#0059a9","colorDark":"#00294f","band":3,"off":[-6.8,1.1]}},{"type":"Feature","geometry":{"type":"Point","coordinates":[16.433783,48.2433]},"properties":{"line":"27A","mode":"bus","color":"#0059a9","colorDark":"#00294f","band":3,"off":[-3.4,1.1]}},{"type":"Feature","geometry":{"type":"Point","coordinates":[16.433783,48.2433]},"properties":{"line":"27B","mode":"bus","color":"#0059a9","colorDark":"#00294f","band":3,"off":[0,1.1]}},{"type":"Feature","geometry":{"type":"Point","coordinates":[16.433783,48.2433]},"properties":{"line":"93A","mode":"bus","color":"#0059a9","colorDark":"#00294f","band":3,"off":[3.4,1.1]}},{"type":"Feature","geometry":{"type":"Point","coordinates":[16.433783,48.2433]},"properties":{"line":"94A","mode":"bus","color":"#0059a9","colorDark":"#00294f","band":3,"off":[6.8,1.1]}},{"type":"Feature","geometry":{"type":"Point","coordinates":[16.485937,48.217527]},"properties":{"name":"Siegesplatz","band":3,"modes":"bus","arr":["N84","N91"],"off":[0,-0.8]}},{"type":"Feature","geometry":{"type":"Point","coordinates":[16.485937,48.217527]},"properties":{"line":"N84","mode":"bus","color":"#0059a9","colorDark":"#00294f","band":3,"off":[-1.7,1.1]}},{"type":"Feature","geometry":{"type":"Point","coordinates":[16.485937,48.217527]},"properties":{"line":"N91","mode":"bus","color":"#0059a9","colorDark":"#00294f","band":3,"off":[1.7,1.1]}},{"type":"Feature","geometry":{"type":"Point","coordinates":[16.54946,48.19984]},"properties":{"name":"Groß-Enzersdorf Busbahnhof","band":3,"modes":"bus","arr":["26A"],"off":[0,-0.8]}},{"type":"Feature","geometry":{"type":"Point","coordinates":[16.54946,48.19984]},"properties":{"line":"26A","mode":"bus","color":"#0059a9","colorDark":"#00294f","band":3,"off":[0,1.1]}},{"type":"Feature","geometry":{"type":"Point","coordinates":[16.539633,48.208566]},"properties":{"name":"Eßling, Stadtgrenze","band":3,"modes":"bus","arr":["88A","N20"],"off":[0,-0.8]}},{"type":"Feature","geometry":{"type":"Point","coordinates":[16.539633,48.208566]},"properties":{"line":"88A","mode":"bus","color":"#0059a9","colorDark":"#00294f","band":3,"off":[-1.7,1.1]}},{"type":"Feature","geometry":{"type":"Point","coordinates":[16.539633,48.208566]},"properties":{"line":"N20","mode":"bus","color":"#0059a9","colorDark":"#00294f","band":3,"off":[1.7,1.1]}},{"type":"Feature","geometry":{"type":"Point","coordinates":[16.436455,48.263078]},"properties":{"name":"Eipeldauer Straße","band":3,"modes":"bus","arr":["28A"],"off":[0,-0.8]}},{"type":"Feature","geometry":{"type":"Point","coordinates":[16.436455,48.263078]},"properties":{"line":"28A","mode":"bus","color":"#0059a9","colorDark":"#00294f","band":3,"off":[0,1.1]}},{"type":"Feature","geometry":{"type":"Point","coordinates":[16.474344,48.266956]},"properties":{"name":"Hermann-Gebauer-Straße","band":3,"modes":"bus","arr":["27A","87A"],"off":[0,-0.8]}},{"type":"Feature","geometry":{"type":"Point","coordinates":[16.474344,48.266956]},"properties":{"line":"27A","mode":"bus","color":"#0059a9","colorDark":"#00294f","band":3,"off":[-1.7,1.1]}},{"type":"Feature","geometry":{"type":"Point","coordinates":[16.474344,48.266956]},"properties":{"line":"87A","mode":"bus","color":"#0059a9","colorDark":"#00294f","band":3,"off":[1.7,1.1]}},{"type":"Feature","geometry":{"type":"Point","coordinates":[16.42645,48.257651]},"properties":{"name":"Satzingerweg","band":3,"modes":"bus","arr":["27B"],"off":[0,-0.8]}},{"type":"Feature","geometry":{"type":"Point","coordinates":[16.42645,48.257651]},"properties":{"line":"27B","mode":"bus","color":"#0059a9","colorDark":"#00294f","band":3,"off":[0,1.1]}},{"type":"Feature","geometry":{"type":"Point","coordinates":[16.501735,48.253003]},"properties":{"name":"Breitenlee Schule","band":3,"modes":"bus","arr":["28A","97A"],"off":[0,-0.8]}},{"type":"Feature","geometry":{"type":"Point","coordinates":[16.501735,48.253003]},"properties":{"line":"28A","mode":"bus","color":"#0059a9","colorDark":"#00294f","band":3,"off":[-1.7,1.1]}},{"type":"Feature","geometry":{"type":"Point","coordinates":[16.501735,48.253003]},"properties":{"line":"97A","mode":"bus","color":"#0059a9","colorDark":"#00294f","band":3,"off":[1.7,1.1]}},{"type":"Feature","geometry":{"type":"Point","coordinates":[16.39976,48.255733]},"properties":{"name":"Floridsdorf","band":3,"modes":"tram,bus","arr":["25","26","29A","29B","30","33A","34A","N29","N30"],"off":[0,-0.8]}},{"type":"Feature","geometry":{"type":"Point","coordinates":[16.39976,48.255733]},"properties":{"line":"25","mode":"tram","color":"#d6212b","colorDark":"#7c1116","band":3,"off":[-6.8,1.1]}},{"type":"Feature","geometry":{"type":"Point","coordinates":[16.39976,48.255733]},"properties":{"line":"26","mode":"tram","color":"#d6212b","colorDark":"#7c1116","band":3,"off":[-3.4,1.1]}},{"type":"Feature","geometry":{"type":"Point","coordinates":[16.39976,48.255733]},"properties":{"line":"29A","mode":"bus","color":"#0059a9","colorDark":"#00294f","band":3,"off":[0,1.1]}},{"type":"Feature","geometry":{"type":"Point","coordinates":[16.39976,48.255733]},"properties":{"line":"29B","mode":"bus","color":"#0059a9","colorDark":"#00294f","band":3,"off":[3.4,1.1]}},{"type":"Feature","geometry":{"type":"Point","coordinates":[16.39976,48.255733]},"properties":{"line":"30","mode":"tram","color":"#d6212b","colorDark":"#7c1116","band":3,"off":[6.8,1.1]}},{"type":"Feature","geometry":{"type":"Point","coordinates":[16.39976,48.255733]},"properties":{"line":"33A","mode":"bus","color":"#0059a9","colorDark":"#00294f","band":3,"off":[-5.1,3.1]}},{"type":"Feature","geometry":{"type":"Point","coordinates":[16.39976,48.255733]},"properties":{"line":"34A","mode":"bus","color":"#0059a9","colorDark":"#00294f","band":3,"off":[-1.7,3.1]}},{"type":"Feature","geometry":{"type":"Point","coordinates":[16.39976,48.255733]},"properties":{"line":"N29","mode":"bus","color":"#0059a9","colorDark":"#00294f","band":3,"off":[1.7,3.1]}},{"type":"Feature","geometry":{"type":"Point","coordinates":[16.39976,48.255733]},"properties":{"line":"N30","mode":"bus","color":"#0059a9","colorDark":"#00294f","band":3,"off":[5.1,3.1]}},{"type":"Feature","geometry":{"type":"Point","coordinates":[16.447514,48.270264]},"properties":{"name":"Großfeldsiedlung","band":3,"modes":"bus","arr":["29A","29B","N25"],"off":[0,-0.8]}},{"type":"Feature","geometry":{"type":"Point","coordinates":[16.447514,48.270264]},"properties":{"line":"29A","mode":"bus","color":"#0059a9","colorDark":"#00294f","band":3,"off":[-3.4,1.1]}},{"type":"Feature","geometry":{"type":"Point","coordinates":[16.447514,48.270264]},"properties":{"line":"29B","mode":"bus","color":"#0059a9","colorDark":"#00294f","band":3,"off":[0,1.1]}},{"type":"Feature","geometry":{"type":"Point","coordinates":[16.447514,48.270264]},"properties":{"line":"N25","mode":"bus","color":"#0059a9","colorDark":"#00294f","band":3,"off":[3.4,1.1]}},{"type":"Feature","geometry":{"type":"Point","coordinates":[16.376266,48.211887]},"properties":{"name":"Schwedenplatz","band":3,"modes":"bus","arr":["2A","N25","N31"],"off":[0,-0.8]}},{"type":"Feature","geometry":{"type":"Point","coordinates":[16.376266,48.211887]},"properties":{"line":"2A","mode":"bus","color":"#0059a9","colorDark":"#00294f","band":3,"off":[-3.4,1.1]}},{"type":"Feature","geometry":{"type":"Point","coordinates":[16.376266,48.211887]},"properties":{"line":"N25","mode":"bus","color":"#0059a9","colorDark":"#00294f","band":3,"off":[0,1.1]}},{"type":"Feature","geometry":{"type":"Point","coordinates":[16.376266,48.211887]},"properties":{"line":"N31","mode":"bus","color":"#0059a9","colorDark":"#00294f","band":3,"off":[3.4,1.1]}},{"type":"Feature","geometry":{"type":"Point","coordinates":[16.374072,48.201939]},"properties":{"name":"Schwarzenbergplatz","band":3,"modes":"bus","arr":["2A"],"off":[0,-0.8]}},{"type":"Feature","geometry":{"type":"Point","coordinates":[16.374072,48.201939]},"properties":{"line":"2A","mode":"bus","color":"#0059a9","colorDark":"#00294f","band":3,"off":[0,1.1]}},{"type":"Feature","geometry":{"type":"Point","coordinates":[16.426301,48.272918]},"properties":{"name":"Neu Leopoldau","band":3,"modes":"bus","arr":["30A","N30"],"off":[0,-0.8]}},{"type":"Feature","geometry":{"type":"Point","coordinates":[16.426301,48.272918]},"properties":{"line":"30A","mode":"bus","color":"#0059a9","colorDark":"#00294f","band":3,"off":[-1.7,1.1]}},{"type":"Feature","geometry":{"type":"Point","coordinates":[16.426301,48.272918]},"properties":{"line":"N30","mode":"bus","color":"#0059a9","colorDark":"#00294f","band":3,"off":[1.7,1.1]}},{"type":"Feature","geometry":{"type":"Point","coordinates":[16.416145,48.301105]},"properties":{"name":"Freiheitsplatz","band":3,"modes":"bus","arr":["30A"],"off":[0,-0.8]}},{"type":"Feature","geometry":{"type":"Point","coordinates":[16.416145,48.301105]},"properties":{"line":"30A","mode":"bus","color":"#0059a9","colorDark":"#00294f","band":3,"off":[0,1.1]}},{"type":"Feature","geometry":{"type":"Point","coordinates":[16.401189,48.279874]},"properties":{"name":"Großjedlersdorf, Jochbergengasse","band":3,"modes":"bus","arr":["31A"],"off":[0,-0.8]}},{"type":"Feature","geometry":{"type":"Point","coordinates":[16.401189,48.279874]},"properties":{"line":"31A","mode":"bus","color":"#0059a9","colorDark":"#00294f","band":3,"off":[0,1.1]}},{"type":"Feature","geometry":{"type":"Point","coordinates":[16.448659,48.277607]},"properties":{"name":"Leopoldau","band":3,"modes":"bus","arr":["32A","36B"],"off":[0,-0.8]}},{"type":"Feature","geometry":{"type":"Point","coordinates":[16.448659,48.277607]},"properties":{"line":"32A","mode":"bus","color":"#0059a9","colorDark":"#00294f","band":3,"off":[-1.7,1.1]}},{"type":"Feature","geometry":{"type":"Point","coordinates":[16.448659,48.277607]},"properties":{"line":"36B","mode":"bus","color":"#0059a9","colorDark":"#00294f","band":3,"off":[1.7,1.1]}},{"type":"Feature","geometry":{"type":"Point","coordinates":[16.381373,48.286214]},"properties":{"name":"Strebersdorf","band":3,"modes":"bus","arr":["32A"],"off":[0,-0.8]}},{"type":"Feature","geometry":{"type":"Point","coordinates":[16.381373,48.286214]},"properties":{"line":"32A","mode":"bus","color":"#0059a9","colorDark":"#00294f","band":3,"off":[0,1.1]}},{"type":"Feature","geometry":{"type":"Point","coordinates":[16.410728,48.249197]},"properties":{"name":"Mühlschüttel","band":3,"modes":"bus","arr":["33A"],"off":[0,-0.8]}},{"type":"Feature","geometry":{"type":"Point","coordinates":[16.410728,48.249197]},"properties":{"line":"33A","mode":"bus","color":"#0059a9","colorDark":"#00294f","band":3,"off":[0,1.1]}},{"type":"Feature","geometry":{"type":"Point","coordinates":[16.38034,48.269449]},"properties":{"name":"Jedlesee, Überfuhrstraße","band":3,"modes":"bus","arr":["34A"],"off":[0,-0.8]}},{"type":"Feature","geometry":{"type":"Point","coordinates":[16.38034,48.269449]},"properties":{"line":"34A","mode":"bus","color":"#0059a9","colorDark":"#00294f","band":3,"off":[0,1.1]}},{"type":"Feature","geometry":{"type":"Point","coordinates":[16.357766,48.23304]},"properties":{"name":"Spittelau","band":3,"modes":"bus","arr":["35A","N35"],"off":[0,-0.8]}},{"type":"Feature","geometry":{"type":"Point","coordinates":[16.357766,48.23304]},"properties":{"line":"35A","mode":"bus","color":"#0059a9","colorDark":"#00294f","band":3,"off":[-1.7,1.1]}},{"type":"Feature","geometry":{"type":"Point","coordinates":[16.357766,48.23304]},"properties":{"line":"N35","mode":"bus","color":"#0059a9","colorDark":"#00294f","band":3,"off":[1.7,1.1]}},{"type":"Feature","geometry":{"type":"Point","coordinates":[16.293437,48.252137]},"properties":{"name":"Salmannsdorf","band":3,"modes":"bus","arr":["35A","N35"],"off":[0,-0.8]}},{"type":"Feature","geometry":{"type":"Point","coordinates":[16.293437,48.252137]},"properties":{"line":"35A","mode":"bus","color":"#0059a9","colorDark":"#00294f","band":3,"off":[-1.7,1.1]}},{"type":"Feature","geometry":{"type":"Point","coordinates":[16.293437,48.252137]},"properties":{"line":"N35","mode":"bus","color":"#0059a9","colorDark":"#00294f","band":3,"off":[1.7,1.1]}},{"type":"Feature","geometry":{"type":"Point","coordinates":[16.306665,48.250522]},"properties":{"name":"Neustift, Agnesgasse","band":3,"modes":"bus","arr":["43B"],"off":[0,-0.8]}},{"type":"Feature","geometry":{"type":"Point","coordinates":[16.306665,48.250522]},"properties":{"line":"43B","mode":"bus","color":"#0059a9","colorDark":"#00294f","band":3,"off":[0,1.1]}},{"type":"Feature","geometry":{"type":"Point","coordinates":[16.353083,48.231523]},"properties":{"name":"Nußdorfer Straße","band":3,"modes":"bus","arr":["37A","N36"],"off":[0,-0.8]}},{"type":"Feature","geometry":{"type":"Point","coordinates":[16.353083,48.231523]},"properties":{"line":"37A","mode":"bus","color":"#0059a9","colorDark":"#00294f","band":3,"off":[-1.7,1.1]}},{"type":"Feature","geometry":{"type":"Point","coordinates":[16.353083,48.231523]},"properties":{"line":"N36","mode":"bus","color":"#0059a9","colorDark":"#00294f","band":3,"off":[1.7,1.1]}},{"type":"Feature","geometry":{"type":"Point","coordinates":[16.386756,48.263065]},"properties":{"name":"Jedlesee, Bellgasse","band":3,"modes":"bus","arr":["36A","36B"],"off":[0,-0.8]}},{"type":"Feature","geometry":{"type":"Point","coordinates":[16.386756,48.263065]},"properties":{"line":"36A","mode":"bus","color":"#0059a9","colorDark":"#00294f","band":3,"off":[-1.7,1.1]}},{"type":"Feature","geometry":{"type":"Point","coordinates":[16.386756,48.263065]},"properties":{"line":"36B","mode":"bus","color":"#0059a9","colorDark":"#00294f","band":3,"off":[1.7,1.1]}},{"type":"Feature","geometry":{"type":"Point","coordinates":[16.412135,48.280188]},"properties":{"name":"Carabelligasse","band":3,"modes":"bus","arr":["36A"],"off":[0,-0.8]}},{"type":"Feature","geometry":{"type":"Point","coordinates":[16.412135,48.280188]},"properties":{"line":"36A","mode":"bus","color":"#0059a9","colorDark":"#00294f","band":3,"off":[0,1.1]}},{"type":"Feature","geometry":{"type":"Point","coordinates":[16.388836,48.236164]},"properties":{"name":"Brigittenauer Brücke","band":3,"modes":"bus","arr":["37A"],"off":[0,-0.8]}},{"type":"Feature","geometry":{"type":"Point","coordinates":[16.388836,48.236164]},"properties":{"line":"37A","mode":"bus","color":"#0059a9","colorDark":"#00294f","band":3,"off":[0,1.1]}},{"type":"Feature","geometry":{"type":"Point","coordinates":[16.336266,48.276089]},"properties":{"name":"Kahlenberg","band":3,"modes":"bus","arr":["38A"],"off":[0,-0.8]}},{"type":"Feature","geometry":{"type":"Point","coordinates":[16.336266,48.276089]},"properties":{"line":"38A","mode":"bus","color":"#0059a9","colorDark":"#00294f","band":3,"off":[0,1.1]}},{"type":"Feature","geometry":{"type":"Point","coordinates":[16.362652,48.259597]},"properties":{"name":"Nußdorf, Beethovengang","band":3,"modes":"bus,tram","arr":["38B","D"],"off":[0,-0.8]}},{"type":"Feature","geometry":{"type":"Point","coordinates":[16.362652,48.259597]},"properties":{"line":"38B","mode":"bus","color":"#0059a9","colorDark":"#00294f","band":3,"off":[-1.7,1.1]}},{"type":"Feature","geometry":{"type":"Point","coordinates":[16.362652,48.259597]},"properties":{"line":"D","mode":"tram","color":"#d6212b","colorDark":"#7c1116","band":3,"off":[1.7,1.1]}},{"type":"Feature","geometry":{"type":"Point","coordinates":[16.346397,48.260025]},"properties":{"name":"Heiligenstädter Friedhof","band":3,"modes":"bus","arr":["38B"],"off":[0,-0.8]}},{"type":"Feature","geometry":{"type":"Point","coordinates":[16.346397,48.260025]},"properties":{"line":"38B","mode":"bus","color":"#0059a9","colorDark":"#00294f","band":3,"off":[0,1.1]}},{"type":"Feature","geometry":{"type":"Point","coordinates":[16.317119,48.254213]},"properties":{"name":"Sievering","band":3,"modes":"bus","arr":["39A"],"off":[0,-0.8]}},{"type":"Feature","geometry":{"type":"Point","coordinates":[16.317119,48.254213]},"properties":{"line":"39A","mode":"bus","color":"#0059a9","colorDark":"#00294f","band":3,"off":[0,1.1]}},{"type":"Feature","geometry":{"type":"Point","coordinates":[16.323457,48.251067]},"properties":{"name":"Karthäuserstraße","band":3,"modes":"bus","arr":["39B"],"off":[0,-0.8]}},{"type":"Feature","geometry":{"type":"Point","coordinates":[16.323457,48.251067]},"properties":{"line":"39B","mode":"bus","color":"#0059a9","colorDark":"#00294f","band":3,"off":[0,1.1]}},{"type":"Feature","geometry":{"type":"Point","coordinates":[16.321435,48.249158]},"properties":{"name":"Sieveringer Friedhof","band":3,"modes":"bus","arr":["39B"],"off":[0,-0.8]}},{"type":"Feature","geometry":{"type":"Point","coordinates":[16.321435,48.249158]},"properties":{"line":"39B","mode":"bus","color":"#0059a9","colorDark":"#00294f","band":3,"off":[0,1.1]}},{"type":"Feature","geometry":{"type":"Point","coordinates":[16.370891,48.216757]},"properties":{"name":"Schottenring","band":3,"modes":"tram,bus","arr":["31","3A","71"],"off":[0,-0.8]}},{"type":"Feature","geometry":{"type":"Point","coordinates":[16.370891,48.216757]},"properties":{"line":"31","mode":"tram","color":"#d6212b","colorDark":"#7c1116","band":3,"off":[-3.4,1.1]}},{"type":"Feature","geometry":{"type":"Point","coordinates":[16.370891,48.216757]},"properties":{"line":"3A","mode":"bus","color":"#0059a9","colorDark":"#00294f","band":3,"off":[0,1.1]}},{"type":"Feature","geometry":{"type":"Point","coordinates":[16.370891,48.216757]},"properties":{"line":"71","mode":"tram","color":"#d6212b","colorDark":"#7c1116","band":3,"off":[3.4,1.1]}},{"type":"Feature","geometry":{"type":"Point","coordinates":[16.379909,48.2073]},"properties":{"name":"Stubentor U","band":3,"modes":"bus","arr":["3A","74A"],"off":[0,-0.8]}},{"type":"Feature","geometry":{"type":"Point","coordinates":[16.379909,48.2073]},"properties":{"line":"3A","mode":"bus","color":"#0059a9","colorDark":"#00294f","band":3,"off":[-1.7,1.1]}},{"type":"Feature","geometry":{"type":"Point","coordinates":[16.379909,48.2073]},"properties":{"line":"74A","mode":"bus","color":"#0059a9","colorDark":"#00294f","band":3,"off":[1.7,1.1]}},{"type":"Feature","geometry":{"type":"Point","coordinates":[16.364418,48.215306]},"properties":{"name":"Schottentor","band":3,"modes":"bus","arr":["40A"],"off":[0,-0.8]}},{"type":"Feature","geometry":{"type":"Point","coordinates":[16.364418,48.215306]},"properties":{"line":"40A","mode":"bus","color":"#0059a9","colorDark":"#00294f","band":3,"off":[0,1.1]}},{"type":"Feature","geometry":{"type":"Point","coordinates":[16.326077,48.240015]},"properties":{"name":"Döblinger Friedhof/Felix-Dahn-Straße","band":3,"modes":"bus","arr":["40A"],"off":[0,-0.8]}},{"type":"Feature","geometry":{"type":"Point","coordinates":[16.326077,48.240015]},"properties":{"line":"40A","mode":"bus","color":"#0059a9","colorDark":"#00294f","band":3,"off":[0,1.1]}},{"type":"Feature","geometry":{"type":"Point","coordinates":[16.310371,48.241411]},"properties":{"name":"Pötzleinsdorf","band":3,"modes":"bus","arr":["41A","N41"],"off":[0,-0.8]}},{"type":"Feature","geometry":{"type":"Point","coordinates":[16.310371,48.241411]},"properties":{"line":"41A","mode":"bus","color":"#0059a9","colorDark":"#00294f","band":3,"off":[-1.7,1.1]}},{"type":"Feature","geometry":{"type":"Point","coordinates":[16.310371,48.241411]},"properties":{"line":"N41","mode":"bus","color":"#0059a9","colorDark":"#00294f","band":3,"off":[1.7,1.1]}},{"type":"Feature","geometry":{"type":"Point","coordinates":[16.298458,48.246803]},"properties":{"name":"Neustifter Friedhof 3.Tor","band":3,"modes":"bus","arr":["41A"],"off":[0,-0.8]}},{"type":"Feature","geometry":{"type":"Point","coordinates":[16.298458,48.246803]},"properties":{"line":"41A","mode":"bus","color":"#0059a9","colorDark":"#00294f","band":3,"off":[0,1.1]}},{"type":"Feature","geometry":{"type":"Point","coordinates":[16.315,48.222913]},"properties":{"name":"Hernals","band":3,"modes":"bus","arr":["42A","44A"],"off":[0,-0.8]}},{"type":"Feature","geometry":{"type":"Point","coordinates":[16.315,48.222913]},"properties":{"line":"42A","mode":"bus","color":"#0059a9","colorDark":"#00294f","band":3,"off":[-1.7,1.1]}},{"type":"Feature","geometry":{"type":"Point","coordinates":[16.315,48.222913]},"properties":{"line":"44A","mode":"bus","color":"#0059a9","colorDark":"#00294f","band":3,"off":[1.7,1.1]}},{"type":"Feature","geometry":{"type":"Point","coordinates":[16.297683,48.237874]},"properties":{"name":"Schafberghöhe","band":3,"modes":"bus","arr":["42A"],"off":[0,-0.8]}},{"type":"Feature","geometry":{"type":"Point","coordinates":[16.297683,48.237874]},"properties":{"line":"42A","mode":"bus","color":"#0059a9","colorDark":"#00294f","band":3,"off":[0,1.1]}},{"type":"Feature","geometry":{"type":"Point","coordinates":[16.320916,48.221714]},"properties":{"name":"Hernals, Wattgasse","band":3,"modes":"bus","arr":["43A"],"off":[0,-0.8]}},{"type":"Feature","geometry":{"type":"Point","coordinates":[16.320916,48.221714]},"properties":{"line":"43A","mode":"bus","color":"#0059a9","colorDark":"#00294f","band":3,"off":[0,1.1]}},{"type":"Feature","geometry":{"type":"Point","coordinates":[16.290544,48.234273]},"properties":{"name":"Neuwaldegg","band":3,"modes":"bus","arr":["43A","N43"],"off":[0,-0.8]}},{"type":"Feature","geometry":{"type":"Point","coordinates":[16.290544,48.234273]},"properties":{"line":"43A","mode":"bus","color":"#0059a9","colorDark":"#00294f","band":3,"off":[-1.7,1.1]}},{"type":"Feature","geometry":{"type":"Point","coordinates":[16.290544,48.234273]},"properties":{"line":"N43","mode":"bus","color":"#0059a9","colorDark":"#00294f","band":3,"off":[1.7,1.1]}},{"type":"Feature","geometry":{"type":"Point","coordinates":[16.307714,48.226128]},"properties":{"name":"Dornbach","band":3,"modes":"tram,bus","arr":["2","10","43A","44B"],"off":[0,-0.8]}},{"type":"Feature","geometry":{"type":"Point","coordinates":[16.307714,48.226128]},"properties":{"line":"2","mode":"tram","color":"#d6212b","colorDark":"#7c1116","band":3,"off":[-5.1,1.1]}},{"type":"Feature","geometry":{"type":"Point","coordinates":[16.307714,48.226128]},"properties":{"line":"10","mode":"tram","color":"#d6212b","colorDark":"#7c1116","band":3,"off":[-1.7,1.1]}},{"type":"Feature","geometry":{"type":"Point","coordinates":[16.307714,48.226128]},"properties":{"line":"43A","mode":"bus","color":"#0059a9","colorDark":"#00294f","band":3,"off":[1.7,1.1]}},{"type":"Feature","geometry":{"type":"Point","coordinates":[16.307714,48.226128]},"properties":{"line":"44B","mode":"bus","color":"#0059a9","colorDark":"#00294f","band":3,"off":[5.1,1.1]}},{"type":"Feature","geometry":{"type":"Point","coordinates":[16.261029,48.197873]},"properties":{"name":"Hütteldorf","band":3,"modes":"bus","arr":["43B","47B","49A","50A","50B","52A","52B","53A"],"off":[0,-0.8]}},{"type":"Feature","geometry":{"type":"Point","coordinates":[16.261029,48.197873]},"properties":{"line":"43B","mode":"bus","color":"#0059a9","colorDark":"#00294f","band":3,"off":[-6.8,1.1]}},{"type":"Feature","geometry":{"type":"Point","coordinates":[16.261029,48.197873]},"properties":{"line":"47B","mode":"bus","color":"#0059a9","colorDark":"#00294f","band":3,"off":[-3.4,1.1]}},{"type":"Feature","geometry":{"type":"Point","coordinates":[16.261029,48.197873]},"properties":{"line":"49A","mode":"bus","color":"#0059a9","colorDark":"#00294f","band":3,"off":[0,1.1]}},{"type":"Feature","geometry":{"type":"Point","coordinates":[16.261029,48.197873]},"properties":{"line":"50A","mode":"bus","color":"#0059a9","colorDark":"#00294f","band":3,"off":[3.4,1.1]}},{"type":"Feature","geometry":{"type":"Point","coordinates":[16.261029,48.197873]},"properties":{"line":"50B","mode":"bus","color":"#0059a9","colorDark":"#00294f","band":3,"off":[6.8,1.1]}},{"type":"Feature","geometry":{"type":"Point","coordinates":[16.261029,48.197873]},"properties":{"line":"52A","mode":"bus","color":"#0059a9","colorDark":"#00294f","band":3,"off":[-3.4,3.1]}},{"type":"Feature","geometry":{"type":"Point","coordinates":[16.261029,48.197873]},"properties":{"line":"52B","mode":"bus","color":"#0059a9","colorDark":"#00294f","band":3,"off":[0,3.1]}},{"type":"Feature","geometry":{"type":"Point","coordinates":[16.261029,48.197873]},"properties":{"line":"53A","mode":"bus","color":"#0059a9","colorDark":"#00294f","band":3,"off":[3.4,3.1]}},{"type":"Feature","geometry":{"type":"Point","coordinates":[16.281805,48.231277]},"properties":{"name":"Mitterberg","band":3,"modes":"bus","arr":["44A"],"off":[0,-0.8]}},{"type":"Feature","geometry":{"type":"Point","coordinates":[16.281805,48.231277]},"properties":{"line":"44A","mode":"bus","color":"#0059a9","colorDark":"#00294f","band":3,"off":[0,1.1]}},{"type":"Feature","geometry":{"type":"Point","coordinates":[16.289508,48.222411]},"properties":{"name":"Predigtstuhl","band":3,"modes":"bus","arr":["44B"],"off":[0,-0.8]}},{"type":"Feature","geometry":{"type":"Point","coordinates":[16.289508,48.222411]},"properties":{"line":"44B","mode":"bus","color":"#0059a9","colorDark":"#00294f","band":3,"off":[0,1.1]}},{"type":"Feature","geometry":{"type":"Point","coordinates":[16.310424,48.210749]},"properties":{"name":"Ottakring","band":3,"modes":"bus","arr":["45A","46A","46B"],"off":[0,-0.8]}},{"type":"Feature","geometry":{"type":"Point","coordinates":[16.310424,48.210749]},"properties":{"line":"45A","mode":"bus","color":"#0059a9","colorDark":"#00294f","band":3,"off":[-3.4,1.1]}},{"type":"Feature","geometry":{"type":"Point","coordinates":[16.310424,48.210749]},"properties":{"line":"46A","mode":"bus","color":"#0059a9","colorDark":"#00294f","band":3,"off":[0,1.1]}},{"type":"Feature","geometry":{"type":"Point","coordinates":[16.310424,48.210749]},"properties":{"line":"46B","mode":"bus","color":"#0059a9","colorDark":"#00294f","band":3,"off":[3.4,1.1]}},{"type":"Feature","geometry":{"type":"Point","coordinates":[16.291807,48.215574]},"properties":{"name":"Liebhartstal","band":3,"modes":"bus","arr":["45A"],"off":[0,-0.8]}},{"type":"Feature","geometry":{"type":"Point","coordinates":[16.291807,48.215574]},"properties":{"line":"45A","mode":"bus","color":"#0059a9","colorDark":"#00294f","band":3,"off":[0,1.1]}},{"type":"Feature","geometry":{"type":"Point","coordinates":[16.283974,48.219891]},"properties":{"name":"Wilhelminenberg","band":3,"modes":"bus","arr":["46A","46B"],"off":[0,-0.8]}},{"type":"Feature","geometry":{"type":"Point","coordinates":[16.283974,48.219891]},"properties":{"line":"46A","mode":"bus","color":"#0059a9","colorDark":"#00294f","band":3,"off":[-1.7,1.1]}},{"type":"Feature","geometry":{"type":"Point","coordinates":[16.283974,48.219891]},"properties":{"line":"46B","mode":"bus","color":"#0059a9","colorDark":"#00294f","band":3,"off":[1.7,1.1]}},{"type":"Feature","geometry":{"type":"Point","coordinates":[16.287085,48.191602]},"properties":{"name":"Unter St. Veit","band":3,"modes":"bus","arr":["47A"],"off":[0,-0.8]}},{"type":"Feature","geometry":{"type":"Point","coordinates":[16.287085,48.191602]},"properties":{"line":"47A","mode":"bus","color":"#0059a9","colorDark":"#00294f","band":3,"off":[0,1.1]}},{"type":"Feature","geometry":{"type":"Point","coordinates":[16.273062,48.205366]},"properties":{"name":"Klinik Penzing","band":3,"modes":"bus","arr":["47A","48A"],"off":[0,-0.8]}},{"type":"Feature","geometry":{"type":"Point","coordinates":[16.273062,48.205366]},"properties":{"line":"47A","mode":"bus","color":"#0059a9","colorDark":"#00294f","band":3,"off":[-1.7,1.1]}},{"type":"Feature","geometry":{"type":"Point","coordinates":[16.273062,48.205366]},"properties":{"line":"48A","mode":"bus","color":"#0059a9","colorDark":"#00294f","band":3,"off":[1.7,1.1]}},{"type":"Feature","geometry":{"type":"Point","coordinates":[16.280395,48.20663]},"properties":{"name":"Otto-Wagner-Areal","band":3,"modes":"bus","arr":["N46"],"off":[0,-0.8]}},{"type":"Feature","geometry":{"type":"Point","coordinates":[16.280395,48.20663]},"properties":{"line":"N46","mode":"bus","color":"#0059a9","colorDark":"#00294f","band":3,"off":[0,1.1]}},{"type":"Feature","geometry":{"type":"Point","coordinates":[16.276384,48.192082]},"properties":{"name":"Ober St. Veit","band":3,"modes":"bus","arr":["54A","54B","N54"],"off":[0,-0.8]}},{"type":"Feature","geometry":{"type":"Point","coordinates":[16.276384,48.192082]},"properties":{"line":"54A","mode":"bus","color":"#0059a9","colorDark":"#00294f","band":3,"off":[-3.4,1.1]}},{"type":"Feature","geometry":{"type":"Point","coordinates":[16.276384,48.192082]},"properties":{"line":"54B","mode":"bus","color":"#0059a9","colorDark":"#00294f","band":3,"off":[0,1.1]}},{"type":"Feature","geometry":{"type":"Point","coordinates":[16.276384,48.192082]},"properties":{"line":"N54","mode":"bus","color":"#0059a9","colorDark":"#00294f","band":3,"off":[3.4,1.1]}},{"type":"Feature","geometry":{"type":"Point","coordinates":[16.261631,48.208749]},"properties":{"name":"Hüttelberg","band":3,"modes":"bus","arr":["47B"],"off":[0,-0.8]}},{"type":"Feature","geometry":{"type":"Point","coordinates":[16.261631,48.208749]},"properties":{"line":"47B","mode":"bus","color":"#0059a9","colorDark":"#00294f","band":3,"off":[0,1.1]}},{"type":"Feature","geometry":{"type":"Point","coordinates":[16.359601,48.206772]},"properties":{"name":"Ring/Volkstheater","band":3,"modes":"tram,bus","arr":["46","48A","49"],"off":[0,-0.8]}},{"type":"Feature","geometry":{"type":"Point","coordinates":[16.359601,48.206772]},"properties":{"line":"46","mode":"tram","color":"#d6212b","colorDark":"#7c1116","band":3,"off":[-3.4,1.1]}},{"type":"Feature","geometry":{"type":"Point","coordinates":[16.359601,48.206772]},"properties":{"line":"48A","mode":"bus","color":"#0059a9","colorDark":"#00294f","band":3,"off":[0,1.1]}},{"type":"Feature","geometry":{"type":"Point","coordinates":[16.359601,48.206772]},"properties":{"line":"49","mode":"tram","color":"#d6212b","colorDark":"#7c1116","band":3,"off":[3.4,1.1]}},{"type":"Feature","geometry":{"type":"Point","coordinates":[16.304862,48.209137]},"properties":{"name":"Joachimsthalerplatz","band":3,"modes":"tram,bus","arr":["46","N46"],"off":[0,-0.8]}},{"type":"Feature","geometry":{"type":"Point","coordinates":[16.304862,48.209137]},"properties":{"line":"46","mode":"tram","color":"#d6212b","colorDark":"#7c1116","band":3,"off":[-1.7,1.1]}},{"type":"Feature","geometry":{"type":"Point","coordinates":[16.304862,48.209137]},"properties":{"line":"N46","mode":"bus","color":"#0059a9","colorDark":"#00294f","band":3,"off":[1.7,1.1]}},{"type":"Feature","geometry":{"type":"Point","coordinates":[16.228148,48.216633]},"properties":{"name":"Wolfersberg, Schöffelplatz","band":3,"modes":"bus","arr":["49A"],"off":[0,-0.8]}},{"type":"Feature","geometry":{"type":"Point","coordinates":[16.228148,48.216633]},"properties":{"line":"49A","mode":"bus","color":"#0059a9","colorDark":"#00294f","band":3,"off":[0,1.1]}},{"type":"Feature","geometry":{"type":"Point","coordinates":[16.197814,48.231519]},"properties":{"name":"Vorderhainbach/Augustinerwaldgasse","band":3,"modes":"bus","arr":["49B"],"off":[0,-0.8]}},{"type":"Feature","geometry":{"type":"Point","coordinates":[16.197814,48.231519]},"properties":{"line":"49B","mode":"bus","color":"#0059a9","colorDark":"#00294f","band":3,"off":[0,1.1]}},{"type":"Feature","geometry":{"type":"Point","coordinates":[16.218915,48.248893]},"properties":{"name":"Hinterhainbach","band":3,"modes":"bus","arr":["49B"],"off":[0,-0.8]}},{"type":"Feature","geometry":{"type":"Point","coordinates":[16.218915,48.248893]},"properties":{"line":"49B","mode":"bus","color":"#0059a9","colorDark":"#00294f","band":3,"off":[0,1.1]}},{"type":"Feature","geometry":{"type":"Point","coordinates":[16.369717,48.200355]},"properties":{"name":"Karlsplatz","band":3,"modes":"bus","arr":["4A"],"off":[0,-0.8]}},{"type":"Feature","geometry":{"type":"Point","coordinates":[16.369717,48.200355]},"properties":{"line":"4A","mode":"bus","color":"#0059a9","colorDark":"#00294f","band":3,"off":[0,1.1]}},{"type":"Feature","geometry":{"type":"Point","coordinates":[16.398901,48.206353]},"properties":{"name":"Wittelsbachstraße","band":3,"modes":"bus","arr":["4A","N29"],"off":[0,-0.8]}},{"type":"Feature","geometry":{"type":"Point","coordinates":[16.398901,48.206353]},"properties":{"line":"4A","mode":"bus","color":"#0059a9","colorDark":"#00294f","band":3,"off":[-1.7,1.1]}},{"type":"Feature","geometry":{"type":"Point","coordinates":[16.398901,48.206353]},"properties":{"line":"N29","mode":"bus","color":"#0059a9","colorDark":"#00294f","band":3,"off":[1.7,1.1]}},{"type":"Feature","geometry":{"type":"Point","coordinates":[16.217713,48.207669]},"properties":{"name":"Auhof","band":3,"modes":"bus","arr":["50A","50B"],"off":[0,-0.8]}},{"type":"Feature","geometry":{"type":"Point","coordinates":[16.217713,48.207669]},"properties":{"line":"50A","mode":"bus","color":"#0059a9","colorDark":"#00294f","band":3,"off":[-1.7,1.1]}},{"type":"Feature","geometry":{"type":"Point","coordinates":[16.217713,48.207669]},"properties":{"line":"50B","mode":"bus","color":"#0059a9","colorDark":"#00294f","band":3,"off":[1.7,1.1]}},{"type":"Feature","geometry":{"type":"Point","coordinates":[16.21486,48.209507]},"properties":{"name":"Herzmanskystraße","band":3,"modes":"bus","arr":["N49"],"off":[0,-0.8]}},{"type":"Feature","geometry":{"type":"Point","coordinates":[16.21486,48.209507]},"properties":{"line":"N49","mode":"bus","color":"#0059a9","colorDark":"#00294f","band":3,"off":[0,1.1]}},{"type":"Feature","geometry":{"type":"Point","coordinates":[16.30406,48.188431]},"properties":{"name":"Hietzing","band":3,"modes":"bus","arr":["51A","51B","56A","56B","58A","58B","N60"],"off":[0,-0.8]}},{"type":"Feature","geometry":{"type":"Point","coordinates":[16.30406,48.188431]},"properties":{"line":"51A","mode":"bus","color":"#0059a9","colorDark":"#00294f","band":3,"off":[-6.8,1.1]}},{"type":"Feature","geometry":{"type":"Point","coordinates":[16.30406,48.188431]},"properties":{"line":"51B","mode":"bus","color":"#0059a9","colorDark":"#00294f","band":3,"off":[-3.4,1.1]}},{"type":"Feature","geometry":{"type":"Point","coordinates":[16.30406,48.188431]},"properties":{"line":"56A","mode":"bus","color":"#0059a9","colorDark":"#00294f","band":3,"off":[0,1.1]}},{"type":"Feature","geometry":{"type":"Point","coordinates":[16.30406,48.188431]},"properties":{"line":"56B","mode":"bus","color":"#0059a9","colorDark":"#00294f","band":3,"off":[3.4,1.1]}},{"type":"Feature","geometry":{"type":"Point","coordinates":[16.30406,48.188431]},"properties":{"line":"58A","mode":"bus","color":"#0059a9","colorDark":"#00294f","band":3,"off":[6.8,1.1]}},{"type":"Feature","geometry":{"type":"Point","coordinates":[16.30406,48.188431]},"properties":{"line":"58B","mode":"bus","color":"#0059a9","colorDark":"#00294f","band":3,"off":[-1.7,3.1]}},{"type":"Feature","geometry":{"type":"Point","coordinates":[16.30406,48.188431]},"properties":{"line":"N60","mode":"bus","color":"#0059a9","colorDark":"#00294f","band":3,"off":[1.7,3.1]}},{"type":"Feature","geometry":{"type":"Point","coordinates":[16.289029,48.211255]},"properties":{"name":"Ottakringer Bad","band":3,"modes":"bus","arr":["51A"],"off":[0,-0.8]}},{"type":"Feature","geometry":{"type":"Point","coordinates":[16.289029,48.211255]},"properties":{"line":"51A","mode":"bus","color":"#0059a9","colorDark":"#00294f","band":3,"off":[0,1.1]}},{"type":"Feature","geometry":{"type":"Point","coordinates":[16.293736,48.198748]},"properties":{"name":"Hanusch-Krankenhaus","band":3,"modes":"bus","arr":["51B"],"off":[0,-0.8]}},{"type":"Feature","geometry":{"type":"Point","coordinates":[16.293736,48.198748]},"properties":{"line":"51B","mode":"bus","color":"#0059a9","colorDark":"#00294f","band":3,"off":[0,1.1]}},{"type":"Feature","geometry":{"type":"Point","coordinates":[16.246322,48.223912]},"properties":{"name":"Jägerwaldsiedlung","band":3,"modes":"bus","arr":["52A"],"off":[0,-0.8]}},{"type":"Feature","geometry":{"type":"Point","coordinates":[16.246322,48.223912]},"properties":{"line":"52A","mode":"bus","color":"#0059a9","colorDark":"#00294f","band":3,"off":[0,1.1]}},{"type":"Feature","geometry":{"type":"Point","coordinates":[16.261796,48.218038]},"properties":{"name":"Siedlung Kordon","band":3,"modes":"bus","arr":["52B"],"off":[0,-0.8]}},{"type":"Feature","geometry":{"type":"Point","coordinates":[16.261796,48.218038]},"properties":{"line":"52B","mode":"bus","color":"#0059a9","colorDark":"#00294f","band":3,"off":[0,1.1]}},{"type":"Feature","geometry":{"type":"Point","coordinates":[16.260861,48.180525]},"properties":{"name":"Stock im Weg","band":3,"modes":"bus","arr":["53A"],"off":[0,-0.8]}},{"type":"Feature","geometry":{"type":"Point","coordinates":[16.260861,48.180525]},"properties":{"line":"53A","mode":"bus","color":"#0059a9","colorDark":"#00294f","band":3,"off":[0,1.1]}},{"type":"Feature","geometry":{"type":"Point","coordinates":[16.264688,48.174425]},"properties":{"name":"Hörndlwald","band":3,"modes":"bus","arr":["54A"],"off":[0,-0.8]}},{"type":"Feature","geometry":{"type":"Point","coordinates":[16.264688,48.174425]},"properties":{"line":"54A","mode":"bus","color":"#0059a9","colorDark":"#00294f","band":3,"off":[0,1.1]}},{"type":"Feature","geometry":{"type":"Point","coordinates":[16.254254,48.176667]},"properties":{"name":"St. Veiter Tor","band":3,"modes":"bus","arr":["54B"],"off":[0,-0.8]}},{"type":"Feature","geometry":{"type":"Point","coordinates":[16.254254,48.176667]},"properties":{"line":"54B","mode":"bus","color":"#0059a9","colorDark":"#00294f","band":3,"off":[0,1.1]}},{"type":"Feature","geometry":{"type":"Point","coordinates":[16.291396,48.175555]},"properties":{"name":"Küniglberg/ORF-Zentrum","band":3,"modes":"bus","arr":["8A"],"off":[0,-0.8]}},{"type":"Feature","geometry":{"type":"Point","coordinates":[16.291396,48.175555]},"properties":{"line":"8A","mode":"bus","color":"#0059a9","colorDark":"#00294f","band":3,"off":[0,1.1]}},{"type":"Feature","geometry":{"type":"Point","coordinates":[16.288971,48.148192]},"properties":{"name":"Atzgersdorf","band":3,"modes":"bus","arr":["56A","58A","58B"],"off":[0,-0.8]}},{"type":"Feature","geometry":{"type":"Point","coordinates":[16.288971,48.148192]},"properties":{"line":"56A","mode":"bus","color":"#0059a9","colorDark":"#00294f","band":3,"off":[-3.4,1.1]}},{"type":"Feature","geometry":{"type":"Point","coordinates":[16.288971,48.148192]},"properties":{"line":"58A","mode":"bus","color":"#0059a9","colorDark":"#00294f","band":3,"off":[0,1.1]}},{"type":"Feature","geometry":{"type":"Point","coordinates":[16.288971,48.148192]},"properties":{"line":"58B","mode":"bus","color":"#0059a9","colorDark":"#00294f","band":3,"off":[3.4,1.1]}},{"type":"Feature","geometry":{"type":"Point","coordinates":[16.25711,48.166919]},"properties":{"name":"Lainzer Tor","band":3,"modes":"bus","arr":["56B","N62"],"off":[0,-0.8]}},{"type":"Feature","geometry":{"type":"Point","coordinates":[16.25711,48.166919]},"properties":{"line":"56B","mode":"bus","color":"#0059a9","colorDark":"#00294f","band":3,"off":[-1.7,1.1]}},{"type":"Feature","geometry":{"type":"Point","coordinates":[16.25711,48.166919]},"properties":{"line":"N62","mode":"bus","color":"#0059a9","colorDark":"#00294f","band":3,"off":[1.7,1.1]}},{"type":"Feature","geometry":{"type":"Point","coordinates":[16.363895,48.203544]},"properties":{"name":"Burgring","band":3,"modes":"bus","arr":["57A"],"off":[0,-0.8]}},{"type":"Feature","geometry":{"type":"Point","coordinates":[16.363895,48.203544]},"properties":{"line":"57A","mode":"bus","color":"#0059a9","colorDark":"#00294f","band":3,"off":[0,1.1]}},{"type":"Feature","geometry":{"type":"Point","coordinates":[16.322574,48.190104]},"properties":{"name":"Rudolfsheim, Anschützgasse","band":3,"modes":"bus","arr":["57A"],"off":[0,-0.8]}},{"type":"Feature","geometry":{"type":"Point","coordinates":[16.322574,48.190104]},"properties":{"line":"57A","mode":"bus","color":"#0059a9","colorDark":"#00294f","band":3,"off":[0,1.1]}},{"type":"Feature","geometry":{"type":"Point","coordinates":[16.369888,48.202137]},"properties":{"name":"Oper/Karlsplatz","band":3,"modes":"bus,tram","arr":["59A","62","BB","N46","N62","N71","N75"],"off":[0,-0.8]}},{"type":"Feature","geometry":{"type":"Point","coordinates":[16.369888,48.202137]},"properties":{"name":"Oper","band":3,"modes":"bus,tram","arr":["59A","62","BB","N46","N62","N71","N75"],"off":[0,-1.9]}},{"type":"Feature","geometry":{"type":"Point","coordinates":[16.369888,48.202137]},"properties":{"line":"59A","mode":"bus","color":"#0059a9","colorDark":"#00294f","band":3,"off":[-6.8,1.1]}},{"type":"Feature","geometry":{"type":"Point","coordinates":[16.369888,48.202137]},"properties":{"line":"62","mode":"tram","color":"#d6212b","colorDark":"#7c1116","band":3,"off":[-3.4,1.1]}},{"type":"Feature","geometry":{"type":"Point","coordinates":[16.369888,48.202137]},"properties":{"line":"BB","mode":"tram","color":"#d6212b","colorDark":"#7c1116","band":3,"off":[0,1.1]}},{"type":"Feature","geometry":{"type":"Point","coordinates":[16.369888,48.202137]},"properties":{"line":"N46","mode":"bus","color":"#0059a9","colorDark":"#00294f","band":3,"off":[3.4,1.1]}},{"type":"Feature","geometry":{"type":"Point","coordinates":[16.369888,48.202137]},"properties":{"line":"N62","mode":"bus","color":"#0059a9","colorDark":"#00294f","band":3,"off":[6.8,1.1]}},{"type":"Feature","geometry":{"type":"Point","coordinates":[16.369888,48.202137]},"properties":{"line":"N71","mode":"bus","color":"#0059a9","colorDark":"#00294f","band":3,"off":[-1.7,3.1]}},{"type":"Feature","geometry":{"type":"Point","coordinates":[16.369888,48.202137]},"properties":{"line":"N75","mode":"bus","color":"#0059a9","colorDark":"#00294f","band":3,"off":[1.7,3.1]}},{"type":"Feature","geometry":{"type":"Point","coordinates":[16.331803,48.175099]},"properties":{"name":"Meidling","band":3,"modes":"bus","arr":["59A","9A"],"off":[0,-0.8]}},{"type":"Feature","geometry":{"type":"Point","coordinates":[16.331803,48.175099]},"properties":{"line":"59A","mode":"bus","color":"#0059a9","colorDark":"#00294f","band":3,"off":[-1.7,1.1]}},{"type":"Feature","geometry":{"type":"Point","coordinates":[16.331803,48.175099]},"properties":{"line":"9A","mode":"bus","color":"#0059a9","colorDark":"#00294f","band":3,"off":[1.7,1.1]}},{"type":"Feature","geometry":{"type":"Point","coordinates":[16.384187,48.214871]},"properties":{"name":"Nestroyplatz","band":3,"modes":"bus","arr":["5A"],"off":[0,-0.8]}},{"type":"Feature","geometry":{"type":"Point","coordinates":[16.384187,48.214871]},"properties":{"line":"5A","mode":"bus","color":"#0059a9","colorDark":"#00294f","band":3,"off":[0,1.1]}},{"type":"Feature","geometry":{"type":"Point","coordinates":[16.375346,48.249382]},"properties":{"name":"Griegstraße","band":3,"modes":"bus","arr":["5A"],"off":[0,-0.8]}},{"type":"Feature","geometry":{"type":"Point","coordinates":[16.375346,48.249382]},"properties":{"line":"5A","mode":"bus","color":"#0059a9","colorDark":"#00294f","band":3,"off":[0,1.1]}},{"type":"Feature","geometry":{"type":"Point","coordinates":[16.391602,48.218248]},"properties":{"name":"Praterstern","band":3,"modes":"tram,bus","arr":["5","5B","80A","N81"],"off":[0,-0.8]}},{"type":"Feature","geometry":{"type":"Point","coordinates":[16.391602,48.218248]},"properties":{"line":"5","mode":"tram","color":"#d6212b","colorDark":"#7c1116","band":3,"off":[-5.1,1.1]}},{"type":"Feature","geometry":{"type":"Point","coordinates":[16.391602,48.218248]},"properties":{"line":"5B","mode":"bus","color":"#0059a9","colorDark":"#00294f","band":3,"off":[-1.7,1.1]}},{"type":"Feature","geometry":{"type":"Point","coordinates":[16.391602,48.218248]},"properties":{"line":"80A","mode":"bus","color":"#0059a9","colorDark":"#00294f","band":3,"off":[1.7,1.1]}},{"type":"Feature","geometry":{"type":"Point","coordinates":[16.391602,48.218248]},"properties":{"line":"N81","mode":"bus","color":"#0059a9","colorDark":"#00294f","band":3,"off":[5.1,1.1]}},{"type":"Feature","geometry":{"type":"Point","coordinates":[16.317152,48.150544]},"properties":{"name":"Alterlaa","band":3,"modes":"bus","arr":["60A","64B","67B","N64","N8"],"off":[0,-0.8]}},{"type":"Feature","geometry":{"type":"Point","coordinates":[16.317152,48.150544]},"properties":{"line":"60A","mode":"bus","color":"#0059a9","colorDark":"#00294f","band":3,"off":[-6.8,1.1]}},{"type":"Feature","geometry":{"type":"Point","coordinates":[16.317152,48.150544]},"properties":{"line":"64B","mode":"bus","color":"#0059a9","colorDark":"#00294f","band":3,"off":[-3.4,1.1]}},{"type":"Feature","geometry":{"type":"Point","coordinates":[16.317152,48.150544]},"properties":{"line":"67B","mode":"bus","color":"#0059a9","colorDark":"#00294f","band":3,"off":[0,1.1]}},{"type":"Feature","geometry":{"type":"Point","coordinates":[16.317152,48.150544]},"properties":{"line":"N64","mode":"bus","color":"#0059a9","colorDark":"#00294f","band":3,"off":[3.4,1.1]}},{"type":"Feature","geometry":{"type":"Point","coordinates":[16.317152,48.150544]},"properties":{"line":"N8","mode":"bus","color":"#0059a9","colorDark":"#00294f","band":3,"off":[6.8,1.1]}},{"type":"Feature","geometry":{"type":"Point","coordinates":[16.283269,48.134811]},"properties":{"name":"Liesing","band":3,"modes":"bus","arr":["60A","61A","61B","62A","66A","N61","N65","N66"],"off":[0,-0.8]}},{"type":"Feature","geometry":{"type":"Point","coordinates":[16.283269,48.134811]},"properties":{"line":"60A","mode":"bus","color":"#0059a9","colorDark":"#00294f","band":3,"off":[-6.8,1.1]}},{"type":"Feature","geometry":{"type":"Point","coordinates":[16.283269,48.134811]},"properties":{"line":"61A","mode":"bus","color":"#0059a9","colorDark":"#00294f","band":3,"off":[-3.4,1.1]}},{"type":"Feature","geometry":{"type":"Point","coordinates":[16.283269,48.134811]},"properties":{"line":"61B","mode":"bus","color":"#0059a9","colorDark":"#00294f","band":3,"off":[0,1.1]}},{"type":"Feature","geometry":{"type":"Point","coordinates":[16.283269,48.134811]},"properties":{"line":"62A","mode":"bus","color":"#0059a9","colorDark":"#00294f","band":3,"off":[3.4,1.1]}},{"type":"Feature","geometry":{"type":"Point","coordinates":[16.283269,48.134811]},"properties":{"line":"66A","mode":"bus","color":"#0059a9","colorDark":"#00294f","band":3,"off":[6.8,1.1]}},{"type":"Feature","geometry":{"type":"Point","coordinates":[16.283269,48.134811]},"properties":{"line":"N61","mode":"bus","color":"#0059a9","colorDark":"#00294f","band":3,"off":[-3.4,3.1]}},{"type":"Feature","geometry":{"type":"Point","coordinates":[16.283269,48.134811]},"properties":{"line":"N65","mode":"bus","color":"#0059a9","colorDark":"#00294f","band":3,"off":[0,3.1]}},{"type":"Feature","geometry":{"type":"Point","coordinates":[16.283269,48.134811]},"properties":{"line":"N66","mode":"bus","color":"#0059a9","colorDark":"#00294f","band":3,"off":[3.4,3.1]}},{"type":"Feature","geometry":{"type":"Point","coordinates":[16.314015,48.136793]},"properties":{"name":"Perfektastraße","band":3,"modes":"bus","arr":["64A"],"off":[0,-0.8]}},{"type":"Feature","geometry":{"type":"Point","coordinates":[16.314015,48.136793]},"properties":{"line":"64A","mode":"bus","color":"#0059a9","colorDark":"#00294f","band":3,"off":[0,1.1]}},{"type":"Feature","geometry":{"type":"Point","coordinates":[16.317974,48.126051]},"properties":{"name":"Vösendorf-Siebenhirten","band":3,"modes":"bus","arr":["61A","61B"],"off":[0,-0.8]}},{"type":"Feature","geometry":{"type":"Point","coordinates":[16.317974,48.126051]},"properties":{"line":"61A","mode":"bus","color":"#0059a9","colorDark":"#00294f","band":3,"off":[-1.7,1.1]}},{"type":"Feature","geometry":{"type":"Point","coordinates":[16.317974,48.126051]},"properties":{"line":"61B","mode":"bus","color":"#0059a9","colorDark":"#00294f","band":3,"off":[1.7,1.1]}},{"type":"Feature","geometry":{"type":"Point","coordinates":[16.309782,48.129335]},"properties":{"name":"Siebenhirten","band":3,"modes":"bus","arr":["N64"],"off":[0,-0.8]}},{"type":"Feature","geometry":{"type":"Point","coordinates":[16.309782,48.129335]},"properties":{"line":"N64","mode":"bus","color":"#0059a9","colorDark":"#00294f","band":3,"off":[0,1.1]}},{"type":"Feature","geometry":{"type":"Point","coordinates":[16.333133,48.174744]},"properties":{"name":"Meidling, Eichenstraße","band":3,"modes":"bus","arr":["62A","8A"],"off":[0,-0.8]}},{"type":"Feature","geometry":{"type":"Point","coordinates":[16.333133,48.174744]},"properties":{"line":"62A","mode":"bus","color":"#0059a9","colorDark":"#00294f","band":3,"off":[-1.7,1.1]}},{"type":"Feature","geometry":{"type":"Point","coordinates":[16.333133,48.174744]},"properties":{"line":"8A","mode":"bus","color":"#0059a9","colorDark":"#00294f","band":3,"off":[1.7,1.1]}},{"type":"Feature","geometry":{"type":"Point","coordinates":[16.29101,48.161826]},"properties":{"name":"Am Rosenhügel","band":3,"modes":"bus","arr":["63A"],"off":[0,-0.8]}},{"type":"Feature","geometry":{"type":"Point","coordinates":[16.29101,48.161826]},"properties":{"line":"63A","mode":"bus","color":"#0059a9","colorDark":"#00294f","band":3,"off":[0,1.1]}},{"type":"Feature","geometry":{"type":"Point","coordinates":[16.29591,48.15048]},"properties":{"name":"Atzgersdorf, Ziedlergasse","band":3,"modes":"bus","arr":["64A"],"off":[0,-0.8]}},{"type":"Feature","geometry":{"type":"Point","coordinates":[16.29591,48.15048]},"properties":{"line":"64A","mode":"bus","color":"#0059a9","colorDark":"#00294f","band":3,"off":[0,1.1]}},{"type":"Feature","geometry":{"type":"Point","coordinates":[16.378785,48.17283]},"properties":{"name":"Reumannplatz","band":3,"modes":"bus","arr":["65A","66A","7A","N65","N66"],"off":[0,-0.8]}},{"type":"Feature","geometry":{"type":"Point","coordinates":[16.378785,48.17283]},"properties":{"line":"65A","mode":"bus","color":"#0059a9","colorDark":"#00294f","band":3,"off":[-6.8,1.1]}},{"type":"Feature","geometry":{"type":"Point","coordinates":[16.378785,48.17283]},"properties":{"line":"66A","mode":"bus","color":"#0059a9","colorDark":"#00294f","band":3,"off":[-3.4,1.1]}},{"type":"Feature","geometry":{"type":"Point","coordinates":[16.378785,48.17283]},"properties":{"line":"7A","mode":"bus","color":"#0059a9","colorDark":"#00294f","band":3,"off":[0,1.1]}},{"type":"Feature","geometry":{"type":"Point","coordinates":[16.378785,48.17283]},"properties":{"line":"N65","mode":"bus","color":"#0059a9","colorDark":"#00294f","band":3,"off":[3.4,1.1]}},{"type":"Feature","geometry":{"type":"Point","coordinates":[16.378785,48.17283]},"properties":{"line":"N66","mode":"bus","color":"#0059a9","colorDark":"#00294f","band":3,"off":[6.8,1.1]}},{"type":"Feature","geometry":{"type":"Point","coordinates":[16.344706,48.167884]},"properties":{"name":"Wienerberg City","band":3,"modes":"bus","arr":["65A","7B"],"off":[0,-0.8]}},{"type":"Feature","geometry":{"type":"Point","coordinates":[16.344706,48.167884]},"properties":{"line":"65A","mode":"bus","color":"#0059a9","colorDark":"#00294f","band":3,"off":[-1.7,1.1]}},{"type":"Feature","geometry":{"type":"Point","coordinates":[16.344706,48.167884]},"properties":{"line":"7B","mode":"bus","color":"#0059a9","colorDark":"#00294f","band":3,"off":[1.7,1.1]}},{"type":"Feature","geometry":{"type":"Point","coordinates":[16.342307,48.141192]},"properties":{"name":"Inzersdorf, Kolpingstraße","band":3,"modes":"bus","arr":["67A"],"off":[0,-0.8]}},{"type":"Feature","geometry":{"type":"Point","coordinates":[16.342307,48.141192]},"properties":{"line":"67A","mode":"bus","color":"#0059a9","colorDark":"#00294f","band":3,"off":[0,1.1]}},{"type":"Feature","geometry":{"type":"Point","coordinates":[16.357634,48.135685]},"properties":{"name":"Inzersdorf, Großmarkt","band":3,"modes":"bus","arr":["N67"],"off":[0,-0.8]}},{"type":"Feature","geometry":{"type":"Point","coordinates":[16.357634,48.135685]},"properties":{"line":"N67","mode":"bus","color":"#0059a9","colorDark":"#00294f","band":3,"off":[0,1.1]}},{"type":"Feature","geometry":{"type":"Point","coordinates":[16.406212,48.151812]},"properties":{"name":"Laaer Berg, Kurpark Nordosteingang","band":3,"modes":"bus","arr":["68A"],"off":[0,-0.8]}},{"type":"Feature","geometry":{"type":"Point","coordinates":[16.406212,48.151812]},"properties":{"line":"68A","mode":"bus","color":"#0059a9","colorDark":"#00294f","band":3,"off":[0,1.1]}},{"type":"Feature","geometry":{"type":"Point","coordinates":[16.42021,48.169574]},"properties":{"name":"Simmering","band":3,"modes":"bus,metro","arr":["69A","71E","72A","73A","U3"],"off":[0,-0.8]}},{"type":"Feature","geometry":{"type":"Point","coordinates":[16.42021,48.169574]},"properties":{"line":"69A","mode":"bus","color":"#0059a9","colorDark":"#00294f","band":3,"off":[-6.8,1.1]}},{"type":"Feature","geometry":{"type":"Point","coordinates":[16.42021,48.169574]},"properties":{"line":"71E","mode":"bus","color":"#0059a9","colorDark":"#00294f","band":3,"off":[-3.4,1.1]}},{"type":"Feature","geometry":{"type":"Point","coordinates":[16.42021,48.169574]},"properties":{"line":"72A","mode":"bus","color":"#0059a9","colorDark":"#00294f","band":3,"off":[0,1.1]}},{"type":"Feature","geometry":{"type":"Point","coordinates":[16.42021,48.169574]},"properties":{"line":"73A","mode":"bus","color":"#0059a9","colorDark":"#00294f","band":3,"off":[3.4,1.1]}},{"type":"Feature","geometry":{"type":"Point","coordinates":[16.42021,48.169574]},"properties":{"line":"U3","mode":"tram","color":"#EF7C00","colorDark":"#834400","band":3,"metro":1,"off":[6.8,1.1]}},{"type":"Feature","geometry":{"type":"Point","coordinates":[16.439232,48.13269]},"properties":{"name":"Kledering Bahnhof","band":3,"modes":"bus","arr":["70A"],"off":[0,-0.8]}},{"type":"Feature","geometry":{"type":"Point","coordinates":[16.439232,48.13269]},"properties":{"line":"70A","mode":"bus","color":"#0059a9","colorDark":"#00294f","band":3,"off":[0,1.1]}},{"type":"Feature","geometry":{"type":"Point","coordinates":[16.41485,48.132903]},"properties":{"name":"Unterlaa","band":3,"modes":"bus","arr":["N17"],"off":[0,-0.8]}},{"type":"Feature","geometry":{"type":"Point","coordinates":[16.41485,48.132903]},"properties":{"line":"N17","mode":"bus","color":"#0059a9","colorDark":"#00294f","band":3,"off":[0,1.1]}},{"type":"Feature","geometry":{"type":"Point","coordinates":[16.449117,48.152266]},"properties":{"name":"Zentralfriedhof 3.Tor","band":3,"modes":"bus","arr":["71A","71B","73B"],"off":[0,-0.8]}},{"type":"Feature","geometry":{"type":"Point","coordinates":[16.449117,48.152266]},"properties":{"line":"71A","mode":"bus","color":"#0059a9","colorDark":"#00294f","band":3,"off":[-3.4,1.1]}},{"type":"Feature","geometry":{"type":"Point","coordinates":[16.449117,48.152266]},"properties":{"line":"71B","mode":"bus","color":"#0059a9","colorDark":"#00294f","band":3,"off":[0,1.1]}},{"type":"Feature","geometry":{"type":"Point","coordinates":[16.449117,48.152266]},"properties":{"line":"73B","mode":"bus","color":"#0059a9","colorDark":"#00294f","band":3,"off":[3.4,1.1]}},{"type":"Feature","geometry":{"type":"Point","coordinates":[16.482632,48.142493]},"properties":{"name":"Schwechat Bahnhof","band":3,"modes":"bus","arr":["71A"],"off":[0,-0.8]}},{"type":"Feature","geometry":{"type":"Point","coordinates":[16.482632,48.142493]},"properties":{"line":"71A","mode":"bus","color":"#0059a9","colorDark":"#00294f","band":3,"off":[0,1.1]}},{"type":"Feature","geometry":{"type":"Point","coordinates":[16.42685,48.153522]},"properties":{"name":"Zentralfriedhof","band":3,"modes":"bus","arr":["71B"],"off":[0,-0.8]}},{"type":"Feature","geometry":{"type":"Point","coordinates":[16.42685,48.153522]},"properties":{"line":"71B","mode":"bus","color":"#0059a9","colorDark":"#00294f","band":3,"off":[0,1.1]}},{"type":"Feature","geometry":{"type":"Point","coordinates":[16.464836,48.146977]},"properties":{"name":"Kaiserebersdorf","band":3,"modes":"bus","arr":["73B"],"off":[0,-0.8]}},{"type":"Feature","geometry":{"type":"Point","coordinates":[16.464836,48.146977]},"properties":{"line":"73B","mode":"bus","color":"#0059a9","colorDark":"#00294f","band":3,"off":[0,1.1]}},{"type":"Feature","geometry":{"type":"Point","coordinates":[16.469656,48.160108]},"properties":{"name":"Kaiserebersdorf, Zinnergasse","band":3,"modes":"bus","arr":["71E","N71"],"off":[0,-0.8]}},{"type":"Feature","geometry":{"type":"Point","coordinates":[16.469656,48.160108]},"properties":{"line":"71E","mode":"bus","color":"#0059a9","colorDark":"#00294f","band":3,"off":[-1.7,1.1]}},{"type":"Feature","geometry":{"type":"Point","coordinates":[16.469656,48.160108]},"properties":{"line":"N71","mode":"bus","color":"#0059a9","colorDark":"#00294f","band":3,"off":[1.7,1.1]}},{"type":"Feature","geometry":{"type":"Point","coordinates":[16.417745,48.161745]},"properties":{"name":"Hasenleiten","band":3,"modes":"bus","arr":["72A"],"off":[0,-0.8]}},{"type":"Feature","geometry":{"type":"Point","coordinates":[16.417745,48.161745]},"properties":{"line":"72A","mode":"bus","color":"#0059a9","colorDark":"#00294f","band":3,"off":[0,1.1]}},{"type":"Feature","geometry":{"type":"Point","coordinates":[16.45746,48.159866]},"properties":{"name":"Pantucekgasse","band":3,"modes":"bus","arr":["73A"],"off":[0,-0.8]}},{"type":"Feature","geometry":{"type":"Point","coordinates":[16.45746,48.159866]},"properties":{"line":"73A","mode":"bus","color":"#0059a9","colorDark":"#00294f","band":3,"off":[0,1.1]}},{"type":"Feature","geometry":{"type":"Point","coordinates":[16.399658,48.187788]},"properties":{"name":"St. Marx S/Leberstr.","band":3,"modes":"bus","arr":["74A"],"off":[0,-0.8]}},{"type":"Feature","geometry":{"type":"Point","coordinates":[16.399658,48.187788]},"properties":{"line":"74A","mode":"bus","color":"#0059a9","colorDark":"#00294f","band":3,"off":[0,1.1]}},{"type":"Feature","geometry":{"type":"Point","coordinates":[16.427761,48.179217]},"properties":{"name":"Haidestraße","band":3,"modes":"bus","arr":["76A"],"off":[0,-0.8]}},{"type":"Feature","geometry":{"type":"Point","coordinates":[16.427761,48.179217]},"properties":{"line":"76A","mode":"bus","color":"#0059a9","colorDark":"#00294f","band":3,"off":[0,1.1]}},{"type":"Feature","geometry":{"type":"Point","coordinates":[16.485091,48.160433]},"properties":{"name":"Albern","band":3,"modes":"bus","arr":["76A","76B"],"off":[0,-0.8]}},{"type":"Feature","geometry":{"type":"Point","coordinates":[16.485091,48.160433]},"properties":{"line":"76A","mode":"bus","color":"#0059a9","colorDark":"#00294f","band":3,"off":[-1.7,1.1]}},{"type":"Feature","geometry":{"type":"Point","coordinates":[16.485091,48.160433]},"properties":{"line":"76B","mode":"bus","color":"#0059a9","colorDark":"#00294f","band":3,"off":[1.7,1.1]}},{"type":"Feature","geometry":{"type":"Point","coordinates":[16.386556,48.195125]},"properties":{"name":"Rennweg","band":3,"modes":"bus","arr":["77A"],"off":[0,-0.8]}},{"type":"Feature","geometry":{"type":"Point","coordinates":[16.386556,48.195125]},"properties":{"line":"77A","mode":"bus","color":"#0059a9","colorDark":"#00294f","band":3,"off":[0,1.1]}},{"type":"Feature","geometry":{"type":"Point","coordinates":[16.433974,48.203581]},"properties":{"name":"Praterbrücke","band":3,"modes":"bus","arr":["N81"],"off":[0,-0.8]}},{"type":"Feature","geometry":{"type":"Point","coordinates":[16.433974,48.203581]},"properties":{"line":"N81","mode":"bus","color":"#0059a9","colorDark":"#00294f","band":3,"off":[0,1.1]}},{"type":"Feature","geometry":{"type":"Point","coordinates":[16.439263,48.191103]},"properties":{"name":"Lusthaus","band":3,"modes":"bus","arr":["77A"],"off":[0,-0.8]}},{"type":"Feature","geometry":{"type":"Point","coordinates":[16.439263,48.191103]},"properties":{"line":"77A","mode":"bus","color":"#0059a9","colorDark":"#00294f","band":3,"off":[0,1.1]}},{"type":"Feature","geometry":{"type":"Point","coordinates":[16.428544,48.207762]},"properties":{"name":"Donaumarina, Chrastekgasse","band":3,"modes":"bus","arr":["79A","79B"],"off":[0,-0.8]}},{"type":"Feature","geometry":{"type":"Point","coordinates":[16.428544,48.207762]},"properties":{"line":"79A","mode":"bus","color":"#0059a9","colorDark":"#00294f","band":3,"off":[-1.7,1.1]}},{"type":"Feature","geometry":{"type":"Point","coordinates":[16.428544,48.207762]},"properties":{"line":"79B","mode":"bus","color":"#0059a9","colorDark":"#00294f","band":3,"off":[1.7,1.1]}},{"type":"Feature","geometry":{"type":"Point","coordinates":[16.474206,48.158913]},"properties":{"name":"Kaiserebersdorf, Münnichplatz","band":3,"modes":"bus","arr":["79A","79B"],"off":[0,-0.8]}},{"type":"Feature","geometry":{"type":"Point","coordinates":[16.474206,48.158913]},"properties":{"line":"79A","mode":"bus","color":"#0059a9","colorDark":"#00294f","band":3,"off":[-1.7,1.1]}},{"type":"Feature","geometry":{"type":"Point","coordinates":[16.474206,48.158913]},"properties":{"line":"79B","mode":"bus","color":"#0059a9","colorDark":"#00294f","band":3,"off":[1.7,1.1]}},{"type":"Feature","geometry":{"type":"Point","coordinates":[16.328593,48.183571]},"properties":{"name":"Meidling Hauptstraße","band":3,"modes":"bus","arr":["7A","9A"],"off":[0,-0.8]}},{"type":"Feature","geometry":{"type":"Point","coordinates":[16.328593,48.183571]},"properties":{"line":"7A","mode":"bus","color":"#0059a9","colorDark":"#00294f","band":3,"off":[-1.7,1.1]}},{"type":"Feature","geometry":{"type":"Point","coordinates":[16.328593,48.183571]},"properties":{"line":"9A","mode":"bus","color":"#0059a9","colorDark":"#00294f","band":3,"off":[1.7,1.1]}},{"type":"Feature","geometry":{"type":"Point","coordinates":[16.407715,48.194042]},"properties":{"name":"Schlachthausgasse","band":3,"modes":"tram,bus","arr":["18","80A"],"off":[0,-0.8]}},{"type":"Feature","geometry":{"type":"Point","coordinates":[16.407715,48.194042]},"properties":{"line":"18","mode":"tram","color":"#d6212b","colorDark":"#7c1116","band":3,"off":[-1.7,1.1]}},{"type":"Feature","geometry":{"type":"Point","coordinates":[16.407715,48.194042]},"properties":{"line":"80A","mode":"bus","color":"#0059a9","colorDark":"#00294f","band":3,"off":[1.7,1.1]}},{"type":"Feature","geometry":{"type":"Point","coordinates":[16.393137,48.22034]},"properties":{"name":"Praterstern","band":3,"modes":"bus","arr":["82A"],"off":[0,-0.8]}},{"type":"Feature","geometry":{"type":"Point","coordinates":[16.393137,48.22034]},"properties":{"line":"82A","mode":"bus","color":"#0059a9","colorDark":"#00294f","band":3,"off":[0,1.1]}},{"type":"Feature","geometry":{"type":"Point","coordinates":[16.413501,48.215043]},"properties":{"name":"Krieau","band":3,"modes":"bus","arr":["82A"],"off":[0,-0.8]}},{"type":"Feature","geometry":{"type":"Point","coordinates":[16.413501,48.215043]},"properties":{"line":"82A","mode":"bus","color":"#0059a9","colorDark":"#00294f","band":3,"off":[0,1.1]}},{"type":"Feature","geometry":{"type":"Point","coordinates":[16.505069,48.233823]},"properties":{"name":"Aspern Nord","band":3,"modes":"tram,bus","arr":["27","84A","89A","95A","99A","99B","N84"],"off":[0,-0.8]}},{"type":"Feature","geometry":{"type":"Point","coordinates":[16.505069,48.233823]},"properties":{"line":"27","mode":"tram","color":"#d6212b","colorDark":"#7c1116","band":3,"off":[-6.8,1.1]}},{"type":"Feature","geometry":{"type":"Point","coordinates":[16.505069,48.233823]},"properties":{"line":"84A","mode":"bus","color":"#0059a9","colorDark":"#00294f","band":3,"off":[-3.4,1.1]}},{"type":"Feature","geometry":{"type":"Point","coordinates":[16.505069,48.233823]},"properties":{"line":"89A","mode":"bus","color":"#0059a9","colorDark":"#00294f","band":3,"off":[0,1.1]}},{"type":"Feature","geometry":{"type":"Point","coordinates":[16.505069,48.233823]},"properties":{"line":"95A","mode":"bus","color":"#0059a9","colorDark":"#00294f","band":3,"off":[3.4,1.1]}},{"type":"Feature","geometry":{"type":"Point","coordinates":[16.505069,48.233823]},"properties":{"line":"99A","mode":"bus","color":"#0059a9","colorDark":"#00294f","band":3,"off":[6.8,1.1]}},{"type":"Feature","geometry":{"type":"Point","coordinates":[16.505069,48.233823]},"properties":{"line":"99B","mode":"bus","color":"#0059a9","colorDark":"#00294f","band":3,"off":[-1.7,3.1]}},{"type":"Feature","geometry":{"type":"Point","coordinates":[16.505069,48.233823]},"properties":{"line":"N84","mode":"bus","color":"#0059a9","colorDark":"#00294f","band":3,"off":[1.7,3.1]}},{"type":"Feature","geometry":{"type":"Point","coordinates":[16.487298,48.233893]},"properties":{"name":"Hausfeldstraße","band":3,"modes":"bus","arr":["85A","95B","N23"],"off":[0,-0.8]}},{"type":"Feature","geometry":{"type":"Point","coordinates":[16.487298,48.233893]},"properties":{"line":"85A","mode":"bus","color":"#0059a9","colorDark":"#00294f","band":3,"off":[-3.4,1.1]}},{"type":"Feature","geometry":{"type":"Point","coordinates":[16.487298,48.233893]},"properties":{"line":"95B","mode":"bus","color":"#0059a9","colorDark":"#00294f","band":3,"off":[0,1.1]}},{"type":"Feature","geometry":{"type":"Point","coordinates":[16.487298,48.233893]},"properties":{"line":"N23","mode":"bus","color":"#0059a9","colorDark":"#00294f","band":3,"off":[3.4,1.1]}},{"type":"Feature","geometry":{"type":"Point","coordinates":[16.490596,48.255928]},"properties":{"name":"Breitenlee, Rautenweg","band":3,"modes":"bus","arr":["85A"],"off":[0,-0.8]}},{"type":"Feature","geometry":{"type":"Point","coordinates":[16.490596,48.255928]},"properties":{"line":"85A","mode":"bus","color":"#0059a9","colorDark":"#00294f","band":3,"off":[0,1.1]}},{"type":"Feature","geometry":{"type":"Point","coordinates":[16.487781,48.237126]},"properties":{"name":"Am Heidjöchl","band":3,"modes":"bus","arr":["N24"],"off":[0,-0.8]}},{"type":"Feature","geometry":{"type":"Point","coordinates":[16.487781,48.237126]},"properties":{"line":"N24","mode":"bus","color":"#0059a9","colorDark":"#00294f","band":3,"off":[0,1.1]}},{"type":"Feature","geometry":{"type":"Point","coordinates":[16.448689,48.218934]},"properties":{"name":"Stadlau","band":3,"modes":"bus","arr":["86A","87A","94A"],"off":[0,-0.8]}},{"type":"Feature","geometry":{"type":"Point","coordinates":[16.448689,48.218934]},"properties":{"line":"86A","mode":"bus","color":"#0059a9","colorDark":"#00294f","band":3,"off":[-3.4,1.1]}},{"type":"Feature","geometry":{"type":"Point","coordinates":[16.448689,48.218934]},"properties":{"line":"87A","mode":"bus","color":"#0059a9","colorDark":"#00294f","band":3,"off":[0,1.1]}},{"type":"Feature","geometry":{"type":"Point","coordinates":[16.448689,48.218934]},"properties":{"line":"94A","mode":"bus","color":"#0059a9","colorDark":"#00294f","band":3,"off":[3.4,1.1]}},{"type":"Feature","geometry":{"type":"Point","coordinates":[16.453493,48.229253]},"properties":{"name":"Erzherzog-Karl-Straße","band":3,"modes":"bus","arr":["96A","N90"],"off":[0,-0.8]}},{"type":"Feature","geometry":{"type":"Point","coordinates":[16.453493,48.229253]},"properties":{"line":"96A","mode":"bus","color":"#0059a9","colorDark":"#00294f","band":3,"off":[-1.7,1.1]}},{"type":"Feature","geometry":{"type":"Point","coordinates":[16.453493,48.229253]},"properties":{"line":"N90","mode":"bus","color":"#0059a9","colorDark":"#00294f","band":3,"off":[1.7,1.1]}},{"type":"Feature","geometry":{"type":"Point","coordinates":[16.508228,48.225067]},"properties":{"name":"Seestadt","band":3,"modes":"bus","arr":["88A","88B"],"off":[0,-0.8]}},{"type":"Feature","geometry":{"type":"Point","coordinates":[16.508228,48.225067]},"properties":{"line":"88A","mode":"bus","color":"#0059a9","colorDark":"#00294f","band":3,"off":[-1.7,1.1]}},{"type":"Feature","geometry":{"type":"Point","coordinates":[16.508228,48.225067]},"properties":{"line":"88B","mode":"bus","color":"#0059a9","colorDark":"#00294f","band":3,"off":[1.7,1.1]}},{"type":"Feature","geometry":{"type":"Point","coordinates":[16.514978,48.202348]},"properties":{"name":"Eßling, Wegmayersiedlung","band":3,"modes":"bus","arr":["88B"],"off":[0,-0.8]}},{"type":"Feature","geometry":{"type":"Point","coordinates":[16.514978,48.202348]},"properties":{"line":"88B","mode":"bus","color":"#0059a9","colorDark":"#00294f","band":3,"off":[0,1.1]}},{"type":"Feature","geometry":{"type":"Point","coordinates":[16.536093,48.261484]},"properties":{"name":"Invalidensiedlung","band":3,"modes":"bus","arr":["89A"],"off":[0,-0.8]}},{"type":"Feature","geometry":{"type":"Point","coordinates":[16.536093,48.261484]},"properties":{"line":"89A","mode":"bus","color":"#0059a9","colorDark":"#00294f","band":3,"off":[0,1.1]}},{"type":"Feature","geometry":{"type":"Point","coordinates":[16.439822,48.212335]},"properties":{"name":"Donaustadtbrücke","band":3,"modes":"bus","arr":["N91"],"off":[0,-0.8]}},{"type":"Feature","geometry":{"type":"Point","coordinates":[16.439822,48.212335]},"properties":{"line":"N91","mode":"bus","color":"#0059a9","colorDark":"#00294f","band":3,"off":[0,1.1]}},{"type":"Feature","geometry":{"type":"Point","coordinates":[16.487193,48.217156]},"properties":{"name":"Zachgasse","band":3,"modes":"bus","arr":["92A"],"off":[0,-0.8]}},{"type":"Feature","geometry":{"type":"Point","coordinates":[16.487193,48.217156]},"properties":{"line":"92A","mode":"bus","color":"#0059a9","colorDark":"#00294f","band":3,"off":[0,1.1]}},{"type":"Feature","geometry":{"type":"Point","coordinates":[16.509779,48.166166]},"properties":{"name":"Ölhafen","band":3,"modes":"bus","arr":["92B"],"off":[0,-0.8]}},{"type":"Feature","geometry":{"type":"Point","coordinates":[16.509779,48.166166]},"properties":{"line":"92B","mode":"bus","color":"#0059a9","colorDark":"#00294f","band":3,"off":[0,1.1]}},{"type":"Feature","geometry":{"type":"Point","coordinates":[16.454022,48.205594]},"properties":{"name":"Schillwasserweg","band":3,"modes":"bus","arr":["96A"],"off":[0,-0.8]}},{"type":"Feature","geometry":{"type":"Point","coordinates":[16.454022,48.205594]},"properties":{"line":"96A","mode":"bus","color":"#0059a9","colorDark":"#00294f","band":3,"off":[0,1.1]}},{"type":"Feature","geometry":{"type":"Point","coordinates":[16.473734,48.202506]},"properties":{"name":"Großer Biberhaufen","band":3,"modes":"bus","arr":["95A"],"off":[0,-0.8]}},{"type":"Feature","geometry":{"type":"Point","coordinates":[16.473734,48.202506]},"properties":{"line":"95A","mode":"bus","color":"#0059a9","colorDark":"#00294f","band":3,"off":[0,1.1]}},{"type":"Feature","geometry":{"type":"Point","coordinates":[16.468313,48.233016]},"properties":{"name":"Hirschstetten","band":3,"modes":"bus","arr":["95B"],"off":[0,-0.8]}},{"type":"Feature","geometry":{"type":"Point","coordinates":[16.468313,48.233016]},"properties":{"line":"95B","mode":"bus","color":"#0059a9","colorDark":"#00294f","band":3,"off":[0,1.1]}},{"type":"Feature","geometry":{"type":"Point","coordinates":[16.544263,48.219258]},"properties":{"name":"Eßling, Schippanisiedlung","band":3,"modes":"bus","arr":["98A"],"off":[0,-0.8]}},{"type":"Feature","geometry":{"type":"Point","coordinates":[16.544263,48.219258]},"properties":{"line":"98A","mode":"bus","color":"#0059a9","colorDark":"#00294f","band":3,"off":[0,1.1]}},{"type":"Feature","geometry":{"type":"Point","coordinates":[16.52627,48.214419]},"properties":{"name":"Eßling Schule","band":3,"modes":"bus","arr":["99A","99B"],"off":[0,-0.8]}},{"type":"Feature","geometry":{"type":"Point","coordinates":[16.52627,48.214419]},"properties":{"line":"99A","mode":"bus","color":"#0059a9","colorDark":"#00294f","band":3,"off":[-1.7,1.1]}},{"type":"Feature","geometry":{"type":"Point","coordinates":[16.52627,48.214419]},"properties":{"line":"99B","mode":"bus","color":"#0059a9","colorDark":"#00294f","band":3,"off":[1.7,1.1]}},{"type":"Feature","geometry":{"type":"Point","coordinates":[16.386602,48.291448]},"properties":{"name":"Strebersdorf Meriangasse","band":3,"modes":"tram,bus","arr":["26","27","N20"],"off":[0,-0.8]}},{"type":"Feature","geometry":{"type":"Point","coordinates":[16.386602,48.291448]},"properties":{"line":"26","mode":"tram","color":"#d6212b","colorDark":"#7c1116","band":3,"off":[-3.4,1.1]}},{"type":"Feature","geometry":{"type":"Point","coordinates":[16.386602,48.291448]},"properties":{"line":"27","mode":"tram","color":"#d6212b","colorDark":"#7c1116","band":3,"off":[0,1.1]}},{"type":"Feature","geometry":{"type":"Point","coordinates":[16.386602,48.291448]},"properties":{"line":"N20","mode":"bus","color":"#0059a9","colorDark":"#00294f","band":3,"off":[3.4,1.1]}},{"type":"Feature","geometry":{"type":"Point","coordinates":[16.420333,48.297912]},"properties":{"name":"Stammersdorf","band":3,"modes":"tram,bus","arr":["30","31","N31"],"off":[0,-0.8]}},{"type":"Feature","geometry":{"type":"Point","coordinates":[16.420333,48.297912]},"properties":{"line":"30","mode":"tram","color":"#d6212b","colorDark":"#7c1116","band":3,"off":[-3.4,1.1]}},{"type":"Feature","geometry":{"type":"Point","coordinates":[16.420333,48.297912]},"properties":{"line":"31","mode":"tram","color":"#d6212b","colorDark":"#7c1116","band":3,"off":[0,1.1]}},{"type":"Feature","geometry":{"type":"Point","coordinates":[16.420333,48.297912]},"properties":{"line":"N31","mode":"bus","color":"#0059a9","colorDark":"#00294f","band":3,"off":[3.4,1.1]}},{"type":"Feature","geometry":{"type":"Point","coordinates":[16.367233,48.259836]},"properties":{"name":"Nußdorf","band":3,"modes":"bus","arr":["N36"],"off":[0,-0.8]}},{"type":"Feature","geometry":{"type":"Point","coordinates":[16.367233,48.259836]},"properties":{"line":"N36","mode":"bus","color":"#0059a9","colorDark":"#00294f","band":3,"off":[0,1.1]}},{"type":"Feature","geometry":{"type":"Point","coordinates":[16.341886,48.255107]},"properties":{"name":"Grinzing","band":3,"modes":"tram,bus","arr":["38","N38"],"off":[0,-0.8]}},{"type":"Feature","geometry":{"type":"Point","coordinates":[16.341886,48.255107]},"properties":{"line":"38","mode":"tram","color":"#d6212b","colorDark":"#7c1116","band":3,"off":[-1.7,1.1]}},{"type":"Feature","geometry":{"type":"Point","coordinates":[16.341886,48.255107]},"properties":{"line":"N38","mode":"bus","color":"#0059a9","colorDark":"#00294f","band":3,"off":[1.7,1.1]}},{"type":"Feature","geometry":{"type":"Point","coordinates":[16.312105,48.199648]},"properties":{"name":"Hütteldorfer Straße","band":3,"modes":"bus","arr":["N49"],"off":[0,-0.8]}},{"type":"Feature","geometry":{"type":"Point","coordinates":[16.312105,48.199648]},"properties":{"line":"N49","mode":"bus","color":"#0059a9","colorDark":"#00294f","band":3,"off":[0,1.1]}},{"type":"Feature","geometry":{"type":"Point","coordinates":[16.338803,48.196776]},"properties":{"name":"Westbahnhof","band":3,"modes":"tram,bus","arr":["5","9","52","60","N54","N6"],"off":[0,-0.8]}},{"type":"Feature","geometry":{"type":"Point","coordinates":[16.338803,48.196776]},"properties":{"line":"5","mode":"tram","color":"#d6212b","colorDark":"#7c1116","band":3,"off":[-6.8,1.1]}},{"type":"Feature","geometry":{"type":"Point","coordinates":[16.338803,48.196776]},"properties":{"line":"9","mode":"tram","color":"#d6212b","colorDark":"#7c1116","band":3,"off":[-3.4,1.1]}},{"type":"Feature","geometry":{"type":"Point","coordinates":[16.338803,48.196776]},"properties":{"line":"52","mode":"tram","color":"#d6212b","colorDark":"#7c1116","band":3,"off":[0,1.1]}},{"type":"Feature","geometry":{"type":"Point","coordinates":[16.338803,48.196776]},"properties":{"line":"60","mode":"tram","color":"#d6212b","colorDark":"#7c1116","band":3,"off":[3.4,1.1]}},{"type":"Feature","geometry":{"type":"Point","coordinates":[16.338803,48.196776]},"properties":{"line":"N54","mode":"bus","color":"#0059a9","colorDark":"#00294f","band":3,"off":[6.8,1.1]}},{"type":"Feature","geometry":{"type":"Point","coordinates":[16.338803,48.196776]},"properties":{"line":"N6","mode":"bus","color":"#0059a9","colorDark":"#00294f","band":3,"off":[0,3.1]}},{"type":"Feature","geometry":{"type":"Point","coordinates":[16.262161,48.133557]},"properties":{"name":"Rodaun","band":3,"modes":"bus","arr":["N60"],"off":[0,-0.8]}},{"type":"Feature","geometry":{"type":"Point","coordinates":[16.262161,48.133557]},"properties":{"line":"N60","mode":"bus","color":"#0059a9","colorDark":"#00294f","band":3,"off":[0,1.1]}},{"type":"Feature","geometry":{"type":"Point","coordinates":[16.238883,48.137946]},"properties":{"name":"Kalksburg Lodererweg","band":3,"modes":"bus","arr":["N61"],"off":[0,-0.8]}},{"type":"Feature","geometry":{"type":"Point","coordinates":[16.238883,48.137946]},"properties":{"line":"N61","mode":"bus","color":"#0059a9","colorDark":"#00294f","band":3,"off":[0,1.1]}},{"type":"Feature","geometry":{"type":"Point","coordinates":[16.373405,48.175327]},"properties":{"name":"Quellenplatz","band":3,"modes":"bus","arr":["N68"],"off":[0,-0.8]}},{"type":"Feature","geometry":{"type":"Point","coordinates":[16.373405,48.175327]},"properties":{"line":"N68","mode":"bus","color":"#0059a9","colorDark":"#00294f","band":3,"off":[0,1.1]}},{"type":"Feature","geometry":{"type":"Point","coordinates":[16.417192,48.185254]},"properties":{"name":"Gasometer","band":3,"modes":"bus","arr":["N75"],"off":[0,-0.8]}},{"type":"Feature","geometry":{"type":"Point","coordinates":[16.417192,48.185254]},"properties":{"line":"N75","mode":"bus","color":"#0059a9","colorDark":"#00294f","band":3,"off":[0,1.1]}},{"type":"Feature","geometry":{"type":"Point","coordinates":[16.440657,48.153412]},"properties":{"name":"Zentralfriedhof 2.Tor","band":3,"modes":"bus","arr":["ZF"],"off":[0,-0.8]}},{"type":"Feature","geometry":{"type":"Point","coordinates":[16.440657,48.153412]},"properties":{"line":"ZF","mode":"bus","color":"#0059a9","colorDark":"#00294f","band":3,"off":[0,1.1]}},{"type":"Feature","geometry":{"type":"Point","coordinates":[16.4053,48.208883]},"properties":{"name":"Prater, Hauptallee","band":3,"modes":"tram","arr":["1"],"off":[0,-0.8]}},{"type":"Feature","geometry":{"type":"Point","coordinates":[16.4053,48.208883]},"properties":{"line":"1","mode":"tram","color":"#d6212b","colorDark":"#7c1116","band":3,"off":[0,1.1]}},{"type":"Feature","geometry":{"type":"Point","coordinates":[16.354604,48.16841]},"properties":{"name":"Stefan-Fadinger-Platz","band":3,"modes":"tram","arr":["1"],"off":[0,-0.8]}},{"type":"Feature","geometry":{"type":"Point","coordinates":[16.354604,48.16841]},"properties":{"line":"1","mode":"tram","color":"#d6212b","colorDark":"#7c1116","band":3,"off":[0,1.1]}},{"type":"Feature","geometry":{"type":"Point","coordinates":[16.38017,48.244087]},"properties":{"name":"Friedrich-Engels-Platz","band":3,"modes":"tram","arr":["2"],"off":[0,-0.8]}},{"type":"Feature","geometry":{"type":"Point","coordinates":[16.38017,48.244087]},"properties":{"line":"2","mode":"tram","color":"#d6212b","colorDark":"#7c1116","band":3,"off":[0,1.1]}},{"type":"Feature","geometry":{"type":"Point","coordinates":[16.337108,48.202024]},"properties":{"name":"Burggasse-Stadthalle","band":3,"modes":"tram","arr":["6","18"],"off":[0,-0.8]}},{"type":"Feature","geometry":{"type":"Point","coordinates":[16.337108,48.202024]},"properties":{"line":"6","mode":"tram","color":"#d6212b","colorDark":"#7c1116","band":3,"off":[-1.7,1.1]}},{"type":"Feature","geometry":{"type":"Point","coordinates":[16.337108,48.202024]},"properties":{"line":"18","mode":"tram","color":"#d6212b","colorDark":"#7c1116","band":3,"off":[1.7,1.1]}},{"type":"Feature","geometry":{"type":"Point","coordinates":[16.399359,48.175631]},"properties":{"name":"Geiereckstraße","band":3,"modes":"tram","arr":["6"],"off":[0,-0.8]}},{"type":"Feature","geometry":{"type":"Point","coordinates":[16.399359,48.175631]},"properties":{"line":"6","mode":"tram","color":"#d6212b","colorDark":"#7c1116","band":3,"off":[0,1.1]}},{"type":"Feature","geometry":{"type":"Point","coordinates":[16.326859,48.232079]},"properties":{"name":"Gersthof, Wallrißstraße","band":3,"modes":"tram","arr":["9"],"off":[0,-0.8]}},{"type":"Feature","geometry":{"type":"Point","coordinates":[16.326859,48.232079]},"properties":{"line":"9","mode":"tram","color":"#d6212b","colorDark":"#7c1116","band":3,"off":[0,1.1]}},{"type":"Feature","geometry":{"type":"Point","coordinates":[16.282035,48.185677]},"properties":{"name":"Unter St. Veit, Hummelgasse","band":3,"modes":"tram","arr":["10"],"off":[0,-0.8]}},{"type":"Feature","geometry":{"type":"Point","coordinates":[16.282035,48.185677]},"properties":{"line":"10","mode":"tram","color":"#d6212b","colorDark":"#7c1116","band":3,"off":[0,1.1]}},{"type":"Feature","geometry":{"type":"Point","coordinates":[16.349428,48.153894]},"properties":{"name":"Otto-Probst-Platz","band":3,"modes":"tram","arr":["11"],"off":[0,-0.8]}},{"type":"Feature","geometry":{"type":"Point","coordinates":[16.349428,48.153894]},"properties":{"line":"11","mode":"tram","color":"#d6212b","colorDark":"#7c1116","band":3,"off":[0,1.1]}},{"type":"Feature","geometry":{"type":"Point","coordinates":[16.470259,48.15945]},"properties":{"name":"Kaiserebersdorf, Zinnergasse","band":3,"modes":"tram","arr":["11","71"],"off":[0,-0.8]}},{"type":"Feature","geometry":{"type":"Point","coordinates":[16.470259,48.15945]},"properties":{"line":"11","mode":"tram","color":"#d6212b","colorDark":"#7c1116","band":3,"off":[-1.7,1.1]}},{"type":"Feature","geometry":{"type":"Point","coordinates":[16.470259,48.15945]},"properties":{"line":"71","mode":"tram","color":"#d6212b","colorDark":"#7c1116","band":3,"off":[1.7,1.1]}},{"type":"Feature","geometry":{"type":"Point","coordinates":[16.40741,48.220846]},"properties":{"name":"Hillerstraße","band":3,"modes":"tram","arr":["12"],"off":[0,-0.8]}},{"type":"Feature","geometry":{"type":"Point","coordinates":[16.40741,48.220846]},"properties":{"line":"12","mode":"tram","color":"#d6212b","colorDark":"#7c1116","band":3,"off":[0,1.1]}},{"type":"Feature","geometry":{"type":"Point","coordinates":[16.39292,48.228688]},"properties":{"name":"Bruno-Marek-Allee","band":3,"modes":"tram","arr":["O"],"off":[0,-0.8]}},{"type":"Feature","geometry":{"type":"Point","coordinates":[16.39292,48.228688]},"properties":{"line":"O","mode":"tram","color":"#d6212b","colorDark":"#7c1116","band":3,"off":[0,1.1]}},{"type":"Feature","geometry":{"type":"Point","coordinates":[16.339523,48.211722]},"properties":{"name":"Josefstädter Straße","band":3,"modes":"tram","arr":["12","46"],"off":[0,-0.8]}},{"type":"Feature","geometry":{"type":"Point","coordinates":[16.339523,48.211722]},"properties":{"line":"12","mode":"tram","color":"#d6212b","colorDark":"#7c1116","band":3,"off":[-1.7,1.1]}},{"type":"Feature","geometry":{"type":"Point","coordinates":[16.339523,48.211722]},"properties":{"line":"46","mode":"tram","color":"#d6212b","colorDark":"#7c1116","band":3,"off":[1.7,1.1]}},{"type":"Feature","geometry":{"type":"Point","coordinates":[16.409465,48.195447]},"properties":{"name":"Ludwig-Koeßler-Platz","band":3,"modes":"tram","arr":["18"],"off":[0,-0.8]}},{"type":"Feature","geometry":{"type":"Point","coordinates":[16.409465,48.195447]},"properties":{"line":"18","mode":"tram","color":"#d6212b","colorDark":"#7c1116","band":3,"off":[0,1.1]}},{"type":"Feature","geometry":{"type":"Point","coordinates":[16.48034,48.217461]},"properties":{"name":"Aspern, Oberdorfstraße","band":3,"modes":"tram","arr":["25","26"],"off":[0,-0.8]}},{"type":"Feature","geometry":{"type":"Point","coordinates":[16.48034,48.217461]},"properties":{"line":"25","mode":"tram","color":"#d6212b","colorDark":"#7c1116","band":3,"off":[-1.7,1.1]}},{"type":"Feature","geometry":{"type":"Point","coordinates":[16.48034,48.217461]},"properties":{"line":"26","mode":"tram","color":"#d6212b","colorDark":"#7c1116","band":3,"off":[1.7,1.1]}},{"type":"Feature","geometry":{"type":"Point","coordinates":[16.486252,48.233273]},"properties":{"name":"Hausfeldstraße","band":3,"modes":"tram","arr":["26"],"off":[0,-0.8]}},{"type":"Feature","geometry":{"type":"Point","coordinates":[16.486252,48.233273]},"properties":{"line":"26","mode":"tram","color":"#d6212b","colorDark":"#7c1116","band":3,"off":[0,1.1]}},{"type":"Feature","geometry":{"type":"Point","coordinates":[16.362024,48.2141]},"properties":{"name":"Schottentor","band":3,"modes":"tram","arr":["37","38","40","41","42","43","44"],"off":[0,-0.8]}},{"type":"Feature","geometry":{"type":"Point","coordinates":[16.362024,48.2141]},"properties":{"line":"37","mode":"tram","color":"#d6212b","colorDark":"#7c1116","band":3,"off":[-6.8,1.1]}},{"type":"Feature","geometry":{"type":"Point","coordinates":[16.362024,48.2141]},"properties":{"line":"38","mode":"tram","color":"#d6212b","colorDark":"#7c1116","band":3,"off":[-3.4,1.1]}},{"type":"Feature","geometry":{"type":"Point","coordinates":[16.362024,48.2141]},"properties":{"line":"40","mode":"tram","color":"#d6212b","colorDark":"#7c1116","band":3,"off":[0,1.1]}},{"type":"Feature","geometry":{"type":"Point","coordinates":[16.362024,48.2141]},"properties":{"line":"41","mode":"tram","color":"#d6212b","colorDark":"#7c1116","band":3,"off":[3.4,1.1]}},{"type":"Feature","geometry":{"type":"Point","coordinates":[16.362024,48.2141]},"properties":{"line":"42","mode":"tram","color":"#d6212b","colorDark":"#7c1116","band":3,"off":[6.8,1.1]}},{"type":"Feature","geometry":{"type":"Point","coordinates":[16.362024,48.2141]},"properties":{"line":"43","mode":"tram","color":"#d6212b","colorDark":"#7c1116","band":3,"off":[-1.7,3.1]}},{"type":"Feature","geometry":{"type":"Point","coordinates":[16.362024,48.2141]},"properties":{"line":"44","mode":"tram","color":"#d6212b","colorDark":"#7c1116","band":3,"off":[1.7,3.1]}},{"type":"Feature","geometry":{"type":"Point","coordinates":[16.355545,48.251014]},"properties":{"name":"Hohe Warte","band":3,"modes":"tram","arr":["37"],"off":[0,-0.8]}},{"type":"Feature","geometry":{"type":"Point","coordinates":[16.355545,48.251014]},"properties":{"line":"37","mode":"tram","color":"#d6212b","colorDark":"#7c1116","band":3,"off":[0,1.1]}},{"type":"Feature","geometry":{"type":"Point","coordinates":[16.317193,48.232466]},"properties":{"name":"Gersthof, Herbeckstraße","band":3,"modes":"tram","arr":["37","40"],"off":[0,-0.8]}},{"type":"Feature","geometry":{"type":"Point","coordinates":[16.317193,48.232466]},"properties":{"line":"37","mode":"tram","color":"#d6212b","colorDark":"#7c1116","band":3,"off":[-1.7,1.1]}},{"type":"Feature","geometry":{"type":"Point","coordinates":[16.317193,48.232466]},"properties":{"line":"40","mode":"tram","color":"#d6212b","colorDark":"#7c1116","band":3,"off":[1.7,1.1]}},{"type":"Feature","geometry":{"type":"Point","coordinates":[16.310948,48.240754]},"properties":{"name":"Pötzleinsdorf","band":3,"modes":"tram","arr":["41"],"off":[0,-0.8]}},{"type":"Feature","geometry":{"type":"Point","coordinates":[16.310948,48.240754]},"properties":{"line":"41","mode":"tram","color":"#d6212b","colorDark":"#7c1116","band":3,"off":[0,1.1]}},{"type":"Feature","geometry":{"type":"Point","coordinates":[16.329972,48.225852]},"properties":{"name":"Antonigasse","band":3,"modes":"tram","arr":["42"],"off":[0,-0.8]}},{"type":"Feature","geometry":{"type":"Point","coordinates":[16.329972,48.225852]},"properties":{"line":"42","mode":"tram","color":"#d6212b","colorDark":"#7c1116","band":3,"off":[0,1.1]}},{"type":"Feature","geometry":{"type":"Point","coordinates":[16.291384,48.233599]},"properties":{"name":"Neuwaldegg","band":3,"modes":"tram","arr":["43"],"off":[0,-0.8]}},{"type":"Feature","geometry":{"type":"Point","coordinates":[16.291384,48.233599]},"properties":{"line":"43","mode":"tram","color":"#d6212b","colorDark":"#7c1116","band":3,"off":[0,1.1]}},{"type":"Feature","geometry":{"type":"Point","coordinates":[16.305761,48.214381]},"properties":{"name":"Maroltingergasse","band":3,"modes":"tram","arr":["44"],"off":[0,-0.8]}},{"type":"Feature","geometry":{"type":"Point","coordinates":[16.305761,48.214381]},"properties":{"line":"44","mode":"tram","color":"#d6212b","colorDark":"#7c1116","band":3,"off":[0,1.1]}},{"type":"Feature","geometry":{"type":"Point","coordinates":[16.255919,48.20267]},"properties":{"name":"Hütteldorf, Bujattigasse","band":3,"modes":"tram","arr":["49"],"off":[0,-0.8]}},{"type":"Feature","geometry":{"type":"Point","coordinates":[16.255919,48.20267]},"properties":{"line":"49","mode":"tram","color":"#d6212b","colorDark":"#7c1116","band":3,"off":[0,1.1]}},{"type":"Feature","geometry":{"type":"Point","coordinates":[16.271166,48.199104]},"properties":{"name":"Baumgarten","band":3,"modes":"tram","arr":["52"],"off":[0,-0.8]}},{"type":"Feature","geometry":{"type":"Point","coordinates":[16.271166,48.199104]},"properties":{"line":"52","mode":"tram","color":"#d6212b","colorDark":"#7c1116","band":3,"off":[0,1.1]}},{"type":"Feature","geometry":{"type":"Point","coordinates":[16.263139,48.132517]},"properties":{"name":"Rodaun","band":3,"modes":"tram","arr":["60"],"off":[0,-0.8]}},{"type":"Feature","geometry":{"type":"Point","coordinates":[16.263139,48.132517]},"properties":{"line":"60","mode":"tram","color":"#d6212b","colorDark":"#7c1116","band":3,"off":[0,1.1]}},{"type":"Feature","geometry":{"type":"Point","coordinates":[16.274025,48.175394]},"properties":{"name":"Lainz, Wolkersbergenstraße","band":3,"modes":"tram","arr":["62"],"off":[0,-0.8]}},{"type":"Feature","geometry":{"type":"Point","coordinates":[16.274025,48.175394]},"properties":{"line":"62","mode":"tram","color":"#d6212b","colorDark":"#7c1116","band":3,"off":[0,1.1]}},{"type":"Feature","geometry":{"type":"Point","coordinates":[16.23369,48.005971]},"properties":{"name":"Baden Josefsplatz","band":3,"modes":"tram","arr":["BB"],"off":[0,-0.8]}},{"type":"Feature","geometry":{"type":"Point","coordinates":[16.23369,48.005971]},"properties":{"line":"BB","mode":"tram","color":"#d6212b","colorDark":"#7c1116","band":3,"off":[0,1.1]}},{"type":"Feature","geometry":{"type":"Point","coordinates":[16.390383,48.176481]},"properties":{"name":"Absberggasse","band":3,"modes":"tram","arr":["D"],"off":[0,-0.8]}},{"type":"Feature","geometry":{"type":"Point","coordinates":[16.390383,48.176481]},"properties":{"line":"D","mode":"tram","color":"#d6212b","colorDark":"#7c1116","band":3,"off":[0,1.1]}},{"type":"Feature","geometry":{"type":"Point","coordinates":[16.364403,48.166785]},"properties":{"name":"Raxstraße","band":3,"modes":"tram","arr":["O"],"off":[0,-0.8]}},{"type":"Feature","geometry":{"type":"Point","coordinates":[16.364403,48.166785]},"properties":{"line":"O","mode":"tram","color":"#d6212b","colorDark":"#7c1116","band":3,"off":[0,1.1]}},{"type":"Feature","geometry":{"type":"Point","coordinates":[16.399956,48.142357]},"properties":{"name":"Oberlaa","band":3,"modes":"metro","arr":["U1"],"off":[0,-0.8]}},{"type":"Feature","geometry":{"type":"Point","coordinates":[16.399956,48.142357]},"properties":{"line":"U1","mode":"tram","color":"#E3000F","colorDark":"#7d0008","band":3,"metro":1,"off":[0,1.1]}},{"type":"Feature","geometry":{"type":"Point","coordinates":[16.369214,48.200965]},"properties":{"name":"Karlsplatz","band":3,"modes":"metro","arr":["U2"],"off":[0,-0.8]}},{"type":"Feature","geometry":{"type":"Point","coordinates":[16.369214,48.200965]},"properties":{"line":"U2","mode":"tram","color":"#A862A4","colorDark":"#5c365a","band":3,"metro":1,"off":[0,1.1]}},{"type":"Feature","geometry":{"type":"Point","coordinates":[16.452048,48.277629]},"properties":{"name":"Leopoldau","band":3,"modes":"metro","arr":["U1"],"off":[0,-0.8]}},{"type":"Feature","geometry":{"type":"Point","coordinates":[16.452048,48.277629]},"properties":{"line":"U1","mode":"tram","color":"#E3000F","colorDark":"#7d0008","band":3,"metro":1,"off":[0,1.1]}},{"type":"Feature","geometry":{"type":"Point","coordinates":[16.508132,48.225845]},"properties":{"name":"Seestadt","band":3,"modes":"metro","arr":["U2"],"off":[0,-0.8]}},{"type":"Feature","geometry":{"type":"Point","coordinates":[16.508132,48.225845]},"properties":{"line":"U2","mode":"tram","color":"#A862A4","colorDark":"#5c365a","band":3,"metro":1,"off":[0,1.1]}},{"type":"Feature","geometry":{"type":"Point","coordinates":[16.311481,48.211465]},"properties":{"name":"Ottakring","band":3,"modes":"metro","arr":["U3"],"off":[0,-0.8]}},{"type":"Feature","geometry":{"type":"Point","coordinates":[16.311481,48.211465]},"properties":{"line":"U3","mode":"tram","color":"#EF7C00","colorDark":"#834400","band":3,"metro":1,"off":[0,1.1]}},{"type":"Feature","geometry":{"type":"Point","coordinates":[16.260594,48.196955]},"properties":{"name":"Hütteldorf","band":3,"modes":"metro","arr":["U4"],"off":[0,-0.8]}},{"type":"Feature","geometry":{"type":"Point","coordinates":[16.260594,48.196955]},"properties":{"line":"U4","mode":"tram","color":"#319F49","colorDark":"#1b5728","band":3,"metro":1,"off":[0,1.1]}},{"type":"Feature","geometry":{"type":"Point","coordinates":[16.309698,48.130045]},"properties":{"name":"Siebenhirten","band":3,"modes":"metro","arr":["U6"],"off":[0,-0.8]}},{"type":"Feature","geometry":{"type":"Point","coordinates":[16.309698,48.130045]},"properties":{"line":"U6","mode":"tram","color":"#9D6830","colorDark":"#56391a","band":3,"metro":1,"off":[0,1.1]}},{"type":"Feature","geometry":{"type":"Point","coordinates":[16.400337,48.25625]},"properties":{"name":"Floridsdorf","band":3,"modes":"metro","arr":["U6"],"off":[0,-0.8]}},{"type":"Feature","geometry":{"type":"Point","coordinates":[16.400337,48.25625]},"properties":{"line":"U6","mode":"tram","color":"#9D6830","colorDark":"#56391a","band":3,"metro":1,"off":[0,1.1]}},{"type":"Feature","geometry":{"type":"Point","coordinates":[16.364516,48.248957]},"properties":{"name":"Heiligenstadt","band":4,"modes":"bus","arr":["10A","11A","38A","39A","5B"],"off":[0,-0.8]}},{"type":"Feature","geometry":{"type":"Point","coordinates":[16.364516,48.248957]},"properties":{"line":"10A","mode":"bus","color":"#0059a9","colorDark":"#00294f","band":4,"off":[-6.8,1.1]}},{"type":"Feature","geometry":{"type":"Point","coordinates":[16.364516,48.248957]},"properties":{"line":"11A","mode":"bus","color":"#0059a9","colorDark":"#00294f","band":4,"off":[-3.4,1.1]}},{"type":"Feature","geometry":{"type":"Point","coordinates":[16.364516,48.248957]},"properties":{"line":"38A","mode":"bus","color":"#0059a9","colorDark":"#00294f","band":4,"off":[0,1.1]}},{"type":"Feature","geometry":{"type":"Point","coordinates":[16.364516,48.248957]},"properties":{"line":"39A","mode":"bus","color":"#0059a9","colorDark":"#00294f","band":4,"off":[3.4,1.1]}},{"type":"Feature","geometry":{"type":"Point","coordinates":[16.364516,48.248957]},"properties":{"line":"5B","mode":"bus","color":"#0059a9","colorDark":"#00294f","band":4,"off":[6.8,1.1]}},{"type":"Feature","geometry":{"type":"Point","coordinates":[16.330675,48.181346]},"properties":{"name":"Niederhofstraße","band":4,"modes":"bus","arr":["10A"],"off":[0,-0.8]}},{"type":"Feature","geometry":{"type":"Point","coordinates":[16.330675,48.181346]},"properties":{"line":"10A","mode":"bus","color":"#0059a9","colorDark":"#00294f","band":4,"off":[0,1.1]}},{"type":"Feature","geometry":{"type":"Point","coordinates":[16.421405,48.210962]},"properties":{"name":"Stadion","band":4,"modes":"bus","arr":["11A"],"off":[0,-0.8]}},{"type":"Feature","geometry":{"type":"Point","coordinates":[16.421405,48.210962]},"properties":{"line":"11A","mode":"bus","color":"#0059a9","colorDark":"#00294f","band":4,"off":[0,1.1]}},{"type":"Feature","geometry":{"type":"Point","coordinates":[16.383929,48.241121]},"properties":{"name":"Handelskai","band":4,"modes":"bus","arr":["N8"],"off":[0,-0.8]}},{"type":"Feature","geometry":{"type":"Point","coordinates":[16.383929,48.241121]},"properties":{"line":"N8","mode":"bus","color":"#0059a9","colorDark":"#00294f","band":4,"off":[0,1.1]}},{"type":"Feature","geometry":{"type":"Point","coordinates":[16.315274,48.206833]},"properties":{"name":"Schmelz, Gablenzgasse","band":4,"modes":"bus","arr":["12A"],"off":[0,-0.8]}},{"type":"Feature","geometry":{"type":"Point","coordinates":[16.315274,48.206833]},"properties":{"line":"12A","mode":"bus","color":"#0059a9","colorDark":"#00294f","band":4,"off":[0,1.1]}},{"type":"Feature","geometry":{"type":"Point","coordinates":[16.350214,48.181464]},"properties":{"name":"Eichenstraße","band":4,"modes":"bus","arr":["12A"],"off":[0,-0.8]}},{"type":"Feature","geometry":{"type":"Point","coordinates":[16.350214,48.181464]},"properties":{"line":"12A","mode":"bus","color":"#0059a9","colorDark":"#00294f","band":4,"off":[0,1.1]}},{"type":"Feature","geometry":{"type":"Point","coordinates":[16.348651,48.214861]},"properties":{"name":"Skodagasse","band":4,"modes":"bus","arr":["13A"],"off":[0,-0.8]}},{"type":"Feature","geometry":{"type":"Point","coordinates":[16.348651,48.214861]},"properties":{"line":"13A","mode":"bus","color":"#0059a9","colorDark":"#00294f","band":4,"off":[0,1.1]}},{"type":"Feature","geometry":{"type":"Point","coordinates":[16.375474,48.186139]},"properties":{"name":"Hauptbahnhof","band":4,"modes":"bus","arr":["13A","69A"],"off":[0,-0.8]}},{"type":"Feature","geometry":{"type":"Point","coordinates":[16.375474,48.186139]},"properties":{"line":"13A","mode":"bus","color":"#0059a9","colorDark":"#00294f","band":4,"off":[-1.7,1.1]}},{"type":"Feature","geometry":{"type":"Point","coordinates":[16.375474,48.186139]},"properties":{"line":"69A","mode":"bus","color":"#0059a9","colorDark":"#00294f","band":4,"off":[1.7,1.1]}},{"type":"Feature","geometry":{"type":"Point","coordinates":[16.350877,48.198109]},"properties":{"name":"Neubaugasse","band":4,"modes":"bus","arr":["14A"],"off":[0,-0.8]}},{"type":"Feature","geometry":{"type":"Point","coordinates":[16.350877,48.198109]},"properties":{"line":"14A","mode":"bus","color":"#0059a9","colorDark":"#00294f","band":4,"off":[0,1.1]}},{"type":"Feature","geometry":{"type":"Point","coordinates":[16.37879,48.175485]},"properties":{"name":"Reumannplatz","band":4,"modes":"bus","arr":["14A","68A","68B"],"off":[0,-0.8]}},{"type":"Feature","geometry":{"type":"Point","coordinates":[16.37879,48.175485]},"properties":{"line":"14A","mode":"bus","color":"#0059a9","colorDark":"#00294f","band":4,"off":[-3.4,1.1]}},{"type":"Feature","geometry":{"type":"Point","coordinates":[16.37879,48.175485]},"properties":{"line":"68A","mode":"bus","color":"#0059a9","colorDark":"#00294f","band":4,"off":[0,1.1]}},{"type":"Feature","geometry":{"type":"Point","coordinates":[16.37879,48.175485]},"properties":{"line":"68B","mode":"bus","color":"#0059a9","colorDark":"#00294f","band":4,"off":[3.4,1.1]}},{"type":"Feature","geometry":{"type":"Point","coordinates":[16.331972,48.172534]},"properties":{"name":"Meidling, Schedifkaplatz","band":4,"modes":"bus","arr":["15A","7B"],"off":[0,-0.8]}},{"type":"Feature","geometry":{"type":"Point","coordinates":[16.331972,48.172534]},"properties":{"line":"15A","mode":"bus","color":"#0059a9","colorDark":"#00294f","band":4,"off":[-1.7,1.1]}},{"type":"Feature","geometry":{"type":"Point","coordinates":[16.331972,48.172534]},"properties":{"line":"7B","mode":"bus","color":"#0059a9","colorDark":"#00294f","band":4,"off":[1.7,1.1]}},{"type":"Feature","geometry":{"type":"Point","coordinates":[16.415962,48.173959]},"properties":{"name":"Enkplatz","band":4,"modes":"bus","arr":["15A","76A","76B","N6"],"off":[0,-0.8]}},{"type":"Feature","geometry":{"type":"Point","coordinates":[16.415962,48.173959]},"properties":{"line":"15A","mode":"bus","color":"#0059a9","colorDark":"#00294f","band":4,"off":[-5.1,1.1]}},{"type":"Feature","geometry":{"type":"Point","coordinates":[16.415962,48.173959]},"properties":{"line":"76A","mode":"bus","color":"#0059a9","colorDark":"#00294f","band":4,"off":[-1.7,1.1]}},{"type":"Feature","geometry":{"type":"Point","coordinates":[16.415962,48.173959]},"properties":{"line":"76B","mode":"bus","color":"#0059a9","colorDark":"#00294f","band":4,"off":[1.7,1.1]}},{"type":"Feature","geometry":{"type":"Point","coordinates":[16.415962,48.173959]},"properties":{"line":"N6","mode":"bus","color":"#0059a9","colorDark":"#00294f","band":4,"off":[5.1,1.1]}},{"type":"Feature","geometry":{"type":"Point","coordinates":[16.383569,48.160858]},"properties":{"name":"Altes Landgut","band":4,"modes":"bus","arr":["N67"],"off":[0,-0.8]}},{"type":"Feature","geometry":{"type":"Point","coordinates":[16.383569,48.160858]},"properties":{"line":"N67","mode":"bus","color":"#0059a9","colorDark":"#00294f","band":4,"off":[0,1.1]}},{"type":"Feature","geometry":{"type":"Point","coordinates":[16.344783,48.169967]},"properties":{"name":"Gesundheitszentrum Süd","band":4,"modes":"bus","arr":["63A"],"off":[0,-0.8]}},{"type":"Feature","geometry":{"type":"Point","coordinates":[16.344783,48.169967]},"properties":{"line":"63A","mode":"bus","color":"#0059a9","colorDark":"#00294f","band":4,"off":[0,1.1]}},{"type":"Feature","geometry":{"type":"Point","coordinates":[16.314441,48.165826]},"properties":{"name":"Hetzendorf","band":4,"modes":"bus","arr":["16A","64B"],"off":[0,-0.8]}},{"type":"Feature","geometry":{"type":"Point","coordinates":[16.314441,48.165826]},"properties":{"line":"16A","mode":"bus","color":"#0059a9","colorDark":"#00294f","band":4,"off":[-1.7,1.1]}},{"type":"Feature","geometry":{"type":"Point","coordinates":[16.314441,48.165826]},"properties":{"line":"64B","mode":"bus","color":"#0059a9","colorDark":"#00294f","band":4,"off":[1.7,1.1]}},{"type":"Feature","geometry":{"type":"Point","coordinates":[16.381679,48.152878]},"properties":{"name":"Alaudagasse","band":4,"modes":"bus","arr":["16A","19A","67A","67B","N17"],"off":[0,-0.8]}},{"type":"Feature","geometry":{"type":"Point","coordinates":[16.381679,48.152878]},"properties":{"line":"16A","mode":"bus","color":"#0059a9","colorDark":"#00294f","band":4,"off":[-6.8,1.1]}},{"type":"Feature","geometry":{"type":"Point","coordinates":[16.381679,48.152878]},"properties":{"line":"19A","mode":"bus","color":"#0059a9","colorDark":"#00294f","band":4,"off":[-3.4,1.1]}},{"type":"Feature","geometry":{"type":"Point","coordinates":[16.381679,48.152878]},"properties":{"line":"67A","mode":"bus","color":"#0059a9","colorDark":"#00294f","band":4,"off":[0,1.1]}},{"type":"Feature","geometry":{"type":"Point","coordinates":[16.381679,48.152878]},"properties":{"line":"67B","mode":"bus","color":"#0059a9","colorDark":"#00294f","band":4,"off":[3.4,1.1]}},{"type":"Feature","geometry":{"type":"Point","coordinates":[16.381679,48.152878]},"properties":{"line":"N17","mode":"bus","color":"#0059a9","colorDark":"#00294f","band":4,"off":[6.8,1.1]}},{"type":"Feature","geometry":{"type":"Point","coordinates":[16.351496,48.136697]},"properties":{"name":"Inzersdorf, Birostraße","band":4,"modes":"bus","arr":["17A"],"off":[0,-0.8]}},{"type":"Feature","geometry":{"type":"Point","coordinates":[16.351496,48.136697]},"properties":{"line":"17A","mode":"bus","color":"#0059a9","colorDark":"#00294f","band":4,"off":[0,1.1]}},{"type":"Feature","geometry":{"type":"Point","coordinates":[16.39861,48.143426]},"properties":{"name":"Oberlaa","band":4,"modes":"bus","arr":["17A","68B","70A","N68"],"off":[0,-0.8]}},{"type":"Feature","geometry":{"type":"Point","coordinates":[16.39861,48.143426]},"properties":{"line":"17A","mode":"bus","color":"#0059a9","colorDark":"#00294f","band":4,"off":[-5.1,1.1]}},{"type":"Feature","geometry":{"type":"Point","coordinates":[16.39861,48.143426]},"properties":{"line":"68B","mode":"bus","color":"#0059a9","colorDark":"#00294f","band":4,"off":[-1.7,1.1]}},{"type":"Feature","geometry":{"type":"Point","coordinates":[16.39861,48.143426]},"properties":{"line":"70A","mode":"bus","color":"#0059a9","colorDark":"#00294f","band":4,"off":[1.7,1.1]}},{"type":"Feature","geometry":{"type":"Point","coordinates":[16.39861,48.143426]},"properties":{"line":"N68","mode":"bus","color":"#0059a9","colorDark":"#00294f","band":4,"off":[5.1,1.1]}},{"type":"Feature","geometry":{"type":"Point","coordinates":[16.386053,48.152811]},"properties":{"name":"Ada-Christen-Gasse","band":4,"modes":"bus","arr":["19A"],"off":[0,-0.8]}},{"type":"Feature","geometry":{"type":"Point","coordinates":[16.386053,48.152811]},"properties":{"line":"19A","mode":"bus","color":"#0059a9","colorDark":"#00294f","band":4,"off":[0,1.1]}},{"type":"Feature","geometry":{"type":"Point","coordinates":[16.372554,48.209309]},"properties":{"name":"Stephansplatz","band":4,"modes":"bus","arr":["1A"],"off":[0,-0.8]}},{"type":"Feature","geometry":{"type":"Point","coordinates":[16.372554,48.209309]},"properties":{"line":"1A","mode":"bus","color":"#0059a9","colorDark":"#00294f","band":4,"off":[0,1.1]}},{"type":"Feature","geometry":{"type":"Point","coordinates":[16.362824,48.213395]},"properties":{"name":"Schottentor","band":4,"modes":"bus","arr":["1A","N38","N41","N43"],"off":[0,-0.8]}},{"type":"Feature","geometry":{"type":"Point","coordinates":[16.362824,48.213395]},"properties":{"line":"1A","mode":"bus","color":"#0059a9","colorDark":"#00294f","band":4,"off":[-5.1,1.1]}},{"type":"Feature","geometry":{"type":"Point","coordinates":[16.362824,48.213395]},"properties":{"line":"N38","mode":"bus","color":"#0059a9","colorDark":"#00294f","band":4,"off":[-1.7,1.1]}},{"type":"Feature","geometry":{"type":"Point","coordinates":[16.362824,48.213395]},"properties":{"line":"N41","mode":"bus","color":"#0059a9","colorDark":"#00294f","band":4,"off":[1.7,1.1]}},{"type":"Feature","geometry":{"type":"Point","coordinates":[16.362824,48.213395]},"properties":{"line":"N43","mode":"bus","color":"#0059a9","colorDark":"#00294f","band":4,"off":[5.1,1.1]}},{"type":"Feature","geometry":{"type":"Point","coordinates":[16.415603,48.232789]},"properties":{"name":"Kaisermühlen-VIC","band":4,"modes":"bus","arr":["20A","92A","92B","N90"],"off":[0,-0.8]}},{"type":"Feature","geometry":{"type":"Point","coordinates":[16.415603,48.232789]},"properties":{"line":"20A","mode":"bus","color":"#0059a9","colorDark":"#00294f","band":4,"off":[-5.1,1.1]}},{"type":"Feature","geometry":{"type":"Point","coordinates":[16.415603,48.232789]},"properties":{"line":"92A","mode":"bus","color":"#0059a9","colorDark":"#00294f","band":4,"off":[-1.7,1.1]}},{"type":"Feature","geometry":{"type":"Point","coordinates":[16.415603,48.232789]},"properties":{"line":"92B","mode":"bus","color":"#0059a9","colorDark":"#00294f","band":4,"off":[1.7,1.1]}},{"type":"Feature","geometry":{"type":"Point","coordinates":[16.415603,48.232789]},"properties":{"line":"N90","mode":"bus","color":"#0059a9","colorDark":"#00294f","band":4,"off":[5.1,1.1]}},{"type":"Feature","geometry":{"type":"Point","coordinates":[16.395151,48.246473]},"properties":{"name":"Neue Donau","band":4,"modes":"bus","arr":["20A","20B"],"off":[0,-0.8]}},{"type":"Feature","geometry":{"type":"Point","coordinates":[16.395151,48.246473]},"properties":{"line":"20A","mode":"bus","color":"#0059a9","colorDark":"#00294f","band":4,"off":[-1.7,1.1]}},{"type":"Feature","geometry":{"type":"Point","coordinates":[16.395151,48.246473]},"properties":{"line":"20B","mode":"bus","color":"#0059a9","colorDark":"#00294f","band":4,"off":[1.7,1.1]}},{"type":"Feature","geometry":{"type":"Point","coordinates":[16.423737,48.238013]},"properties":{"name":"Alte Donau","band":4,"modes":"bus","arr":["20B"],"off":[0,-0.8]}},{"type":"Feature","geometry":{"type":"Point","coordinates":[16.423737,48.238013]},"properties":{"line":"20B","mode":"bus","color":"#0059a9","colorDark":"#00294f","band":4,"off":[0,1.1]}},{"type":"Feature","geometry":{"type":"Point","coordinates":[16.443287,48.250587]},"properties":{"name":"Kagraner Platz","band":4,"modes":"bus","arr":["22A","24A","31A","N23","N24"],"off":[0,-0.8]}},{"type":"Feature","geometry":{"type":"Point","coordinates":[16.443287,48.250587]},"properties":{"line":"22A","mode":"bus","color":"#0059a9","colorDark":"#00294f","band":4,"off":[-6.8,1.1]}},{"type":"Feature","geometry":{"type":"Point","coordinates":[16.443287,48.250587]},"properties":{"line":"24A","mode":"bus","color":"#0059a9","colorDark":"#00294f","band":4,"off":[-3.4,1.1]}},{"type":"Feature","geometry":{"type":"Point","coordinates":[16.443287,48.250587]},"properties":{"line":"31A","mode":"bus","color":"#0059a9","colorDark":"#00294f","band":4,"off":[0,1.1]}},{"type":"Feature","geometry":{"type":"Point","coordinates":[16.443287,48.250587]},"properties":{"line":"N23","mode":"bus","color":"#0059a9","colorDark":"#00294f","band":4,"off":[3.4,1.1]}},{"type":"Feature","geometry":{"type":"Point","coordinates":[16.443287,48.250587]},"properties":{"line":"N24","mode":"bus","color":"#0059a9","colorDark":"#00294f","band":4,"off":[6.8,1.1]}},{"type":"Feature","geometry":{"type":"Point","coordinates":[16.475509,48.222962]},"properties":{"name":"Aspernstraße","band":4,"modes":"bus","arr":["22A","84A","93A","97A","98A"],"off":[0,-0.8]}},{"type":"Feature","geometry":{"type":"Point","coordinates":[16.475509,48.222962]},"properties":{"line":"22A","mode":"bus","color":"#0059a9","colorDark":"#00294f","band":4,"off":[-6.8,1.1]}},{"type":"Feature","geometry":{"type":"Point","coordinates":[16.475509,48.222962]},"properties":{"line":"84A","mode":"bus","color":"#0059a9","colorDark":"#00294f","band":4,"off":[-3.4,1.1]}},{"type":"Feature","geometry":{"type":"Point","coordinates":[16.475509,48.222962]},"properties":{"line":"93A","mode":"bus","color":"#0059a9","colorDark":"#00294f","band":4,"off":[0,1.1]}},{"type":"Feature","geometry":{"type":"Point","coordinates":[16.475509,48.222962]},"properties":{"line":"97A","mode":"bus","color":"#0059a9","colorDark":"#00294f","band":4,"off":[3.4,1.1]}},{"type":"Feature","geometry":{"type":"Point","coordinates":[16.475509,48.222962]},"properties":{"line":"98A","mode":"bus","color":"#0059a9","colorDark":"#00294f","band":4,"off":[6.8,1.1]}},{"type":"Feature","geometry":{"type":"Point","coordinates":[16.479496,48.251459]},"properties":{"name":"Breitenlee, Arnikaweg","band":4,"modes":"bus","arr":["86A"],"off":[0,-0.8]}},{"type":"Feature","geometry":{"type":"Point","coordinates":[16.479496,48.251459]},"properties":{"line":"86A","mode":"bus","color":"#0059a9","colorDark":"#00294f","band":4,"off":[0,1.1]}},{"type":"Feature","geometry":{"type":"Point","coordinates":[16.532176,48.249384]},"properties":{"name":"Neueßling","band":4,"modes":"bus","arr":["24A"],"off":[0,-0.8]}},{"type":"Feature","geometry":{"type":"Point","coordinates":[16.532176,48.249384]},"properties":{"line":"24A","mode":"bus","color":"#0059a9","colorDark":"#00294f","band":4,"off":[0,1.1]}},{"type":"Feature","geometry":{"type":"Point","coordinates":[16.450177,48.257263]},"properties":{"name":"Rennbahnweg U","band":4,"modes":"bus","arr":["25A"],"off":[0,-0.8]}},{"type":"Feature","geometry":{"type":"Point","coordinates":[16.450177,48.257263]},"properties":{"line":"25A","mode":"bus","color":"#0059a9","colorDark":"#00294f","band":4,"off":[0,1.1]}},{"type":"Feature","geometry":{"type":"Point","coordinates":[16.495924,48.277259]},"properties":{"name":"Süßenbrunner Platz","band":4,"modes":"bus","arr":["25A","25B"],"off":[0,-0.8]}},{"type":"Feature","geometry":{"type":"Point","coordinates":[16.495924,48.277259]},"properties":{"line":"25A","mode":"bus","color":"#0059a9","colorDark":"#00294f","band":4,"off":[-1.7,1.1]}},{"type":"Feature","geometry":{"type":"Point","coordinates":[16.495924,48.277259]},"properties":{"line":"25B","mode":"bus","color":"#0059a9","colorDark":"#00294f","band":4,"off":[1.7,1.1]}},{"type":"Feature","geometry":{"type":"Point","coordinates":[16.484691,48.285042]},"properties":{"name":"Süßenbrunn","band":4,"modes":"bus","arr":["25B"],"off":[0,-0.8]}},{"type":"Feature","geometry":{"type":"Point","coordinates":[16.484691,48.285042]},"properties":{"line":"25B","mode":"bus","color":"#0059a9","colorDark":"#00294f","band":4,"off":[0,1.1]}},{"type":"Feature","geometry":{"type":"Point","coordinates":[16.433783,48.2433]},"properties":{"name":"Kagran","band":4,"modes":"bus","arr":["26A","27A","27B","93A","94A"],"off":[0,-0.8]}},{"type":"Feature","geometry":{"type":"Point","coordinates":[16.433783,48.2433]},"properties":{"line":"26A","mode":"bus","color":"#0059a9","colorDark":"#00294f","band":4,"off":[-6.8,1.1]}},{"type":"Feature","geometry":{"type":"Point","coordinates":[16.433783,48.2433]},"properties":{"line":"27A","mode":"bus","color":"#0059a9","colorDark":"#00294f","band":4,"off":[-3.4,1.1]}},{"type":"Feature","geometry":{"type":"Point","coordinates":[16.433783,48.2433]},"properties":{"line":"27B","mode":"bus","color":"#0059a9","colorDark":"#00294f","band":4,"off":[0,1.1]}},{"type":"Feature","geometry":{"type":"Point","coordinates":[16.433783,48.2433]},"properties":{"line":"93A","mode":"bus","color":"#0059a9","colorDark":"#00294f","band":4,"off":[3.4,1.1]}},{"type":"Feature","geometry":{"type":"Point","coordinates":[16.433783,48.2433]},"properties":{"line":"94A","mode":"bus","color":"#0059a9","colorDark":"#00294f","band":4,"off":[6.8,1.1]}},{"type":"Feature","geometry":{"type":"Point","coordinates":[16.485937,48.217527]},"properties":{"name":"Siegesplatz","band":4,"modes":"bus","arr":["N84","N91"],"off":[0,-0.8]}},{"type":"Feature","geometry":{"type":"Point","coordinates":[16.485937,48.217527]},"properties":{"line":"N84","mode":"bus","color":"#0059a9","colorDark":"#00294f","band":4,"off":[-1.7,1.1]}},{"type":"Feature","geometry":{"type":"Point","coordinates":[16.485937,48.217527]},"properties":{"line":"N91","mode":"bus","color":"#0059a9","colorDark":"#00294f","band":4,"off":[1.7,1.1]}},{"type":"Feature","geometry":{"type":"Point","coordinates":[16.54946,48.19984]},"properties":{"name":"Groß-Enzersdorf Busbahnhof","band":4,"modes":"bus","arr":["26A"],"off":[0,-0.8]}},{"type":"Feature","geometry":{"type":"Point","coordinates":[16.54946,48.19984]},"properties":{"line":"26A","mode":"bus","color":"#0059a9","colorDark":"#00294f","band":4,"off":[0,1.1]}},{"type":"Feature","geometry":{"type":"Point","coordinates":[16.539633,48.208566]},"properties":{"name":"Eßling, Stadtgrenze","band":4,"modes":"bus","arr":["88A","N20"],"off":[0,-0.8]}},{"type":"Feature","geometry":{"type":"Point","coordinates":[16.539633,48.208566]},"properties":{"line":"88A","mode":"bus","color":"#0059a9","colorDark":"#00294f","band":4,"off":[-1.7,1.1]}},{"type":"Feature","geometry":{"type":"Point","coordinates":[16.539633,48.208566]},"properties":{"line":"N20","mode":"bus","color":"#0059a9","colorDark":"#00294f","band":4,"off":[1.7,1.1]}},{"type":"Feature","geometry":{"type":"Point","coordinates":[16.436455,48.263078]},"properties":{"name":"Eipeldauer Straße","band":4,"modes":"bus","arr":["28A"],"off":[0,-0.8]}},{"type":"Feature","geometry":{"type":"Point","coordinates":[16.436455,48.263078]},"properties":{"line":"28A","mode":"bus","color":"#0059a9","colorDark":"#00294f","band":4,"off":[0,1.1]}},{"type":"Feature","geometry":{"type":"Point","coordinates":[16.474344,48.266956]},"properties":{"name":"Hermann-Gebauer-Straße","band":4,"modes":"bus","arr":["27A","87A"],"off":[0,-0.8]}},{"type":"Feature","geometry":{"type":"Point","coordinates":[16.474344,48.266956]},"properties":{"line":"27A","mode":"bus","color":"#0059a9","colorDark":"#00294f","band":4,"off":[-1.7,1.1]}},{"type":"Feature","geometry":{"type":"Point","coordinates":[16.474344,48.266956]},"properties":{"line":"87A","mode":"bus","color":"#0059a9","colorDark":"#00294f","band":4,"off":[1.7,1.1]}},{"type":"Feature","geometry":{"type":"Point","coordinates":[16.42645,48.257651]},"properties":{"name":"Satzingerweg","band":4,"modes":"bus","arr":["27B"],"off":[0,-0.8]}},{"type":"Feature","geometry":{"type":"Point","coordinates":[16.42645,48.257651]},"properties":{"line":"27B","mode":"bus","color":"#0059a9","colorDark":"#00294f","band":4,"off":[0,1.1]}},{"type":"Feature","geometry":{"type":"Point","coordinates":[16.501735,48.253003]},"properties":{"name":"Breitenlee Schule","band":4,"modes":"bus","arr":["28A","97A"],"off":[0,-0.8]}},{"type":"Feature","geometry":{"type":"Point","coordinates":[16.501735,48.253003]},"properties":{"line":"28A","mode":"bus","color":"#0059a9","colorDark":"#00294f","band":4,"off":[-1.7,1.1]}},{"type":"Feature","geometry":{"type":"Point","coordinates":[16.501735,48.253003]},"properties":{"line":"97A","mode":"bus","color":"#0059a9","colorDark":"#00294f","band":4,"off":[1.7,1.1]}},{"type":"Feature","geometry":{"type":"Point","coordinates":[16.400542,48.25595]},"properties":{"name":"Floridsdorf","band":4,"modes":"bus","arr":["29A","29B","33A","34A","N29","N30"],"off":[0,-0.8]}},{"type":"Feature","geometry":{"type":"Point","coordinates":[16.400542,48.25595]},"properties":{"line":"29A","mode":"bus","color":"#0059a9","colorDark":"#00294f","band":4,"off":[-6.8,1.1]}},{"type":"Feature","geometry":{"type":"Point","coordinates":[16.400542,48.25595]},"properties":{"line":"29B","mode":"bus","color":"#0059a9","colorDark":"#00294f","band":4,"off":[-3.4,1.1]}},{"type":"Feature","geometry":{"type":"Point","coordinates":[16.400542,48.25595]},"properties":{"line":"33A","mode":"bus","color":"#0059a9","colorDark":"#00294f","band":4,"off":[0,1.1]}},{"type":"Feature","geometry":{"type":"Point","coordinates":[16.400542,48.25595]},"properties":{"line":"34A","mode":"bus","color":"#0059a9","colorDark":"#00294f","band":4,"off":[3.4,1.1]}},{"type":"Feature","geometry":{"type":"Point","coordinates":[16.400542,48.25595]},"properties":{"line":"N29","mode":"bus","color":"#0059a9","colorDark":"#00294f","band":4,"off":[6.8,1.1]}},{"type":"Feature","geometry":{"type":"Point","coordinates":[16.400542,48.25595]},"properties":{"line":"N30","mode":"bus","color":"#0059a9","colorDark":"#00294f","band":4,"off":[0,3.1]}},{"type":"Feature","geometry":{"type":"Point","coordinates":[16.447514,48.270264]},"properties":{"name":"Großfeldsiedlung","band":4,"modes":"bus","arr":["29A","29B","N25"],"off":[0,-0.8]}},{"type":"Feature","geometry":{"type":"Point","coordinates":[16.447514,48.270264]},"properties":{"line":"29A","mode":"bus","color":"#0059a9","colorDark":"#00294f","band":4,"off":[-3.4,1.1]}},{"type":"Feature","geometry":{"type":"Point","coordinates":[16.447514,48.270264]},"properties":{"line":"29B","mode":"bus","color":"#0059a9","colorDark":"#00294f","band":4,"off":[0,1.1]}},{"type":"Feature","geometry":{"type":"Point","coordinates":[16.447514,48.270264]},"properties":{"line":"N25","mode":"bus","color":"#0059a9","colorDark":"#00294f","band":4,"off":[3.4,1.1]}},{"type":"Feature","geometry":{"type":"Point","coordinates":[16.376266,48.211887]},"properties":{"name":"Schwedenplatz","band":4,"modes":"bus","arr":["2A","N25","N31"],"off":[0,-0.8]}},{"type":"Feature","geometry":{"type":"Point","coordinates":[16.376266,48.211887]},"properties":{"line":"2A","mode":"bus","color":"#0059a9","colorDark":"#00294f","band":4,"off":[-3.4,1.1]}},{"type":"Feature","geometry":{"type":"Point","coordinates":[16.376266,48.211887]},"properties":{"line":"N25","mode":"bus","color":"#0059a9","colorDark":"#00294f","band":4,"off":[0,1.1]}},{"type":"Feature","geometry":{"type":"Point","coordinates":[16.376266,48.211887]},"properties":{"line":"N31","mode":"bus","color":"#0059a9","colorDark":"#00294f","band":4,"off":[3.4,1.1]}},{"type":"Feature","geometry":{"type":"Point","coordinates":[16.374072,48.201939]},"properties":{"name":"Schwarzenbergplatz","band":4,"modes":"bus","arr":["2A"],"off":[0,-0.8]}},{"type":"Feature","geometry":{"type":"Point","coordinates":[16.374072,48.201939]},"properties":{"line":"2A","mode":"bus","color":"#0059a9","colorDark":"#00294f","band":4,"off":[0,1.1]}},{"type":"Feature","geometry":{"type":"Point","coordinates":[16.426301,48.272918]},"properties":{"name":"Neu Leopoldau","band":4,"modes":"bus","arr":["30A","N30"],"off":[0,-0.8]}},{"type":"Feature","geometry":{"type":"Point","coordinates":[16.426301,48.272918]},"properties":{"line":"30A","mode":"bus","color":"#0059a9","colorDark":"#00294f","band":4,"off":[-1.7,1.1]}},{"type":"Feature","geometry":{"type":"Point","coordinates":[16.426301,48.272918]},"properties":{"line":"N30","mode":"bus","color":"#0059a9","colorDark":"#00294f","band":4,"off":[1.7,1.1]}},{"type":"Feature","geometry":{"type":"Point","coordinates":[16.416145,48.301105]},"properties":{"name":"Freiheitsplatz","band":4,"modes":"bus","arr":["30A"],"off":[0,-0.8]}},{"type":"Feature","geometry":{"type":"Point","coordinates":[16.416145,48.301105]},"properties":{"line":"30A","mode":"bus","color":"#0059a9","colorDark":"#00294f","band":4,"off":[0,1.1]}},{"type":"Feature","geometry":{"type":"Point","coordinates":[16.401189,48.279874]},"properties":{"name":"Großjedlersdorf, Jochbergengasse","band":4,"modes":"bus","arr":["31A"],"off":[0,-0.8]}},{"type":"Feature","geometry":{"type":"Point","coordinates":[16.401189,48.279874]},"properties":{"line":"31A","mode":"bus","color":"#0059a9","colorDark":"#00294f","band":4,"off":[0,1.1]}},{"type":"Feature","geometry":{"type":"Point","coordinates":[16.448659,48.277607]},"properties":{"name":"Leopoldau","band":4,"modes":"bus","arr":["32A","36B"],"off":[0,-0.8]}},{"type":"Feature","geometry":{"type":"Point","coordinates":[16.448659,48.277607]},"properties":{"line":"32A","mode":"bus","color":"#0059a9","colorDark":"#00294f","band":4,"off":[-1.7,1.1]}},{"type":"Feature","geometry":{"type":"Point","coordinates":[16.448659,48.277607]},"properties":{"line":"36B","mode":"bus","color":"#0059a9","colorDark":"#00294f","band":4,"off":[1.7,1.1]}},{"type":"Feature","geometry":{"type":"Point","coordinates":[16.381373,48.286214]},"properties":{"name":"Strebersdorf","band":4,"modes":"bus","arr":["32A"],"off":[0,-0.8]}},{"type":"Feature","geometry":{"type":"Point","coordinates":[16.381373,48.286214]},"properties":{"line":"32A","mode":"bus","color":"#0059a9","colorDark":"#00294f","band":4,"off":[0,1.1]}},{"type":"Feature","geometry":{"type":"Point","coordinates":[16.410728,48.249197]},"properties":{"name":"Mühlschüttel","band":4,"modes":"bus","arr":["33A"],"off":[0,-0.8]}},{"type":"Feature","geometry":{"type":"Point","coordinates":[16.410728,48.249197]},"properties":{"line":"33A","mode":"bus","color":"#0059a9","colorDark":"#00294f","band":4,"off":[0,1.1]}},{"type":"Feature","geometry":{"type":"Point","coordinates":[16.38034,48.269449]},"properties":{"name":"Jedlesee, Überfuhrstraße","band":4,"modes":"bus","arr":["34A"],"off":[0,-0.8]}},{"type":"Feature","geometry":{"type":"Point","coordinates":[16.38034,48.269449]},"properties":{"line":"34A","mode":"bus","color":"#0059a9","colorDark":"#00294f","band":4,"off":[0,1.1]}},{"type":"Feature","geometry":{"type":"Point","coordinates":[16.357766,48.23304]},"properties":{"name":"Spittelau","band":4,"modes":"bus","arr":["35A","N35"],"off":[0,-0.8]}},{"type":"Feature","geometry":{"type":"Point","coordinates":[16.357766,48.23304]},"properties":{"line":"35A","mode":"bus","color":"#0059a9","colorDark":"#00294f","band":4,"off":[-1.7,1.1]}},{"type":"Feature","geometry":{"type":"Point","coordinates":[16.357766,48.23304]},"properties":{"line":"N35","mode":"bus","color":"#0059a9","colorDark":"#00294f","band":4,"off":[1.7,1.1]}},{"type":"Feature","geometry":{"type":"Point","coordinates":[16.293437,48.252137]},"properties":{"name":"Salmannsdorf","band":4,"modes":"bus","arr":["35A","N35"],"off":[0,-0.8]}},{"type":"Feature","geometry":{"type":"Point","coordinates":[16.293437,48.252137]},"properties":{"line":"35A","mode":"bus","color":"#0059a9","colorDark":"#00294f","band":4,"off":[-1.7,1.1]}},{"type":"Feature","geometry":{"type":"Point","coordinates":[16.293437,48.252137]},"properties":{"line":"N35","mode":"bus","color":"#0059a9","colorDark":"#00294f","band":4,"off":[1.7,1.1]}},{"type":"Feature","geometry":{"type":"Point","coordinates":[16.306665,48.250522]},"properties":{"name":"Neustift, Agnesgasse","band":4,"modes":"bus","arr":["43B"],"off":[0,-0.8]}},{"type":"Feature","geometry":{"type":"Point","coordinates":[16.306665,48.250522]},"properties":{"line":"43B","mode":"bus","color":"#0059a9","colorDark":"#00294f","band":4,"off":[0,1.1]}},{"type":"Feature","geometry":{"type":"Point","coordinates":[16.353083,48.231523]},"properties":{"name":"Nußdorfer Straße","band":4,"modes":"bus","arr":["37A","N36"],"off":[0,-0.8]}},{"type":"Feature","geometry":{"type":"Point","coordinates":[16.353083,48.231523]},"properties":{"line":"37A","mode":"bus","color":"#0059a9","colorDark":"#00294f","band":4,"off":[-1.7,1.1]}},{"type":"Feature","geometry":{"type":"Point","coordinates":[16.353083,48.231523]},"properties":{"line":"N36","mode":"bus","color":"#0059a9","colorDark":"#00294f","band":4,"off":[1.7,1.1]}},{"type":"Feature","geometry":{"type":"Point","coordinates":[16.386756,48.263065]},"properties":{"name":"Jedlesee, Bellgasse","band":4,"modes":"bus","arr":["36A","36B"],"off":[0,-0.8]}},{"type":"Feature","geometry":{"type":"Point","coordinates":[16.386756,48.263065]},"properties":{"line":"36A","mode":"bus","color":"#0059a9","colorDark":"#00294f","band":4,"off":[-1.7,1.1]}},{"type":"Feature","geometry":{"type":"Point","coordinates":[16.386756,48.263065]},"properties":{"line":"36B","mode":"bus","color":"#0059a9","colorDark":"#00294f","band":4,"off":[1.7,1.1]}},{"type":"Feature","geometry":{"type":"Point","coordinates":[16.412135,48.280188]},"properties":{"name":"Carabelligasse","band":4,"modes":"bus","arr":["36A"],"off":[0,-0.8]}},{"type":"Feature","geometry":{"type":"Point","coordinates":[16.412135,48.280188]},"properties":{"line":"36A","mode":"bus","color":"#0059a9","colorDark":"#00294f","band":4,"off":[0,1.1]}},{"type":"Feature","geometry":{"type":"Point","coordinates":[16.388836,48.236164]},"properties":{"name":"Brigittenauer Brücke","band":4,"modes":"bus","arr":["37A"],"off":[0,-0.8]}},{"type":"Feature","geometry":{"type":"Point","coordinates":[16.388836,48.236164]},"properties":{"line":"37A","mode":"bus","color":"#0059a9","colorDark":"#00294f","band":4,"off":[0,1.1]}},{"type":"Feature","geometry":{"type":"Point","coordinates":[16.336266,48.276089]},"properties":{"name":"Kahlenberg","band":4,"modes":"bus","arr":["38A"],"off":[0,-0.8]}},{"type":"Feature","geometry":{"type":"Point","coordinates":[16.336266,48.276089]},"properties":{"line":"38A","mode":"bus","color":"#0059a9","colorDark":"#00294f","band":4,"off":[0,1.1]}},{"type":"Feature","geometry":{"type":"Point","coordinates":[16.362543,48.259448]},"properties":{"name":"Nußdorf, Beethovengang","band":4,"modes":"bus","arr":["38B"],"off":[0,-0.8]}},{"type":"Feature","geometry":{"type":"Point","coordinates":[16.362543,48.259448]},"properties":{"line":"38B","mode":"bus","color":"#0059a9","colorDark":"#00294f","band":4,"off":[0,1.1]}},{"type":"Feature","geometry":{"type":"Point","coordinates":[16.346397,48.260025]},"properties":{"name":"Heiligenstädter Friedhof","band":4,"modes":"bus","arr":["38B"],"off":[0,-0.8]}},{"type":"Feature","geometry":{"type":"Point","coordinates":[16.346397,48.260025]},"properties":{"line":"38B","mode":"bus","color":"#0059a9","colorDark":"#00294f","band":4,"off":[0,1.1]}},{"type":"Feature","geometry":{"type":"Point","coordinates":[16.317119,48.254213]},"properties":{"name":"Sievering","band":4,"modes":"bus","arr":["39A"],"off":[0,-0.8]}},{"type":"Feature","geometry":{"type":"Point","coordinates":[16.317119,48.254213]},"properties":{"line":"39A","mode":"bus","color":"#0059a9","colorDark":"#00294f","band":4,"off":[0,1.1]}},{"type":"Feature","geometry":{"type":"Point","coordinates":[16.323457,48.251067]},"properties":{"name":"Karthäuserstraße","band":4,"modes":"bus","arr":["39B"],"off":[0,-0.8]}},{"type":"Feature","geometry":{"type":"Point","coordinates":[16.323457,48.251067]},"properties":{"line":"39B","mode":"bus","color":"#0059a9","colorDark":"#00294f","band":4,"off":[0,1.1]}},{"type":"Feature","geometry":{"type":"Point","coordinates":[16.321435,48.249158]},"properties":{"name":"Sieveringer Friedhof","band":4,"modes":"bus","arr":["39B"],"off":[0,-0.8]}},{"type":"Feature","geometry":{"type":"Point","coordinates":[16.321435,48.249158]},"properties":{"line":"39B","mode":"bus","color":"#0059a9","colorDark":"#00294f","band":4,"off":[0,1.1]}},{"type":"Feature","geometry":{"type":"Point","coordinates":[16.370477,48.216705]},"properties":{"name":"Schottenring","band":4,"modes":"bus","arr":["3A"],"off":[0,-0.8]}},{"type":"Feature","geometry":{"type":"Point","coordinates":[16.370477,48.216705]},"properties":{"line":"3A","mode":"bus","color":"#0059a9","colorDark":"#00294f","band":4,"off":[0,1.1]}},{"type":"Feature","geometry":{"type":"Point","coordinates":[16.379909,48.2073]},"properties":{"name":"Stubentor U","band":4,"modes":"bus","arr":["3A","74A"],"off":[0,-0.8]}},{"type":"Feature","geometry":{"type":"Point","coordinates":[16.379909,48.2073]},"properties":{"line":"3A","mode":"bus","color":"#0059a9","colorDark":"#00294f","band":4,"off":[-1.7,1.1]}},{"type":"Feature","geometry":{"type":"Point","coordinates":[16.379909,48.2073]},"properties":{"line":"74A","mode":"bus","color":"#0059a9","colorDark":"#00294f","band":4,"off":[1.7,1.1]}},{"type":"Feature","geometry":{"type":"Point","coordinates":[16.364418,48.215306]},"properties":{"name":"Schottentor","band":4,"modes":"bus","arr":["40A"],"off":[0,-0.8]}},{"type":"Feature","geometry":{"type":"Point","coordinates":[16.364418,48.215306]},"properties":{"line":"40A","mode":"bus","color":"#0059a9","colorDark":"#00294f","band":4,"off":[0,1.1]}},{"type":"Feature","geometry":{"type":"Point","coordinates":[16.326077,48.240015]},"properties":{"name":"Döblinger Friedhof/Felix-Dahn-Straße","band":4,"modes":"bus","arr":["40A"],"off":[0,-0.8]}},{"type":"Feature","geometry":{"type":"Point","coordinates":[16.326077,48.240015]},"properties":{"line":"40A","mode":"bus","color":"#0059a9","colorDark":"#00294f","band":4,"off":[0,1.1]}},{"type":"Feature","geometry":{"type":"Point","coordinates":[16.310371,48.241411]},"properties":{"name":"Pötzleinsdorf","band":4,"modes":"bus","arr":["41A","N41"],"off":[0,-0.8]}},{"type":"Feature","geometry":{"type":"Point","coordinates":[16.310371,48.241411]},"properties":{"line":"41A","mode":"bus","color":"#0059a9","colorDark":"#00294f","band":4,"off":[-1.7,1.1]}},{"type":"Feature","geometry":{"type":"Point","coordinates":[16.310371,48.241411]},"properties":{"line":"N41","mode":"bus","color":"#0059a9","colorDark":"#00294f","band":4,"off":[1.7,1.1]}},{"type":"Feature","geometry":{"type":"Point","coordinates":[16.298458,48.246803]},"properties":{"name":"Neustifter Friedhof 3.Tor","band":4,"modes":"bus","arr":["41A"],"off":[0,-0.8]}},{"type":"Feature","geometry":{"type":"Point","coordinates":[16.298458,48.246803]},"properties":{"line":"41A","mode":"bus","color":"#0059a9","colorDark":"#00294f","band":4,"off":[0,1.1]}},{"type":"Feature","geometry":{"type":"Point","coordinates":[16.315,48.222913]},"properties":{"name":"Hernals","band":4,"modes":"bus","arr":["42A","44A"],"off":[0,-0.8]}},{"type":"Feature","geometry":{"type":"Point","coordinates":[16.315,48.222913]},"properties":{"line":"42A","mode":"bus","color":"#0059a9","colorDark":"#00294f","band":4,"off":[-1.7,1.1]}},{"type":"Feature","geometry":{"type":"Point","coordinates":[16.315,48.222913]},"properties":{"line":"44A","mode":"bus","color":"#0059a9","colorDark":"#00294f","band":4,"off":[1.7,1.1]}},{"type":"Feature","geometry":{"type":"Point","coordinates":[16.297683,48.237874]},"properties":{"name":"Schafberghöhe","band":4,"modes":"bus","arr":["42A"],"off":[0,-0.8]}},{"type":"Feature","geometry":{"type":"Point","coordinates":[16.297683,48.237874]},"properties":{"line":"42A","mode":"bus","color":"#0059a9","colorDark":"#00294f","band":4,"off":[0,1.1]}},{"type":"Feature","geometry":{"type":"Point","coordinates":[16.320916,48.221714]},"properties":{"name":"Hernals, Wattgasse","band":4,"modes":"bus","arr":["43A"],"off":[0,-0.8]}},{"type":"Feature","geometry":{"type":"Point","coordinates":[16.320916,48.221714]},"properties":{"line":"43A","mode":"bus","color":"#0059a9","colorDark":"#00294f","band":4,"off":[0,1.1]}},{"type":"Feature","geometry":{"type":"Point","coordinates":[16.290544,48.234273]},"properties":{"name":"Neuwaldegg","band":4,"modes":"bus","arr":["43A","N43"],"off":[0,-0.8]}},{"type":"Feature","geometry":{"type":"Point","coordinates":[16.290544,48.234273]},"properties":{"line":"43A","mode":"bus","color":"#0059a9","colorDark":"#00294f","band":4,"off":[-1.7,1.1]}},{"type":"Feature","geometry":{"type":"Point","coordinates":[16.290544,48.234273]},"properties":{"line":"N43","mode":"bus","color":"#0059a9","colorDark":"#00294f","band":4,"off":[1.7,1.1]}},{"type":"Feature","geometry":{"type":"Point","coordinates":[16.307485,48.226117]},"properties":{"name":"Dornbach","band":4,"modes":"bus","arr":["43A","44B"],"off":[0,-0.8]}},{"type":"Feature","geometry":{"type":"Point","coordinates":[16.307485,48.226117]},"properties":{"line":"43A","mode":"bus","color":"#0059a9","colorDark":"#00294f","band":4,"off":[-1.7,1.1]}},{"type":"Feature","geometry":{"type":"Point","coordinates":[16.307485,48.226117]},"properties":{"line":"44B","mode":"bus","color":"#0059a9","colorDark":"#00294f","band":4,"off":[1.7,1.1]}},{"type":"Feature","geometry":{"type":"Point","coordinates":[16.261029,48.197873]},"properties":{"name":"Hütteldorf","band":4,"modes":"bus","arr":["43B","47B","49A","50A","50B","52A","52B","53A"],"off":[0,-0.8]}},{"type":"Feature","geometry":{"type":"Point","coordinates":[16.261029,48.197873]},"properties":{"line":"43B","mode":"bus","color":"#0059a9","colorDark":"#00294f","band":4,"off":[-6.8,1.1]}},{"type":"Feature","geometry":{"type":"Point","coordinates":[16.261029,48.197873]},"properties":{"line":"47B","mode":"bus","color":"#0059a9","colorDark":"#00294f","band":4,"off":[-3.4,1.1]}},{"type":"Feature","geometry":{"type":"Point","coordinates":[16.261029,48.197873]},"properties":{"line":"49A","mode":"bus","color":"#0059a9","colorDark":"#00294f","band":4,"off":[0,1.1]}},{"type":"Feature","geometry":{"type":"Point","coordinates":[16.261029,48.197873]},"properties":{"line":"50A","mode":"bus","color":"#0059a9","colorDark":"#00294f","band":4,"off":[3.4,1.1]}},{"type":"Feature","geometry":{"type":"Point","coordinates":[16.261029,48.197873]},"properties":{"line":"50B","mode":"bus","color":"#0059a9","colorDark":"#00294f","band":4,"off":[6.8,1.1]}},{"type":"Feature","geometry":{"type":"Point","coordinates":[16.261029,48.197873]},"properties":{"line":"52A","mode":"bus","color":"#0059a9","colorDark":"#00294f","band":4,"off":[-3.4,3.1]}},{"type":"Feature","geometry":{"type":"Point","coordinates":[16.261029,48.197873]},"properties":{"line":"52B","mode":"bus","color":"#0059a9","colorDark":"#00294f","band":4,"off":[0,3.1]}},{"type":"Feature","geometry":{"type":"Point","coordinates":[16.261029,48.197873]},"properties":{"line":"53A","mode":"bus","color":"#0059a9","colorDark":"#00294f","band":4,"off":[3.4,3.1]}},{"type":"Feature","geometry":{"type":"Point","coordinates":[16.281805,48.231277]},"properties":{"name":"Mitterberg","band":4,"modes":"bus","arr":["44A"],"off":[0,-0.8]}},{"type":"Feature","geometry":{"type":"Point","coordinates":[16.281805,48.231277]},"properties":{"line":"44A","mode":"bus","color":"#0059a9","colorDark":"#00294f","band":4,"off":[0,1.1]}},{"type":"Feature","geometry":{"type":"Point","coordinates":[16.289508,48.222411]},"properties":{"name":"Predigtstuhl","band":4,"modes":"bus","arr":["44B"],"off":[0,-0.8]}},{"type":"Feature","geometry":{"type":"Point","coordinates":[16.289508,48.222411]},"properties":{"line":"44B","mode":"bus","color":"#0059a9","colorDark":"#00294f","band":4,"off":[0,1.1]}},{"type":"Feature","geometry":{"type":"Point","coordinates":[16.310424,48.210749]},"properties":{"name":"Ottakring","band":4,"modes":"bus","arr":["45A","46A","46B"],"off":[0,-0.8]}},{"type":"Feature","geometry":{"type":"Point","coordinates":[16.310424,48.210749]},"properties":{"line":"45A","mode":"bus","color":"#0059a9","colorDark":"#00294f","band":4,"off":[-3.4,1.1]}},{"type":"Feature","geometry":{"type":"Point","coordinates":[16.310424,48.210749]},"properties":{"line":"46A","mode":"bus","color":"#0059a9","colorDark":"#00294f","band":4,"off":[0,1.1]}},{"type":"Feature","geometry":{"type":"Point","coordinates":[16.310424,48.210749]},"properties":{"line":"46B","mode":"bus","color":"#0059a9","colorDark":"#00294f","band":4,"off":[3.4,1.1]}},{"type":"Feature","geometry":{"type":"Point","coordinates":[16.291807,48.215574]},"properties":{"name":"Liebhartstal","band":4,"modes":"bus","arr":["45A"],"off":[0,-0.8]}},{"type":"Feature","geometry":{"type":"Point","coordinates":[16.291807,48.215574]},"properties":{"line":"45A","mode":"bus","color":"#0059a9","colorDark":"#00294f","band":4,"off":[0,1.1]}},{"type":"Feature","geometry":{"type":"Point","coordinates":[16.283974,48.219891]},"properties":{"name":"Wilhelminenberg","band":4,"modes":"bus","arr":["46A","46B"],"off":[0,-0.8]}},{"type":"Feature","geometry":{"type":"Point","coordinates":[16.283974,48.219891]},"properties":{"line":"46A","mode":"bus","color":"#0059a9","colorDark":"#00294f","band":4,"off":[-1.7,1.1]}},{"type":"Feature","geometry":{"type":"Point","coordinates":[16.283974,48.219891]},"properties":{"line":"46B","mode":"bus","color":"#0059a9","colorDark":"#00294f","band":4,"off":[1.7,1.1]}},{"type":"Feature","geometry":{"type":"Point","coordinates":[16.287085,48.191602]},"properties":{"name":"Unter St. Veit","band":4,"modes":"bus","arr":["47A"],"off":[0,-0.8]}},{"type":"Feature","geometry":{"type":"Point","coordinates":[16.287085,48.191602]},"properties":{"line":"47A","mode":"bus","color":"#0059a9","colorDark":"#00294f","band":4,"off":[0,1.1]}},{"type":"Feature","geometry":{"type":"Point","coordinates":[16.273062,48.205366]},"properties":{"name":"Klinik Penzing","band":4,"modes":"bus","arr":["47A","48A"],"off":[0,-0.8]}},{"type":"Feature","geometry":{"type":"Point","coordinates":[16.273062,48.205366]},"properties":{"line":"47A","mode":"bus","color":"#0059a9","colorDark":"#00294f","band":4,"off":[-1.7,1.1]}},{"type":"Feature","geometry":{"type":"Point","coordinates":[16.273062,48.205366]},"properties":{"line":"48A","mode":"bus","color":"#0059a9","colorDark":"#00294f","band":4,"off":[1.7,1.1]}},{"type":"Feature","geometry":{"type":"Point","coordinates":[16.280395,48.20663]},"properties":{"name":"Otto-Wagner-Areal","band":4,"modes":"bus","arr":["N46"],"off":[0,-0.8]}},{"type":"Feature","geometry":{"type":"Point","coordinates":[16.280395,48.20663]},"properties":{"line":"N46","mode":"bus","color":"#0059a9","colorDark":"#00294f","band":4,"off":[0,1.1]}},{"type":"Feature","geometry":{"type":"Point","coordinates":[16.276384,48.192082]},"properties":{"name":"Ober St. Veit","band":4,"modes":"bus","arr":["54A","54B","N54"],"off":[0,-0.8]}},{"type":"Feature","geometry":{"type":"Point","coordinates":[16.276384,48.192082]},"properties":{"line":"54A","mode":"bus","color":"#0059a9","colorDark":"#00294f","band":4,"off":[-3.4,1.1]}},{"type":"Feature","geometry":{"type":"Point","coordinates":[16.276384,48.192082]},"properties":{"line":"54B","mode":"bus","color":"#0059a9","colorDark":"#00294f","band":4,"off":[0,1.1]}},{"type":"Feature","geometry":{"type":"Point","coordinates":[16.276384,48.192082]},"properties":{"line":"N54","mode":"bus","color":"#0059a9","colorDark":"#00294f","band":4,"off":[3.4,1.1]}},{"type":"Feature","geometry":{"type":"Point","coordinates":[16.261631,48.208749]},"properties":{"name":"Hüttelberg","band":4,"modes":"bus","arr":["47B"],"off":[0,-0.8]}},{"type":"Feature","geometry":{"type":"Point","coordinates":[16.261631,48.208749]},"properties":{"line":"47B","mode":"bus","color":"#0059a9","colorDark":"#00294f","band":4,"off":[0,1.1]}},{"type":"Feature","geometry":{"type":"Point","coordinates":[16.359601,48.206772]},"properties":{"name":"Ring/Volkstheater","band":4,"modes":"tram,bus","arr":["46","48A","49"],"off":[0,-0.8]}},{"type":"Feature","geometry":{"type":"Point","coordinates":[16.359601,48.206772]},"properties":{"line":"46","mode":"tram","color":"#d6212b","colorDark":"#7c1116","band":4,"off":[-3.4,1.1]}},{"type":"Feature","geometry":{"type":"Point","coordinates":[16.359601,48.206772]},"properties":{"line":"48A","mode":"bus","color":"#0059a9","colorDark":"#00294f","band":4,"off":[0,1.1]}},{"type":"Feature","geometry":{"type":"Point","coordinates":[16.359601,48.206772]},"properties":{"line":"49","mode":"tram","color":"#d6212b","colorDark":"#7c1116","band":4,"off":[3.4,1.1]}},{"type":"Feature","geometry":{"type":"Point","coordinates":[16.305177,48.209322]},"properties":{"name":"Joachimsthalerplatz","band":4,"modes":"bus","arr":["N46"],"off":[0,-0.8]}},{"type":"Feature","geometry":{"type":"Point","coordinates":[16.305177,48.209322]},"properties":{"line":"N46","mode":"bus","color":"#0059a9","colorDark":"#00294f","band":4,"off":[0,1.1]}},{"type":"Feature","geometry":{"type":"Point","coordinates":[16.228148,48.216633]},"properties":{"name":"Wolfersberg, Schöffelplatz","band":4,"modes":"bus","arr":["49A"],"off":[0,-0.8]}},{"type":"Feature","geometry":{"type":"Point","coordinates":[16.228148,48.216633]},"properties":{"line":"49A","mode":"bus","color":"#0059a9","colorDark":"#00294f","band":4,"off":[0,1.1]}},{"type":"Feature","geometry":{"type":"Point","coordinates":[16.197814,48.231519]},"properties":{"name":"Vorderhainbach/Augustinerwaldgasse","band":4,"modes":"bus","arr":["49B"],"off":[0,-0.8]}},{"type":"Feature","geometry":{"type":"Point","coordinates":[16.197814,48.231519]},"properties":{"line":"49B","mode":"bus","color":"#0059a9","colorDark":"#00294f","band":4,"off":[0,1.1]}},{"type":"Feature","geometry":{"type":"Point","coordinates":[16.218915,48.248893]},"properties":{"name":"Hinterhainbach","band":4,"modes":"bus","arr":["49B"],"off":[0,-0.8]}},{"type":"Feature","geometry":{"type":"Point","coordinates":[16.218915,48.248893]},"properties":{"line":"49B","mode":"bus","color":"#0059a9","colorDark":"#00294f","band":4,"off":[0,1.1]}},{"type":"Feature","geometry":{"type":"Point","coordinates":[16.369717,48.200355]},"properties":{"name":"Karlsplatz","band":4,"modes":"bus","arr":["4A"],"off":[0,-0.8]}},{"type":"Feature","geometry":{"type":"Point","coordinates":[16.369717,48.200355]},"properties":{"line":"4A","mode":"bus","color":"#0059a9","colorDark":"#00294f","band":4,"off":[0,1.1]}},{"type":"Feature","geometry":{"type":"Point","coordinates":[16.398901,48.206353]},"properties":{"name":"Wittelsbachstraße","band":4,"modes":"bus","arr":["4A","N29"],"off":[0,-0.8]}},{"type":"Feature","geometry":{"type":"Point","coordinates":[16.398901,48.206353]},"properties":{"line":"4A","mode":"bus","color":"#0059a9","colorDark":"#00294f","band":4,"off":[-1.7,1.1]}},{"type":"Feature","geometry":{"type":"Point","coordinates":[16.398901,48.206353]},"properties":{"line":"N29","mode":"bus","color":"#0059a9","colorDark":"#00294f","band":4,"off":[1.7,1.1]}},{"type":"Feature","geometry":{"type":"Point","coordinates":[16.217713,48.207669]},"properties":{"name":"Auhof","band":4,"modes":"bus","arr":["50A","50B"],"off":[0,-0.8]}},{"type":"Feature","geometry":{"type":"Point","coordinates":[16.217713,48.207669]},"properties":{"line":"50A","mode":"bus","color":"#0059a9","colorDark":"#00294f","band":4,"off":[-1.7,1.1]}},{"type":"Feature","geometry":{"type":"Point","coordinates":[16.217713,48.207669]},"properties":{"line":"50B","mode":"bus","color":"#0059a9","colorDark":"#00294f","band":4,"off":[1.7,1.1]}},{"type":"Feature","geometry":{"type":"Point","coordinates":[16.21486,48.209507]},"properties":{"name":"Herzmanskystraße","band":4,"modes":"bus","arr":["N49"],"off":[0,-0.8]}},{"type":"Feature","geometry":{"type":"Point","coordinates":[16.21486,48.209507]},"properties":{"line":"N49","mode":"bus","color":"#0059a9","colorDark":"#00294f","band":4,"off":[0,1.1]}},{"type":"Feature","geometry":{"type":"Point","coordinates":[16.30406,48.188431]},"properties":{"name":"Hietzing","band":4,"modes":"bus","arr":["51A","51B","56A","56B","58A","58B","N60"],"off":[0,-0.8]}},{"type":"Feature","geometry":{"type":"Point","coordinates":[16.30406,48.188431]},"properties":{"line":"51A","mode":"bus","color":"#0059a9","colorDark":"#00294f","band":4,"off":[-6.8,1.1]}},{"type":"Feature","geometry":{"type":"Point","coordinates":[16.30406,48.188431]},"properties":{"line":"51B","mode":"bus","color":"#0059a9","colorDark":"#00294f","band":4,"off":[-3.4,1.1]}},{"type":"Feature","geometry":{"type":"Point","coordinates":[16.30406,48.188431]},"properties":{"line":"56A","mode":"bus","color":"#0059a9","colorDark":"#00294f","band":4,"off":[0,1.1]}},{"type":"Feature","geometry":{"type":"Point","coordinates":[16.30406,48.188431]},"properties":{"line":"56B","mode":"bus","color":"#0059a9","colorDark":"#00294f","band":4,"off":[3.4,1.1]}},{"type":"Feature","geometry":{"type":"Point","coordinates":[16.30406,48.188431]},"properties":{"line":"58A","mode":"bus","color":"#0059a9","colorDark":"#00294f","band":4,"off":[6.8,1.1]}},{"type":"Feature","geometry":{"type":"Point","coordinates":[16.30406,48.188431]},"properties":{"line":"58B","mode":"bus","color":"#0059a9","colorDark":"#00294f","band":4,"off":[-1.7,3.1]}},{"type":"Feature","geometry":{"type":"Point","coordinates":[16.30406,48.188431]},"properties":{"line":"N60","mode":"bus","color":"#0059a9","colorDark":"#00294f","band":4,"off":[1.7,3.1]}},{"type":"Feature","geometry":{"type":"Point","coordinates":[16.289029,48.211255]},"properties":{"name":"Ottakringer Bad","band":4,"modes":"bus","arr":["51A"],"off":[0,-0.8]}},{"type":"Feature","geometry":{"type":"Point","coordinates":[16.289029,48.211255]},"properties":{"line":"51A","mode":"bus","color":"#0059a9","colorDark":"#00294f","band":4,"off":[0,1.1]}},{"type":"Feature","geometry":{"type":"Point","coordinates":[16.293736,48.198748]},"properties":{"name":"Hanusch-Krankenhaus","band":4,"modes":"bus","arr":["51B"],"off":[0,-0.8]}},{"type":"Feature","geometry":{"type":"Point","coordinates":[16.293736,48.198748]},"properties":{"line":"51B","mode":"bus","color":"#0059a9","colorDark":"#00294f","band":4,"off":[0,1.1]}},{"type":"Feature","geometry":{"type":"Point","coordinates":[16.246322,48.223912]},"properties":{"name":"Jägerwaldsiedlung","band":4,"modes":"bus","arr":["52A"],"off":[0,-0.8]}},{"type":"Feature","geometry":{"type":"Point","coordinates":[16.246322,48.223912]},"properties":{"line":"52A","mode":"bus","color":"#0059a9","colorDark":"#00294f","band":4,"off":[0,1.1]}},{"type":"Feature","geometry":{"type":"Point","coordinates":[16.261796,48.218038]},"properties":{"name":"Siedlung Kordon","band":4,"modes":"bus","arr":["52B"],"off":[0,-0.8]}},{"type":"Feature","geometry":{"type":"Point","coordinates":[16.261796,48.218038]},"properties":{"line":"52B","mode":"bus","color":"#0059a9","colorDark":"#00294f","band":4,"off":[0,1.1]}},{"type":"Feature","geometry":{"type":"Point","coordinates":[16.260861,48.180525]},"properties":{"name":"Stock im Weg","band":4,"modes":"bus","arr":["53A"],"off":[0,-0.8]}},{"type":"Feature","geometry":{"type":"Point","coordinates":[16.260861,48.180525]},"properties":{"line":"53A","mode":"bus","color":"#0059a9","colorDark":"#00294f","band":4,"off":[0,1.1]}},{"type":"Feature","geometry":{"type":"Point","coordinates":[16.264688,48.174425]},"properties":{"name":"Hörndlwald","band":4,"modes":"bus","arr":["54A"],"off":[0,-0.8]}},{"type":"Feature","geometry":{"type":"Point","coordinates":[16.264688,48.174425]},"properties":{"line":"54A","mode":"bus","color":"#0059a9","colorDark":"#00294f","band":4,"off":[0,1.1]}},{"type":"Feature","geometry":{"type":"Point","coordinates":[16.254254,48.176667]},"properties":{"name":"St. Veiter Tor","band":4,"modes":"bus","arr":["54B"],"off":[0,-0.8]}},{"type":"Feature","geometry":{"type":"Point","coordinates":[16.254254,48.176667]},"properties":{"line":"54B","mode":"bus","color":"#0059a9","colorDark":"#00294f","band":4,"off":[0,1.1]}},{"type":"Feature","geometry":{"type":"Point","coordinates":[16.291396,48.175555]},"properties":{"name":"Küniglberg/ORF-Zentrum","band":4,"modes":"bus","arr":["8A"],"off":[0,-0.8]}},{"type":"Feature","geometry":{"type":"Point","coordinates":[16.291396,48.175555]},"properties":{"line":"8A","mode":"bus","color":"#0059a9","colorDark":"#00294f","band":4,"off":[0,1.1]}},{"type":"Feature","geometry":{"type":"Point","coordinates":[16.288971,48.148192]},"properties":{"name":"Atzgersdorf","band":4,"modes":"bus","arr":["56A","58A","58B"],"off":[0,-0.8]}},{"type":"Feature","geometry":{"type":"Point","coordinates":[16.288971,48.148192]},"properties":{"line":"56A","mode":"bus","color":"#0059a9","colorDark":"#00294f","band":4,"off":[-3.4,1.1]}},{"type":"Feature","geometry":{"type":"Point","coordinates":[16.288971,48.148192]},"properties":{"line":"58A","mode":"bus","color":"#0059a9","colorDark":"#00294f","band":4,"off":[0,1.1]}},{"type":"Feature","geometry":{"type":"Point","coordinates":[16.288971,48.148192]},"properties":{"line":"58B","mode":"bus","color":"#0059a9","colorDark":"#00294f","band":4,"off":[3.4,1.1]}},{"type":"Feature","geometry":{"type":"Point","coordinates":[16.25711,48.166919]},"properties":{"name":"Lainzer Tor","band":4,"modes":"bus","arr":["56B","N62"],"off":[0,-0.8]}},{"type":"Feature","geometry":{"type":"Point","coordinates":[16.25711,48.166919]},"properties":{"line":"56B","mode":"bus","color":"#0059a9","colorDark":"#00294f","band":4,"off":[-1.7,1.1]}},{"type":"Feature","geometry":{"type":"Point","coordinates":[16.25711,48.166919]},"properties":{"line":"N62","mode":"bus","color":"#0059a9","colorDark":"#00294f","band":4,"off":[1.7,1.1]}},{"type":"Feature","geometry":{"type":"Point","coordinates":[16.363895,48.203544]},"properties":{"name":"Burgring","band":4,"modes":"bus","arr":["57A"],"off":[0,-0.8]}},{"type":"Feature","geometry":{"type":"Point","coordinates":[16.363895,48.203544]},"properties":{"line":"57A","mode":"bus","color":"#0059a9","colorDark":"#00294f","band":4,"off":[0,1.1]}},{"type":"Feature","geometry":{"type":"Point","coordinates":[16.322574,48.190104]},"properties":{"name":"Rudolfsheim, Anschützgasse","band":4,"modes":"bus","arr":["57A"],"off":[0,-0.8]}},{"type":"Feature","geometry":{"type":"Point","coordinates":[16.322574,48.190104]},"properties":{"line":"57A","mode":"bus","color":"#0059a9","colorDark":"#00294f","band":4,"off":[0,1.1]}},{"type":"Feature","geometry":{"type":"Point","coordinates":[16.368749,48.202383]},"properties":{"name":"Oper/Karlsplatz","band":4,"modes":"bus","arr":["59A","N46","N62","N71","N75"],"off":[0,-0.8]}},{"type":"Feature","geometry":{"type":"Point","coordinates":[16.368749,48.202383]},"properties":{"line":"59A","mode":"bus","color":"#0059a9","colorDark":"#00294f","band":4,"off":[-6.8,1.1]}},{"type":"Feature","geometry":{"type":"Point","coordinates":[16.368749,48.202383]},"properties":{"line":"N46","mode":"bus","color":"#0059a9","colorDark":"#00294f","band":4,"off":[-3.4,1.1]}},{"type":"Feature","geometry":{"type":"Point","coordinates":[16.368749,48.202383]},"properties":{"line":"N62","mode":"bus","color":"#0059a9","colorDark":"#00294f","band":4,"off":[0,1.1]}},{"type":"Feature","geometry":{"type":"Point","coordinates":[16.368749,48.202383]},"properties":{"line":"N71","mode":"bus","color":"#0059a9","colorDark":"#00294f","band":4,"off":[3.4,1.1]}},{"type":"Feature","geometry":{"type":"Point","coordinates":[16.368749,48.202383]},"properties":{"line":"N75","mode":"bus","color":"#0059a9","colorDark":"#00294f","band":4,"off":[6.8,1.1]}},{"type":"Feature","geometry":{"type":"Point","coordinates":[16.331803,48.175099]},"properties":{"name":"Meidling","band":4,"modes":"bus","arr":["59A","9A"],"off":[0,-0.8]}},{"type":"Feature","geometry":{"type":"Point","coordinates":[16.331803,48.175099]},"properties":{"line":"59A","mode":"bus","color":"#0059a9","colorDark":"#00294f","band":4,"off":[-1.7,1.1]}},{"type":"Feature","geometry":{"type":"Point","coordinates":[16.331803,48.175099]},"properties":{"line":"9A","mode":"bus","color":"#0059a9","colorDark":"#00294f","band":4,"off":[1.7,1.1]}},{"type":"Feature","geometry":{"type":"Point","coordinates":[16.384187,48.214871]},"properties":{"name":"Nestroyplatz","band":4,"modes":"bus","arr":["5A"],"off":[0,-0.8]}},{"type":"Feature","geometry":{"type":"Point","coordinates":[16.384187,48.214871]},"properties":{"line":"5A","mode":"bus","color":"#0059a9","colorDark":"#00294f","band":4,"off":[0,1.1]}},{"type":"Feature","geometry":{"type":"Point","coordinates":[16.375346,48.249382]},"properties":{"name":"Griegstraße","band":4,"modes":"bus","arr":["5A"],"off":[0,-0.8]}},{"type":"Feature","geometry":{"type":"Point","coordinates":[16.375346,48.249382]},"properties":{"line":"5A","mode":"bus","color":"#0059a9","colorDark":"#00294f","band":4,"off":[0,1.1]}},{"type":"Feature","geometry":{"type":"Point","coordinates":[16.391602,48.218248]},"properties":{"name":"Praterstern","band":4,"modes":"tram,bus","arr":["5","5B","80A","N81"],"off":[0,-0.8]}},{"type":"Feature","geometry":{"type":"Point","coordinates":[16.391602,48.218248]},"properties":{"line":"5","mode":"tram","color":"#d6212b","colorDark":"#7c1116","band":4,"off":[-5.1,1.1]}},{"type":"Feature","geometry":{"type":"Point","coordinates":[16.391602,48.218248]},"properties":{"line":"5B","mode":"bus","color":"#0059a9","colorDark":"#00294f","band":4,"off":[-1.7,1.1]}},{"type":"Feature","geometry":{"type":"Point","coordinates":[16.391602,48.218248]},"properties":{"line":"80A","mode":"bus","color":"#0059a9","colorDark":"#00294f","band":4,"off":[1.7,1.1]}},{"type":"Feature","geometry":{"type":"Point","coordinates":[16.391602,48.218248]},"properties":{"line":"N81","mode":"bus","color":"#0059a9","colorDark":"#00294f","band":4,"off":[5.1,1.1]}},{"type":"Feature","geometry":{"type":"Point","coordinates":[16.317152,48.150544]},"properties":{"name":"Alterlaa","band":4,"modes":"bus","arr":["60A","64B","67B","N64","N8"],"off":[0,-0.8]}},{"type":"Feature","geometry":{"type":"Point","coordinates":[16.317152,48.150544]},"properties":{"line":"60A","mode":"bus","color":"#0059a9","colorDark":"#00294f","band":4,"off":[-6.8,1.1]}},{"type":"Feature","geometry":{"type":"Point","coordinates":[16.317152,48.150544]},"properties":{"line":"64B","mode":"bus","color":"#0059a9","colorDark":"#00294f","band":4,"off":[-3.4,1.1]}},{"type":"Feature","geometry":{"type":"Point","coordinates":[16.317152,48.150544]},"properties":{"line":"67B","mode":"bus","color":"#0059a9","colorDark":"#00294f","band":4,"off":[0,1.1]}},{"type":"Feature","geometry":{"type":"Point","coordinates":[16.317152,48.150544]},"properties":{"line":"N64","mode":"bus","color":"#0059a9","colorDark":"#00294f","band":4,"off":[3.4,1.1]}},{"type":"Feature","geometry":{"type":"Point","coordinates":[16.317152,48.150544]},"properties":{"line":"N8","mode":"bus","color":"#0059a9","colorDark":"#00294f","band":4,"off":[6.8,1.1]}},{"type":"Feature","geometry":{"type":"Point","coordinates":[16.283269,48.134811]},"properties":{"name":"Liesing","band":4,"modes":"bus","arr":["60A","61A","61B","62A","66A","N61","N65","N66"],"off":[0,-0.8]}},{"type":"Feature","geometry":{"type":"Point","coordinates":[16.283269,48.134811]},"properties":{"line":"60A","mode":"bus","color":"#0059a9","colorDark":"#00294f","band":4,"off":[-6.8,1.1]}},{"type":"Feature","geometry":{"type":"Point","coordinates":[16.283269,48.134811]},"properties":{"line":"61A","mode":"bus","color":"#0059a9","colorDark":"#00294f","band":4,"off":[-3.4,1.1]}},{"type":"Feature","geometry":{"type":"Point","coordinates":[16.283269,48.134811]},"properties":{"line":"61B","mode":"bus","color":"#0059a9","colorDark":"#00294f","band":4,"off":[0,1.1]}},{"type":"Feature","geometry":{"type":"Point","coordinates":[16.283269,48.134811]},"properties":{"line":"62A","mode":"bus","color":"#0059a9","colorDark":"#00294f","band":4,"off":[3.4,1.1]}},{"type":"Feature","geometry":{"type":"Point","coordinates":[16.283269,48.134811]},"properties":{"line":"66A","mode":"bus","color":"#0059a9","colorDark":"#00294f","band":4,"off":[6.8,1.1]}},{"type":"Feature","geometry":{"type":"Point","coordinates":[16.283269,48.134811]},"properties":{"line":"N61","mode":"bus","color":"#0059a9","colorDark":"#00294f","band":4,"off":[-3.4,3.1]}},{"type":"Feature","geometry":{"type":"Point","coordinates":[16.283269,48.134811]},"properties":{"line":"N65","mode":"bus","color":"#0059a9","colorDark":"#00294f","band":4,"off":[0,3.1]}},{"type":"Feature","geometry":{"type":"Point","coordinates":[16.283269,48.134811]},"properties":{"line":"N66","mode":"bus","color":"#0059a9","colorDark":"#00294f","band":4,"off":[3.4,3.1]}},{"type":"Feature","geometry":{"type":"Point","coordinates":[16.314015,48.136793]},"properties":{"name":"Perfektastraße","band":4,"modes":"bus","arr":["64A"],"off":[0,-0.8]}},{"type":"Feature","geometry":{"type":"Point","coordinates":[16.314015,48.136793]},"properties":{"line":"64A","mode":"bus","color":"#0059a9","colorDark":"#00294f","band":4,"off":[0,1.1]}},{"type":"Feature","geometry":{"type":"Point","coordinates":[16.317974,48.126051]},"properties":{"name":"Vösendorf-Siebenhirten","band":4,"modes":"bus","arr":["61A","61B"],"off":[0,-0.8]}},{"type":"Feature","geometry":{"type":"Point","coordinates":[16.317974,48.126051]},"properties":{"line":"61A","mode":"bus","color":"#0059a9","colorDark":"#00294f","band":4,"off":[-1.7,1.1]}},{"type":"Feature","geometry":{"type":"Point","coordinates":[16.317974,48.126051]},"properties":{"line":"61B","mode":"bus","color":"#0059a9","colorDark":"#00294f","band":4,"off":[1.7,1.1]}},{"type":"Feature","geometry":{"type":"Point","coordinates":[16.309782,48.129335]},"properties":{"name":"Siebenhirten","band":4,"modes":"bus","arr":["N64"],"off":[0,-0.8]}},{"type":"Feature","geometry":{"type":"Point","coordinates":[16.309782,48.129335]},"properties":{"line":"N64","mode":"bus","color":"#0059a9","colorDark":"#00294f","band":4,"off":[0,1.1]}},{"type":"Feature","geometry":{"type":"Point","coordinates":[16.333133,48.174744]},"properties":{"name":"Meidling, Eichenstraße","band":4,"modes":"bus","arr":["62A","8A"],"off":[0,-0.8]}},{"type":"Feature","geometry":{"type":"Point","coordinates":[16.333133,48.174744]},"properties":{"line":"62A","mode":"bus","color":"#0059a9","colorDark":"#00294f","band":4,"off":[-1.7,1.1]}},{"type":"Feature","geometry":{"type":"Point","coordinates":[16.333133,48.174744]},"properties":{"line":"8A","mode":"bus","color":"#0059a9","colorDark":"#00294f","band":4,"off":[1.7,1.1]}},{"type":"Feature","geometry":{"type":"Point","coordinates":[16.29101,48.161826]},"properties":{"name":"Am Rosenhügel","band":4,"modes":"bus","arr":["63A"],"off":[0,-0.8]}},{"type":"Feature","geometry":{"type":"Point","coordinates":[16.29101,48.161826]},"properties":{"line":"63A","mode":"bus","color":"#0059a9","colorDark":"#00294f","band":4,"off":[0,1.1]}},{"type":"Feature","geometry":{"type":"Point","coordinates":[16.29591,48.15048]},"properties":{"name":"Atzgersdorf, Ziedlergasse","band":4,"modes":"bus","arr":["64A"],"off":[0,-0.8]}},{"type":"Feature","geometry":{"type":"Point","coordinates":[16.29591,48.15048]},"properties":{"line":"64A","mode":"bus","color":"#0059a9","colorDark":"#00294f","band":4,"off":[0,1.1]}},{"type":"Feature","geometry":{"type":"Point","coordinates":[16.378785,48.17283]},"properties":{"name":"Reumannplatz","band":4,"modes":"bus","arr":["65A","66A","7A","N65","N66"],"off":[0,-0.8]}},{"type":"Feature","geometry":{"type":"Point","coordinates":[16.378785,48.17283]},"properties":{"line":"65A","mode":"bus","color":"#0059a9","colorDark":"#00294f","band":4,"off":[-6.8,1.1]}},{"type":"Feature","geometry":{"type":"Point","coordinates":[16.378785,48.17283]},"properties":{"line":"66A","mode":"bus","color":"#0059a9","colorDark":"#00294f","band":4,"off":[-3.4,1.1]}},{"type":"Feature","geometry":{"type":"Point","coordinates":[16.378785,48.17283]},"properties":{"line":"7A","mode":"bus","color":"#0059a9","colorDark":"#00294f","band":4,"off":[0,1.1]}},{"type":"Feature","geometry":{"type":"Point","coordinates":[16.378785,48.17283]},"properties":{"line":"N65","mode":"bus","color":"#0059a9","colorDark":"#00294f","band":4,"off":[3.4,1.1]}},{"type":"Feature","geometry":{"type":"Point","coordinates":[16.378785,48.17283]},"properties":{"line":"N66","mode":"bus","color":"#0059a9","colorDark":"#00294f","band":4,"off":[6.8,1.1]}},{"type":"Feature","geometry":{"type":"Point","coordinates":[16.344706,48.167884]},"properties":{"name":"Wienerberg City","band":4,"modes":"bus","arr":["65A","7B"],"off":[0,-0.8]}},{"type":"Feature","geometry":{"type":"Point","coordinates":[16.344706,48.167884]},"properties":{"line":"65A","mode":"bus","color":"#0059a9","colorDark":"#00294f","band":4,"off":[-1.7,1.1]}},{"type":"Feature","geometry":{"type":"Point","coordinates":[16.344706,48.167884]},"properties":{"line":"7B","mode":"bus","color":"#0059a9","colorDark":"#00294f","band":4,"off":[1.7,1.1]}},{"type":"Feature","geometry":{"type":"Point","coordinates":[16.342307,48.141192]},"properties":{"name":"Inzersdorf, Kolpingstraße","band":4,"modes":"bus","arr":["67A"],"off":[0,-0.8]}},{"type":"Feature","geometry":{"type":"Point","coordinates":[16.342307,48.141192]},"properties":{"line":"67A","mode":"bus","color":"#0059a9","colorDark":"#00294f","band":4,"off":[0,1.1]}},{"type":"Feature","geometry":{"type":"Point","coordinates":[16.357634,48.135685]},"properties":{"name":"Inzersdorf, Großmarkt","band":4,"modes":"bus","arr":["N67"],"off":[0,-0.8]}},{"type":"Feature","geometry":{"type":"Point","coordinates":[16.357634,48.135685]},"properties":{"line":"N67","mode":"bus","color":"#0059a9","colorDark":"#00294f","band":4,"off":[0,1.1]}},{"type":"Feature","geometry":{"type":"Point","coordinates":[16.406212,48.151812]},"properties":{"name":"Laaer Berg, Kurpark Nordosteingang","band":4,"modes":"bus","arr":["68A"],"off":[0,-0.8]}},{"type":"Feature","geometry":{"type":"Point","coordinates":[16.406212,48.151812]},"properties":{"line":"68A","mode":"bus","color":"#0059a9","colorDark":"#00294f","band":4,"off":[0,1.1]}},{"type":"Feature","geometry":{"type":"Point","coordinates":[16.41962,48.169455]},"properties":{"name":"Simmering","band":4,"modes":"bus","arr":["69A","71E","72A","73A"],"off":[0,-0.8]}},{"type":"Feature","geometry":{"type":"Point","coordinates":[16.41962,48.169455]},"properties":{"line":"69A","mode":"bus","color":"#0059a9","colorDark":"#00294f","band":4,"off":[-5.1,1.1]}},{"type":"Feature","geometry":{"type":"Point","coordinates":[16.41962,48.169455]},"properties":{"line":"71E","mode":"bus","color":"#0059a9","colorDark":"#00294f","band":4,"off":[-1.7,1.1]}},{"type":"Feature","geometry":{"type":"Point","coordinates":[16.41962,48.169455]},"properties":{"line":"72A","mode":"bus","color":"#0059a9","colorDark":"#00294f","band":4,"off":[1.7,1.1]}},{"type":"Feature","geometry":{"type":"Point","coordinates":[16.41962,48.169455]},"properties":{"line":"73A","mode":"bus","color":"#0059a9","colorDark":"#00294f","band":4,"off":[5.1,1.1]}},{"type":"Feature","geometry":{"type":"Point","coordinates":[16.439232,48.13269]},"properties":{"name":"Kledering Bahnhof","band":4,"modes":"bus","arr":["70A"],"off":[0,-0.8]}},{"type":"Feature","geometry":{"type":"Point","coordinates":[16.439232,48.13269]},"properties":{"line":"70A","mode":"bus","color":"#0059a9","colorDark":"#00294f","band":4,"off":[0,1.1]}},{"type":"Feature","geometry":{"type":"Point","coordinates":[16.41485,48.132903]},"properties":{"name":"Unterlaa","band":4,"modes":"bus","arr":["N17"],"off":[0,-0.8]}},{"type":"Feature","geometry":{"type":"Point","coordinates":[16.41485,48.132903]},"properties":{"line":"N17","mode":"bus","color":"#0059a9","colorDark":"#00294f","band":4,"off":[0,1.1]}},{"type":"Feature","geometry":{"type":"Point","coordinates":[16.449117,48.152266]},"properties":{"name":"Zentralfriedhof 3.Tor","band":4,"modes":"bus","arr":["71A","71B","73B"],"off":[0,-0.8]}},{"type":"Feature","geometry":{"type":"Point","coordinates":[16.449117,48.152266]},"properties":{"line":"71A","mode":"bus","color":"#0059a9","colorDark":"#00294f","band":4,"off":[-3.4,1.1]}},{"type":"Feature","geometry":{"type":"Point","coordinates":[16.449117,48.152266]},"properties":{"line":"71B","mode":"bus","color":"#0059a9","colorDark":"#00294f","band":4,"off":[0,1.1]}},{"type":"Feature","geometry":{"type":"Point","coordinates":[16.449117,48.152266]},"properties":{"line":"73B","mode":"bus","color":"#0059a9","colorDark":"#00294f","band":4,"off":[3.4,1.1]}},{"type":"Feature","geometry":{"type":"Point","coordinates":[16.482632,48.142493]},"properties":{"name":"Schwechat Bahnhof","band":4,"modes":"bus","arr":["71A"],"off":[0,-0.8]}},{"type":"Feature","geometry":{"type":"Point","coordinates":[16.482632,48.142493]},"properties":{"line":"71A","mode":"bus","color":"#0059a9","colorDark":"#00294f","band":4,"off":[0,1.1]}},{"type":"Feature","geometry":{"type":"Point","coordinates":[16.42685,48.153522]},"properties":{"name":"Zentralfriedhof","band":4,"modes":"bus","arr":["71B"],"off":[0,-0.8]}},{"type":"Feature","geometry":{"type":"Point","coordinates":[16.42685,48.153522]},"properties":{"line":"71B","mode":"bus","color":"#0059a9","colorDark":"#00294f","band":4,"off":[0,1.1]}},{"type":"Feature","geometry":{"type":"Point","coordinates":[16.464836,48.146977]},"properties":{"name":"Kaiserebersdorf","band":4,"modes":"bus","arr":["73B"],"off":[0,-0.8]}},{"type":"Feature","geometry":{"type":"Point","coordinates":[16.464836,48.146977]},"properties":{"line":"73B","mode":"bus","color":"#0059a9","colorDark":"#00294f","band":4,"off":[0,1.1]}},{"type":"Feature","geometry":{"type":"Point","coordinates":[16.469656,48.160108]},"properties":{"name":"Kaiserebersdorf, Zinnergasse","band":4,"modes":"bus","arr":["71E","N71"],"off":[0,-0.8]}},{"type":"Feature","geometry":{"type":"Point","coordinates":[16.469656,48.160108]},"properties":{"line":"71E","mode":"bus","color":"#0059a9","colorDark":"#00294f","band":4,"off":[-1.7,1.1]}},{"type":"Feature","geometry":{"type":"Point","coordinates":[16.469656,48.160108]},"properties":{"line":"N71","mode":"bus","color":"#0059a9","colorDark":"#00294f","band":4,"off":[1.7,1.1]}},{"type":"Feature","geometry":{"type":"Point","coordinates":[16.417745,48.161745]},"properties":{"name":"Hasenleiten","band":4,"modes":"bus","arr":["72A"],"off":[0,-0.8]}},{"type":"Feature","geometry":{"type":"Point","coordinates":[16.417745,48.161745]},"properties":{"line":"72A","mode":"bus","color":"#0059a9","colorDark":"#00294f","band":4,"off":[0,1.1]}},{"type":"Feature","geometry":{"type":"Point","coordinates":[16.45746,48.159866]},"properties":{"name":"Pantucekgasse","band":4,"modes":"bus","arr":["73A"],"off":[0,-0.8]}},{"type":"Feature","geometry":{"type":"Point","coordinates":[16.45746,48.159866]},"properties":{"line":"73A","mode":"bus","color":"#0059a9","colorDark":"#00294f","band":4,"off":[0,1.1]}},{"type":"Feature","geometry":{"type":"Point","coordinates":[16.399658,48.187788]},"properties":{"name":"St. Marx S/Leberstr.","band":4,"modes":"bus","arr":["74A"],"off":[0,-0.8]}},{"type":"Feature","geometry":{"type":"Point","coordinates":[16.399658,48.187788]},"properties":{"line":"74A","mode":"bus","color":"#0059a9","colorDark":"#00294f","band":4,"off":[0,1.1]}},{"type":"Feature","geometry":{"type":"Point","coordinates":[16.427761,48.179217]},"properties":{"name":"Haidestraße","band":4,"modes":"bus","arr":["76A"],"off":[0,-0.8]}},{"type":"Feature","geometry":{"type":"Point","coordinates":[16.427761,48.179217]},"properties":{"line":"76A","mode":"bus","color":"#0059a9","colorDark":"#00294f","band":4,"off":[0,1.1]}},{"type":"Feature","geometry":{"type":"Point","coordinates":[16.485091,48.160433]},"properties":{"name":"Albern","band":4,"modes":"bus","arr":["76A","76B"],"off":[0,-0.8]}},{"type":"Feature","geometry":{"type":"Point","coordinates":[16.485091,48.160433]},"properties":{"line":"76A","mode":"bus","color":"#0059a9","colorDark":"#00294f","band":4,"off":[-1.7,1.1]}},{"type":"Feature","geometry":{"type":"Point","coordinates":[16.485091,48.160433]},"properties":{"line":"76B","mode":"bus","color":"#0059a9","colorDark":"#00294f","band":4,"off":[1.7,1.1]}},{"type":"Feature","geometry":{"type":"Point","coordinates":[16.386556,48.195125]},"properties":{"name":"Rennweg","band":4,"modes":"bus","arr":["77A"],"off":[0,-0.8]}},{"type":"Feature","geometry":{"type":"Point","coordinates":[16.386556,48.195125]},"properties":{"line":"77A","mode":"bus","color":"#0059a9","colorDark":"#00294f","band":4,"off":[0,1.1]}},{"type":"Feature","geometry":{"type":"Point","coordinates":[16.433974,48.203581]},"properties":{"name":"Praterbrücke","band":4,"modes":"bus","arr":["N81"],"off":[0,-0.8]}},{"type":"Feature","geometry":{"type":"Point","coordinates":[16.433974,48.203581]},"properties":{"line":"N81","mode":"bus","color":"#0059a9","colorDark":"#00294f","band":4,"off":[0,1.1]}},{"type":"Feature","geometry":{"type":"Point","coordinates":[16.439263,48.191103]},"properties":{"name":"Lusthaus","band":4,"modes":"bus","arr":["77A"],"off":[0,-0.8]}},{"type":"Feature","geometry":{"type":"Point","coordinates":[16.439263,48.191103]},"properties":{"line":"77A","mode":"bus","color":"#0059a9","colorDark":"#00294f","band":4,"off":[0,1.1]}},{"type":"Feature","geometry":{"type":"Point","coordinates":[16.428544,48.207762]},"properties":{"name":"Donaumarina, Chrastekgasse","band":4,"modes":"bus","arr":["79A","79B"],"off":[0,-0.8]}},{"type":"Feature","geometry":{"type":"Point","coordinates":[16.428544,48.207762]},"properties":{"line":"79A","mode":"bus","color":"#0059a9","colorDark":"#00294f","band":4,"off":[-1.7,1.1]}},{"type":"Feature","geometry":{"type":"Point","coordinates":[16.428544,48.207762]},"properties":{"line":"79B","mode":"bus","color":"#0059a9","colorDark":"#00294f","band":4,"off":[1.7,1.1]}},{"type":"Feature","geometry":{"type":"Point","coordinates":[16.474206,48.158913]},"properties":{"name":"Kaiserebersdorf, Münnichplatz","band":4,"modes":"bus","arr":["79A","79B"],"off":[0,-0.8]}},{"type":"Feature","geometry":{"type":"Point","coordinates":[16.474206,48.158913]},"properties":{"line":"79A","mode":"bus","color":"#0059a9","colorDark":"#00294f","band":4,"off":[-1.7,1.1]}},{"type":"Feature","geometry":{"type":"Point","coordinates":[16.474206,48.158913]},"properties":{"line":"79B","mode":"bus","color":"#0059a9","colorDark":"#00294f","band":4,"off":[1.7,1.1]}},{"type":"Feature","geometry":{"type":"Point","coordinates":[16.328593,48.183571]},"properties":{"name":"Meidling Hauptstraße","band":4,"modes":"bus","arr":["7A","9A"],"off":[0,-0.8]}},{"type":"Feature","geometry":{"type":"Point","coordinates":[16.328593,48.183571]},"properties":{"line":"7A","mode":"bus","color":"#0059a9","colorDark":"#00294f","band":4,"off":[-1.7,1.1]}},{"type":"Feature","geometry":{"type":"Point","coordinates":[16.328593,48.183571]},"properties":{"line":"9A","mode":"bus","color":"#0059a9","colorDark":"#00294f","band":4,"off":[1.7,1.1]}},{"type":"Feature","geometry":{"type":"Point","coordinates":[16.407869,48.193935]},"properties":{"name":"Schlachthausgasse","band":4,"modes":"bus","arr":["80A"],"off":[0,-0.8]}},{"type":"Feature","geometry":{"type":"Point","coordinates":[16.407869,48.193935]},"properties":{"line":"80A","mode":"bus","color":"#0059a9","colorDark":"#00294f","band":4,"off":[0,1.1]}},{"type":"Feature","geometry":{"type":"Point","coordinates":[16.393137,48.22034]},"properties":{"name":"Praterstern","band":4,"modes":"bus","arr":["82A"],"off":[0,-0.8]}},{"type":"Feature","geometry":{"type":"Point","coordinates":[16.393137,48.22034]},"properties":{"line":"82A","mode":"bus","color":"#0059a9","colorDark":"#00294f","band":4,"off":[0,1.1]}},{"type":"Feature","geometry":{"type":"Point","coordinates":[16.413501,48.215043]},"properties":{"name":"Krieau","band":4,"modes":"bus","arr":["82A"],"off":[0,-0.8]}},{"type":"Feature","geometry":{"type":"Point","coordinates":[16.413501,48.215043]},"properties":{"line":"82A","mode":"bus","color":"#0059a9","colorDark":"#00294f","band":4,"off":[0,1.1]}},{"type":"Feature","geometry":{"type":"Point","coordinates":[16.505069,48.233823]},"properties":{"name":"Aspern Nord","band":4,"modes":"tram,bus","arr":["27","84A","89A","95A","99A","99B","N84"],"off":[0,-0.8]}},{"type":"Feature","geometry":{"type":"Point","coordinates":[16.505069,48.233823]},"properties":{"line":"27","mode":"tram","color":"#d6212b","colorDark":"#7c1116","band":4,"off":[-6.8,1.1]}},{"type":"Feature","geometry":{"type":"Point","coordinates":[16.505069,48.233823]},"properties":{"line":"84A","mode":"bus","color":"#0059a9","colorDark":"#00294f","band":4,"off":[-3.4,1.1]}},{"type":"Feature","geometry":{"type":"Point","coordinates":[16.505069,48.233823]},"properties":{"line":"89A","mode":"bus","color":"#0059a9","colorDark":"#00294f","band":4,"off":[0,1.1]}},{"type":"Feature","geometry":{"type":"Point","coordinates":[16.505069,48.233823]},"properties":{"line":"95A","mode":"bus","color":"#0059a9","colorDark":"#00294f","band":4,"off":[3.4,1.1]}},{"type":"Feature","geometry":{"type":"Point","coordinates":[16.505069,48.233823]},"properties":{"line":"99A","mode":"bus","color":"#0059a9","colorDark":"#00294f","band":4,"off":[6.8,1.1]}},{"type":"Feature","geometry":{"type":"Point","coordinates":[16.505069,48.233823]},"properties":{"line":"99B","mode":"bus","color":"#0059a9","colorDark":"#00294f","band":4,"off":[-1.7,3.1]}},{"type":"Feature","geometry":{"type":"Point","coordinates":[16.505069,48.233823]},"properties":{"line":"N84","mode":"bus","color":"#0059a9","colorDark":"#00294f","band":4,"off":[1.7,3.1]}},{"type":"Feature","geometry":{"type":"Point","coordinates":[16.487298,48.233893]},"properties":{"name":"Hausfeldstraße","band":4,"modes":"bus","arr":["85A","95B","N23"],"off":[0,-0.8]}},{"type":"Feature","geometry":{"type":"Point","coordinates":[16.487298,48.233893]},"properties":{"line":"85A","mode":"bus","color":"#0059a9","colorDark":"#00294f","band":4,"off":[-3.4,1.1]}},{"type":"Feature","geometry":{"type":"Point","coordinates":[16.487298,48.233893]},"properties":{"line":"95B","mode":"bus","color":"#0059a9","colorDark":"#00294f","band":4,"off":[0,1.1]}},{"type":"Feature","geometry":{"type":"Point","coordinates":[16.487298,48.233893]},"properties":{"line":"N23","mode":"bus","color":"#0059a9","colorDark":"#00294f","band":4,"off":[3.4,1.1]}},{"type":"Feature","geometry":{"type":"Point","coordinates":[16.490596,48.255928]},"properties":{"name":"Breitenlee, Rautenweg","band":4,"modes":"bus","arr":["85A"],"off":[0,-0.8]}},{"type":"Feature","geometry":{"type":"Point","coordinates":[16.490596,48.255928]},"properties":{"line":"85A","mode":"bus","color":"#0059a9","colorDark":"#00294f","band":4,"off":[0,1.1]}},{"type":"Feature","geometry":{"type":"Point","coordinates":[16.487781,48.237126]},"properties":{"name":"Am Heidjöchl","band":4,"modes":"bus","arr":["N24"],"off":[0,-0.8]}},{"type":"Feature","geometry":{"type":"Point","coordinates":[16.487781,48.237126]},"properties":{"line":"N24","mode":"bus","color":"#0059a9","colorDark":"#00294f","band":4,"off":[0,1.1]}},{"type":"Feature","geometry":{"type":"Point","coordinates":[16.448689,48.218934]},"properties":{"name":"Stadlau","band":4,"modes":"bus","arr":["86A","87A","94A"],"off":[0,-0.8]}},{"type":"Feature","geometry":{"type":"Point","coordinates":[16.448689,48.218934]},"properties":{"line":"86A","mode":"bus","color":"#0059a9","colorDark":"#00294f","band":4,"off":[-3.4,1.1]}},{"type":"Feature","geometry":{"type":"Point","coordinates":[16.448689,48.218934]},"properties":{"line":"87A","mode":"bus","color":"#0059a9","colorDark":"#00294f","band":4,"off":[0,1.1]}},{"type":"Feature","geometry":{"type":"Point","coordinates":[16.448689,48.218934]},"properties":{"line":"94A","mode":"bus","color":"#0059a9","colorDark":"#00294f","band":4,"off":[3.4,1.1]}},{"type":"Feature","geometry":{"type":"Point","coordinates":[16.453493,48.229253]},"properties":{"name":"Erzherzog-Karl-Straße","band":4,"modes":"bus","arr":["96A","N90"],"off":[0,-0.8]}},{"type":"Feature","geometry":{"type":"Point","coordinates":[16.453493,48.229253]},"properties":{"line":"96A","mode":"bus","color":"#0059a9","colorDark":"#00294f","band":4,"off":[-1.7,1.1]}},{"type":"Feature","geometry":{"type":"Point","coordinates":[16.453493,48.229253]},"properties":{"line":"N90","mode":"bus","color":"#0059a9","colorDark":"#00294f","band":4,"off":[1.7,1.1]}},{"type":"Feature","geometry":{"type":"Point","coordinates":[16.508228,48.225067]},"properties":{"name":"Seestadt","band":4,"modes":"bus","arr":["88A","88B"],"off":[0,-0.8]}},{"type":"Feature","geometry":{"type":"Point","coordinates":[16.508228,48.225067]},"properties":{"line":"88A","mode":"bus","color":"#0059a9","colorDark":"#00294f","band":4,"off":[-1.7,1.1]}},{"type":"Feature","geometry":{"type":"Point","coordinates":[16.508228,48.225067]},"properties":{"line":"88B","mode":"bus","color":"#0059a9","colorDark":"#00294f","band":4,"off":[1.7,1.1]}},{"type":"Feature","geometry":{"type":"Point","coordinates":[16.514978,48.202348]},"properties":{"name":"Eßling, Wegmayersiedlung","band":4,"modes":"bus","arr":["88B"],"off":[0,-0.8]}},{"type":"Feature","geometry":{"type":"Point","coordinates":[16.514978,48.202348]},"properties":{"line":"88B","mode":"bus","color":"#0059a9","colorDark":"#00294f","band":4,"off":[0,1.1]}},{"type":"Feature","geometry":{"type":"Point","coordinates":[16.536093,48.261484]},"properties":{"name":"Invalidensiedlung","band":4,"modes":"bus","arr":["89A"],"off":[0,-0.8]}},{"type":"Feature","geometry":{"type":"Point","coordinates":[16.536093,48.261484]},"properties":{"line":"89A","mode":"bus","color":"#0059a9","colorDark":"#00294f","band":4,"off":[0,1.1]}},{"type":"Feature","geometry":{"type":"Point","coordinates":[16.439822,48.212335]},"properties":{"name":"Donaustadtbrücke","band":4,"modes":"bus","arr":["N91"],"off":[0,-0.8]}},{"type":"Feature","geometry":{"type":"Point","coordinates":[16.439822,48.212335]},"properties":{"line":"N91","mode":"bus","color":"#0059a9","colorDark":"#00294f","band":4,"off":[0,1.1]}},{"type":"Feature","geometry":{"type":"Point","coordinates":[16.487193,48.217156]},"properties":{"name":"Zachgasse","band":4,"modes":"bus","arr":["92A"],"off":[0,-0.8]}},{"type":"Feature","geometry":{"type":"Point","coordinates":[16.487193,48.217156]},"properties":{"line":"92A","mode":"bus","color":"#0059a9","colorDark":"#00294f","band":4,"off":[0,1.1]}},{"type":"Feature","geometry":{"type":"Point","coordinates":[16.509779,48.166166]},"properties":{"name":"Ölhafen","band":4,"modes":"bus","arr":["92B"],"off":[0,-0.8]}},{"type":"Feature","geometry":{"type":"Point","coordinates":[16.509779,48.166166]},"properties":{"line":"92B","mode":"bus","color":"#0059a9","colorDark":"#00294f","band":4,"off":[0,1.1]}},{"type":"Feature","geometry":{"type":"Point","coordinates":[16.454022,48.205594]},"properties":{"name":"Schillwasserweg","band":4,"modes":"bus","arr":["96A"],"off":[0,-0.8]}},{"type":"Feature","geometry":{"type":"Point","coordinates":[16.454022,48.205594]},"properties":{"line":"96A","mode":"bus","color":"#0059a9","colorDark":"#00294f","band":4,"off":[0,1.1]}},{"type":"Feature","geometry":{"type":"Point","coordinates":[16.473734,48.202506]},"properties":{"name":"Großer Biberhaufen","band":4,"modes":"bus","arr":["95A"],"off":[0,-0.8]}},{"type":"Feature","geometry":{"type":"Point","coordinates":[16.473734,48.202506]},"properties":{"line":"95A","mode":"bus","color":"#0059a9","colorDark":"#00294f","band":4,"off":[0,1.1]}},{"type":"Feature","geometry":{"type":"Point","coordinates":[16.468313,48.233016]},"properties":{"name":"Hirschstetten","band":4,"modes":"bus","arr":["95B"],"off":[0,-0.8]}},{"type":"Feature","geometry":{"type":"Point","coordinates":[16.468313,48.233016]},"properties":{"line":"95B","mode":"bus","color":"#0059a9","colorDark":"#00294f","band":4,"off":[0,1.1]}},{"type":"Feature","geometry":{"type":"Point","coordinates":[16.544263,48.219258]},"properties":{"name":"Eßling, Schippanisiedlung","band":4,"modes":"bus","arr":["98A"],"off":[0,-0.8]}},{"type":"Feature","geometry":{"type":"Point","coordinates":[16.544263,48.219258]},"properties":{"line":"98A","mode":"bus","color":"#0059a9","colorDark":"#00294f","band":4,"off":[0,1.1]}},{"type":"Feature","geometry":{"type":"Point","coordinates":[16.52627,48.214419]},"properties":{"name":"Eßling Schule","band":4,"modes":"bus","arr":["99A","99B"],"off":[0,-0.8]}},{"type":"Feature","geometry":{"type":"Point","coordinates":[16.52627,48.214419]},"properties":{"line":"99A","mode":"bus","color":"#0059a9","colorDark":"#00294f","band":4,"off":[-1.7,1.1]}},{"type":"Feature","geometry":{"type":"Point","coordinates":[16.52627,48.214419]},"properties":{"line":"99B","mode":"bus","color":"#0059a9","colorDark":"#00294f","band":4,"off":[1.7,1.1]}},{"type":"Feature","geometry":{"type":"Point","coordinates":[16.386602,48.291448]},"properties":{"name":"Strebersdorf Meriangasse","band":4,"modes":"tram,bus","arr":["26","27","N20"],"off":[0,-0.8]}},{"type":"Feature","geometry":{"type":"Point","coordinates":[16.386602,48.291448]},"properties":{"line":"26","mode":"tram","color":"#d6212b","colorDark":"#7c1116","band":4,"off":[-3.4,1.1]}},{"type":"Feature","geometry":{"type":"Point","coordinates":[16.386602,48.291448]},"properties":{"line":"27","mode":"tram","color":"#d6212b","colorDark":"#7c1116","band":4,"off":[0,1.1]}},{"type":"Feature","geometry":{"type":"Point","coordinates":[16.386602,48.291448]},"properties":{"line":"N20","mode":"bus","color":"#0059a9","colorDark":"#00294f","band":4,"off":[3.4,1.1]}},{"type":"Feature","geometry":{"type":"Point","coordinates":[16.420333,48.297912]},"properties":{"name":"Stammersdorf","band":4,"modes":"tram,bus","arr":["30","31","N31"],"off":[0,-0.8]}},{"type":"Feature","geometry":{"type":"Point","coordinates":[16.420333,48.297912]},"properties":{"line":"30","mode":"tram","color":"#d6212b","colorDark":"#7c1116","band":4,"off":[-3.4,1.1]}},{"type":"Feature","geometry":{"type":"Point","coordinates":[16.420333,48.297912]},"properties":{"line":"31","mode":"tram","color":"#d6212b","colorDark":"#7c1116","band":4,"off":[0,1.1]}},{"type":"Feature","geometry":{"type":"Point","coordinates":[16.420333,48.297912]},"properties":{"line":"N31","mode":"bus","color":"#0059a9","colorDark":"#00294f","band":4,"off":[3.4,1.1]}},{"type":"Feature","geometry":{"type":"Point","coordinates":[16.367233,48.259836]},"properties":{"name":"Nußdorf","band":4,"modes":"bus","arr":["N36"],"off":[0,-0.8]}},{"type":"Feature","geometry":{"type":"Point","coordinates":[16.367233,48.259836]},"properties":{"line":"N36","mode":"bus","color":"#0059a9","colorDark":"#00294f","band":4,"off":[0,1.1]}},{"type":"Feature","geometry":{"type":"Point","coordinates":[16.341886,48.255107]},"properties":{"name":"Grinzing","band":4,"modes":"tram,bus","arr":["38","N38"],"off":[0,-0.8]}},{"type":"Feature","geometry":{"type":"Point","coordinates":[16.341886,48.255107]},"properties":{"line":"38","mode":"tram","color":"#d6212b","colorDark":"#7c1116","band":4,"off":[-1.7,1.1]}},{"type":"Feature","geometry":{"type":"Point","coordinates":[16.341886,48.255107]},"properties":{"line":"N38","mode":"bus","color":"#0059a9","colorDark":"#00294f","band":4,"off":[1.7,1.1]}},{"type":"Feature","geometry":{"type":"Point","coordinates":[16.312105,48.199648]},"properties":{"name":"Hütteldorfer Straße","band":4,"modes":"bus","arr":["N49"],"off":[0,-0.8]}},{"type":"Feature","geometry":{"type":"Point","coordinates":[16.312105,48.199648]},"properties":{"line":"N49","mode":"bus","color":"#0059a9","colorDark":"#00294f","band":4,"off":[0,1.1]}},{"type":"Feature","geometry":{"type":"Point","coordinates":[16.338163,48.196784]},"properties":{"name":"Westbahnhof","band":4,"modes":"bus","arr":["N54","N6"],"off":[0,-0.8]}},{"type":"Feature","geometry":{"type":"Point","coordinates":[16.338163,48.196784]},"properties":{"line":"N54","mode":"bus","color":"#0059a9","colorDark":"#00294f","band":4,"off":[-1.7,1.1]}},{"type":"Feature","geometry":{"type":"Point","coordinates":[16.338163,48.196784]},"properties":{"line":"N6","mode":"bus","color":"#0059a9","colorDark":"#00294f","band":4,"off":[1.7,1.1]}},{"type":"Feature","geometry":{"type":"Point","coordinates":[16.262161,48.133557]},"properties":{"name":"Rodaun","band":4,"modes":"bus","arr":["N60"],"off":[0,-0.8]}},{"type":"Feature","geometry":{"type":"Point","coordinates":[16.262161,48.133557]},"properties":{"line":"N60","mode":"bus","color":"#0059a9","colorDark":"#00294f","band":4,"off":[0,1.1]}},{"type":"Feature","geometry":{"type":"Point","coordinates":[16.238883,48.137946]},"properties":{"name":"Kalksburg Lodererweg","band":4,"modes":"bus","arr":["N61"],"off":[0,-0.8]}},{"type":"Feature","geometry":{"type":"Point","coordinates":[16.238883,48.137946]},"properties":{"line":"N61","mode":"bus","color":"#0059a9","colorDark":"#00294f","band":4,"off":[0,1.1]}},{"type":"Feature","geometry":{"type":"Point","coordinates":[16.373405,48.175327]},"properties":{"name":"Quellenplatz","band":4,"modes":"bus","arr":["N68"],"off":[0,-0.8]}},{"type":"Feature","geometry":{"type":"Point","coordinates":[16.373405,48.175327]},"properties":{"line":"N68","mode":"bus","color":"#0059a9","colorDark":"#00294f","band":4,"off":[0,1.1]}},{"type":"Feature","geometry":{"type":"Point","coordinates":[16.417192,48.185254]},"properties":{"name":"Gasometer","band":4,"modes":"bus","arr":["N75"],"off":[0,-0.8]}},{"type":"Feature","geometry":{"type":"Point","coordinates":[16.417192,48.185254]},"properties":{"line":"N75","mode":"bus","color":"#0059a9","colorDark":"#00294f","band":4,"off":[0,1.1]}},{"type":"Feature","geometry":{"type":"Point","coordinates":[16.440657,48.153412]},"properties":{"name":"Zentralfriedhof 2.Tor","band":4,"modes":"bus","arr":["ZF"],"off":[0,-0.8]}},{"type":"Feature","geometry":{"type":"Point","coordinates":[16.440657,48.153412]},"properties":{"line":"ZF","mode":"bus","color":"#0059a9","colorDark":"#00294f","band":4,"off":[0,1.1]}},{"type":"Feature","geometry":{"type":"Point","coordinates":[16.4053,48.208883]},"properties":{"name":"Prater, Hauptallee","band":4,"modes":"tram","arr":["1"],"off":[0,-0.8]}},{"type":"Feature","geometry":{"type":"Point","coordinates":[16.4053,48.208883]},"properties":{"line":"1","mode":"tram","color":"#d6212b","colorDark":"#7c1116","band":4,"off":[0,1.1]}},{"type":"Feature","geometry":{"type":"Point","coordinates":[16.354604,48.16841]},"properties":{"name":"Stefan-Fadinger-Platz","band":4,"modes":"tram","arr":["1"],"off":[0,-0.8]}},{"type":"Feature","geometry":{"type":"Point","coordinates":[16.354604,48.16841]},"properties":{"line":"1","mode":"tram","color":"#d6212b","colorDark":"#7c1116","band":4,"off":[0,1.1]}},{"type":"Feature","geometry":{"type":"Point","coordinates":[16.307943,48.226138]},"properties":{"name":"Dornbach","band":4,"modes":"tram","arr":["2","10"],"off":[0,-0.8]}},{"type":"Feature","geometry":{"type":"Point","coordinates":[16.307943,48.226138]},"properties":{"line":"2","mode":"tram","color":"#d6212b","colorDark":"#7c1116","band":4,"off":[-1.7,1.1]}},{"type":"Feature","geometry":{"type":"Point","coordinates":[16.307943,48.226138]},"properties":{"line":"10","mode":"tram","color":"#d6212b","colorDark":"#7c1116","band":4,"off":[1.7,1.1]}},{"type":"Feature","geometry":{"type":"Point","coordinates":[16.38017,48.244087]},"properties":{"name":"Friedrich-Engels-Platz","band":4,"modes":"tram","arr":["2"],"off":[0,-0.8]}},{"type":"Feature","geometry":{"type":"Point","coordinates":[16.38017,48.244087]},"properties":{"line":"2","mode":"tram","color":"#d6212b","colorDark":"#7c1116","band":4,"off":[0,1.1]}},{"type":"Feature","geometry":{"type":"Point","coordinates":[16.339442,48.196768]},"properties":{"name":"Westbahnhof","band":4,"modes":"tram","arr":["5","9","52","60"],"off":[0,-0.8]}},{"type":"Feature","geometry":{"type":"Point","coordinates":[16.339442,48.196768]},"properties":{"line":"5","mode":"tram","color":"#d6212b","colorDark":"#7c1116","band":4,"off":[-5.1,1.1]}},{"type":"Feature","geometry":{"type":"Point","coordinates":[16.339442,48.196768]},"properties":{"line":"9","mode":"tram","color":"#d6212b","colorDark":"#7c1116","band":4,"off":[-1.7,1.1]}},{"type":"Feature","geometry":{"type":"Point","coordinates":[16.339442,48.196768]},"properties":{"line":"52","mode":"tram","color":"#d6212b","colorDark":"#7c1116","band":4,"off":[1.7,1.1]}},{"type":"Feature","geometry":{"type":"Point","coordinates":[16.339442,48.196768]},"properties":{"line":"60","mode":"tram","color":"#d6212b","colorDark":"#7c1116","band":4,"off":[5.1,1.1]}},{"type":"Feature","geometry":{"type":"Point","coordinates":[16.337108,48.202024]},"properties":{"name":"Burggasse-Stadthalle","band":4,"modes":"tram","arr":["6","18"],"off":[0,-0.8]}},{"type":"Feature","geometry":{"type":"Point","coordinates":[16.337108,48.202024]},"properties":{"line":"6","mode":"tram","color":"#d6212b","colorDark":"#7c1116","band":4,"off":[-1.7,1.1]}},{"type":"Feature","geometry":{"type":"Point","coordinates":[16.337108,48.202024]},"properties":{"line":"18","mode":"tram","color":"#d6212b","colorDark":"#7c1116","band":4,"off":[1.7,1.1]}},{"type":"Feature","geometry":{"type":"Point","coordinates":[16.399359,48.175631]},"properties":{"name":"Geiereckstraße","band":4,"modes":"tram","arr":["6"],"off":[0,-0.8]}},{"type":"Feature","geometry":{"type":"Point","coordinates":[16.399359,48.175631]},"properties":{"line":"6","mode":"tram","color":"#d6212b","colorDark":"#7c1116","band":4,"off":[0,1.1]}},{"type":"Feature","geometry":{"type":"Point","coordinates":[16.326859,48.232079]},"properties":{"name":"Gersthof, Wallrißstraße","band":4,"modes":"tram","arr":["9"],"off":[0,-0.8]}},{"type":"Feature","geometry":{"type":"Point","coordinates":[16.326859,48.232079]},"properties":{"line":"9","mode":"tram","color":"#d6212b","colorDark":"#7c1116","band":4,"off":[0,1.1]}},{"type":"Feature","geometry":{"type":"Point","coordinates":[16.282035,48.185677]},"properties":{"name":"Unter St. Veit, Hummelgasse","band":4,"modes":"tram","arr":["10"],"off":[0,-0.8]}},{"type":"Feature","geometry":{"type":"Point","coordinates":[16.282035,48.185677]},"properties":{"line":"10","mode":"tram","color":"#d6212b","colorDark":"#7c1116","band":4,"off":[0,1.1]}},{"type":"Feature","geometry":{"type":"Point","coordinates":[16.349428,48.153894]},"properties":{"name":"Otto-Probst-Platz","band":4,"modes":"tram","arr":["11"],"off":[0,-0.8]}},{"type":"Feature","geometry":{"type":"Point","coordinates":[16.349428,48.153894]},"properties":{"line":"11","mode":"tram","color":"#d6212b","colorDark":"#7c1116","band":4,"off":[0,1.1]}},{"type":"Feature","geometry":{"type":"Point","coordinates":[16.470259,48.15945]},"properties":{"name":"Kaiserebersdorf, Zinnergasse","band":4,"modes":"tram","arr":["11","71"],"off":[0,-0.8]}},{"type":"Feature","geometry":{"type":"Point","coordinates":[16.470259,48.15945]},"properties":{"line":"11","mode":"tram","color":"#d6212b","colorDark":"#7c1116","band":4,"off":[-1.7,1.1]}},{"type":"Feature","geometry":{"type":"Point","coordinates":[16.470259,48.15945]},"properties":{"line":"71","mode":"tram","color":"#d6212b","colorDark":"#7c1116","band":4,"off":[1.7,1.1]}},{"type":"Feature","geometry":{"type":"Point","coordinates":[16.40741,48.220846]},"properties":{"name":"Hillerstraße","band":4,"modes":"tram","arr":["12"],"off":[0,-0.8]}},{"type":"Feature","geometry":{"type":"Point","coordinates":[16.40741,48.220846]},"properties":{"line":"12","mode":"tram","color":"#d6212b","colorDark":"#7c1116","band":4,"off":[0,1.1]}},{"type":"Feature","geometry":{"type":"Point","coordinates":[16.39292,48.228688]},"properties":{"name":"Bruno-Marek-Allee","band":4,"modes":"tram","arr":["O"],"off":[0,-0.8]}},{"type":"Feature","geometry":{"type":"Point","coordinates":[16.39292,48.228688]},"properties":{"line":"O","mode":"tram","color":"#d6212b","colorDark":"#7c1116","band":4,"off":[0,1.1]}},{"type":"Feature","geometry":{"type":"Point","coordinates":[16.339523,48.211722]},"properties":{"name":"Josefstädter Straße","band":4,"modes":"tram","arr":["12","46"],"off":[0,-0.8]}},{"type":"Feature","geometry":{"type":"Point","coordinates":[16.339523,48.211722]},"properties":{"line":"12","mode":"tram","color":"#d6212b","colorDark":"#7c1116","band":4,"off":[-1.7,1.1]}},{"type":"Feature","geometry":{"type":"Point","coordinates":[16.339523,48.211722]},"properties":{"line":"46","mode":"tram","color":"#d6212b","colorDark":"#7c1116","band":4,"off":[1.7,1.1]}},{"type":"Feature","geometry":{"type":"Point","coordinates":[16.40756,48.194149]},"properties":{"name":"Schlachthausgasse","band":4,"modes":"tram","arr":["18"],"off":[0,-0.8]}},{"type":"Feature","geometry":{"type":"Point","coordinates":[16.40756,48.194149]},"properties":{"line":"18","mode":"tram","color":"#d6212b","colorDark":"#7c1116","band":4,"off":[0,1.1]}},{"type":"Feature","geometry":{"type":"Point","coordinates":[16.409465,48.195447]},"properties":{"name":"Ludwig-Koeßler-Platz","band":4,"modes":"tram","arr":["18"],"off":[0,-0.8]}},{"type":"Feature","geometry":{"type":"Point","coordinates":[16.409465,48.195447]},"properties":{"line":"18","mode":"tram","color":"#d6212b","colorDark":"#7c1116","band":4,"off":[0,1.1]}},{"type":"Feature","geometry":{"type":"Point","coordinates":[16.48034,48.217461]},"properties":{"name":"Aspern, Oberdorfstraße","band":4,"modes":"tram","arr":["25","26"],"off":[0,-0.8]}},{"type":"Feature","geometry":{"type":"Point","coordinates":[16.48034,48.217461]},"properties":{"line":"25","mode":"tram","color":"#d6212b","colorDark":"#7c1116","band":4,"off":[-1.7,1.1]}},{"type":"Feature","geometry":{"type":"Point","coordinates":[16.48034,48.217461]},"properties":{"line":"26","mode":"tram","color":"#d6212b","colorDark":"#7c1116","band":4,"off":[1.7,1.1]}},{"type":"Feature","geometry":{"type":"Point","coordinates":[16.398977,48.255515]},"properties":{"name":"Floridsdorf","band":4,"modes":"tram","arr":["25","26","30"],"off":[0,-0.8]}},{"type":"Feature","geometry":{"type":"Point","coordinates":[16.398977,48.255515]},"properties":{"line":"25","mode":"tram","color":"#d6212b","colorDark":"#7c1116","band":4,"off":[-3.4,1.1]}},{"type":"Feature","geometry":{"type":"Point","coordinates":[16.398977,48.255515]},"properties":{"line":"26","mode":"tram","color":"#d6212b","colorDark":"#7c1116","band":4,"off":[0,1.1]}},{"type":"Feature","geometry":{"type":"Point","coordinates":[16.398977,48.255515]},"properties":{"line":"30","mode":"tram","color":"#d6212b","colorDark":"#7c1116","band":4,"off":[3.4,1.1]}},{"type":"Feature","geometry":{"type":"Point","coordinates":[16.486252,48.233273]},"properties":{"name":"Hausfeldstraße","band":4,"modes":"tram","arr":["26"],"off":[0,-0.8]}},{"type":"Feature","geometry":{"type":"Point","coordinates":[16.486252,48.233273]},"properties":{"line":"26","mode":"tram","color":"#d6212b","colorDark":"#7c1116","band":4,"off":[0,1.1]}},{"type":"Feature","geometry":{"type":"Point","coordinates":[16.371304,48.216809]},"properties":{"name":"Schottenring","band":4,"modes":"tram","arr":["31","71"],"off":[0,-0.8]}},{"type":"Feature","geometry":{"type":"Point","coordinates":[16.371304,48.216809]},"properties":{"line":"31","mode":"tram","color":"#d6212b","colorDark":"#7c1116","band":4,"off":[-1.7,1.1]}},{"type":"Feature","geometry":{"type":"Point","coordinates":[16.371304,48.216809]},"properties":{"line":"71","mode":"tram","color":"#d6212b","colorDark":"#7c1116","band":4,"off":[1.7,1.1]}},{"type":"Feature","geometry":{"type":"Point","coordinates":[16.362024,48.2141]},"properties":{"name":"Schottentor","band":4,"modes":"tram","arr":["37","38","40","41","42","43","44"],"off":[0,-0.8]}},{"type":"Feature","geometry":{"type":"Point","coordinates":[16.362024,48.2141]},"properties":{"line":"37","mode":"tram","color":"#d6212b","colorDark":"#7c1116","band":4,"off":[-6.8,1.1]}},{"type":"Feature","geometry":{"type":"Point","coordinates":[16.362024,48.2141]},"properties":{"line":"38","mode":"tram","color":"#d6212b","colorDark":"#7c1116","band":4,"off":[-3.4,1.1]}},{"type":"Feature","geometry":{"type":"Point","coordinates":[16.362024,48.2141]},"properties":{"line":"40","mode":"tram","color":"#d6212b","colorDark":"#7c1116","band":4,"off":[0,1.1]}},{"type":"Feature","geometry":{"type":"Point","coordinates":[16.362024,48.2141]},"properties":{"line":"41","mode":"tram","color":"#d6212b","colorDark":"#7c1116","band":4,"off":[3.4,1.1]}},{"type":"Feature","geometry":{"type":"Point","coordinates":[16.362024,48.2141]},"properties":{"line":"42","mode":"tram","color":"#d6212b","colorDark":"#7c1116","band":4,"off":[6.8,1.1]}},{"type":"Feature","geometry":{"type":"Point","coordinates":[16.362024,48.2141]},"properties":{"line":"43","mode":"tram","color":"#d6212b","colorDark":"#7c1116","band":4,"off":[-1.7,3.1]}},{"type":"Feature","geometry":{"type":"Point","coordinates":[16.362024,48.2141]},"properties":{"line":"44","mode":"tram","color":"#d6212b","colorDark":"#7c1116","band":4,"off":[1.7,3.1]}},{"type":"Feature","geometry":{"type":"Point","coordinates":[16.355545,48.251014]},"properties":{"name":"Hohe Warte","band":4,"modes":"tram","arr":["37"],"off":[0,-0.8]}},{"type":"Feature","geometry":{"type":"Point","coordinates":[16.355545,48.251014]},"properties":{"line":"37","mode":"tram","color":"#d6212b","colorDark":"#7c1116","band":4,"off":[0,1.1]}},{"type":"Feature","geometry":{"type":"Point","coordinates":[16.317193,48.232466]},"properties":{"name":"Gersthof, Herbeckstraße","band":4,"modes":"tram","arr":["37","40"],"off":[0,-0.8]}},{"type":"Feature","geometry":{"type":"Point","coordinates":[16.317193,48.232466]},"properties":{"line":"37","mode":"tram","color":"#d6212b","colorDark":"#7c1116","band":4,"off":[-1.7,1.1]}},{"type":"Feature","geometry":{"type":"Point","coordinates":[16.317193,48.232466]},"properties":{"line":"40","mode":"tram","color":"#d6212b","colorDark":"#7c1116","band":4,"off":[1.7,1.1]}},{"type":"Feature","geometry":{"type":"Point","coordinates":[16.310948,48.240754]},"properties":{"name":"Pötzleinsdorf","band":4,"modes":"tram","arr":["41"],"off":[0,-0.8]}},{"type":"Feature","geometry":{"type":"Point","coordinates":[16.310948,48.240754]},"properties":{"line":"41","mode":"tram","color":"#d6212b","colorDark":"#7c1116","band":4,"off":[0,1.1]}},{"type":"Feature","geometry":{"type":"Point","coordinates":[16.329972,48.225852]},"properties":{"name":"Antonigasse","band":4,"modes":"tram","arr":["42"],"off":[0,-0.8]}},{"type":"Feature","geometry":{"type":"Point","coordinates":[16.329972,48.225852]},"properties":{"line":"42","mode":"tram","color":"#d6212b","colorDark":"#7c1116","band":4,"off":[0,1.1]}},{"type":"Feature","geometry":{"type":"Point","coordinates":[16.291384,48.233599]},"properties":{"name":"Neuwaldegg","band":4,"modes":"tram","arr":["43"],"off":[0,-0.8]}},{"type":"Feature","geometry":{"type":"Point","coordinates":[16.291384,48.233599]},"properties":{"line":"43","mode":"tram","color":"#d6212b","colorDark":"#7c1116","band":4,"off":[0,1.1]}},{"type":"Feature","geometry":{"type":"Point","coordinates":[16.305761,48.214381]},"properties":{"name":"Maroltingergasse","band":4,"modes":"tram","arr":["44"],"off":[0,-0.8]}},{"type":"Feature","geometry":{"type":"Point","coordinates":[16.305761,48.214381]},"properties":{"line":"44","mode":"tram","color":"#d6212b","colorDark":"#7c1116","band":4,"off":[0,1.1]}},{"type":"Feature","geometry":{"type":"Point","coordinates":[16.304547,48.208951]},"properties":{"name":"Joachimsthalerplatz","band":4,"modes":"tram","arr":["46"],"off":[0,-0.8]}},{"type":"Feature","geometry":{"type":"Point","coordinates":[16.304547,48.208951]},"properties":{"line":"46","mode":"tram","color":"#d6212b","colorDark":"#7c1116","band":4,"off":[0,1.1]}},{"type":"Feature","geometry":{"type":"Point","coordinates":[16.255919,48.20267]},"properties":{"name":"Hütteldorf, Bujattigasse","band":4,"modes":"tram","arr":["49"],"off":[0,-0.8]}},{"type":"Feature","geometry":{"type":"Point","coordinates":[16.255919,48.20267]},"properties":{"line":"49","mode":"tram","color":"#d6212b","colorDark":"#7c1116","band":4,"off":[0,1.1]}},{"type":"Feature","geometry":{"type":"Point","coordinates":[16.271166,48.199104]},"properties":{"name":"Baumgarten","band":4,"modes":"tram","arr":["52"],"off":[0,-0.8]}},{"type":"Feature","geometry":{"type":"Point","coordinates":[16.271166,48.199104]},"properties":{"line":"52","mode":"tram","color":"#d6212b","colorDark":"#7c1116","band":4,"off":[0,1.1]}},{"type":"Feature","geometry":{"type":"Point","coordinates":[16.263139,48.132517]},"properties":{"name":"Rodaun","band":4,"modes":"tram","arr":["60"],"off":[0,-0.8]}},{"type":"Feature","geometry":{"type":"Point","coordinates":[16.263139,48.132517]},"properties":{"line":"60","mode":"tram","color":"#d6212b","colorDark":"#7c1116","band":4,"off":[0,1.1]}},{"type":"Feature","geometry":{"type":"Point","coordinates":[16.370457,48.202015]},"properties":{"name":"Oper/Karlsplatz","band":4,"modes":"tram","arr":["62","BB"],"off":[0,-0.8]}},{"type":"Feature","geometry":{"type":"Point","coordinates":[16.370457,48.202015]},"properties":{"name":"Oper","band":4,"modes":"tram","arr":["62","BB"],"off":[0,-1.9]}},{"type":"Feature","geometry":{"type":"Point","coordinates":[16.370457,48.202015]},"properties":{"line":"62","mode":"tram","color":"#d6212b","colorDark":"#7c1116","band":4,"off":[-1.7,1.1]}},{"type":"Feature","geometry":{"type":"Point","coordinates":[16.370457,48.202015]},"properties":{"line":"BB","mode":"tram","color":"#d6212b","colorDark":"#7c1116","band":4,"off":[1.7,1.1]}},{"type":"Feature","geometry":{"type":"Point","coordinates":[16.274025,48.175394]},"properties":{"name":"Lainz, Wolkersbergenstraße","band":4,"modes":"tram","arr":["62"],"off":[0,-0.8]}},{"type":"Feature","geometry":{"type":"Point","coordinates":[16.274025,48.175394]},"properties":{"line":"62","mode":"tram","color":"#d6212b","colorDark":"#7c1116","band":4,"off":[0,1.1]}},{"type":"Feature","geometry":{"type":"Point","coordinates":[16.23369,48.005971]},"properties":{"name":"Baden Josefsplatz","band":4,"modes":"tram","arr":["BB"],"off":[0,-0.8]}},{"type":"Feature","geometry":{"type":"Point","coordinates":[16.23369,48.005971]},"properties":{"line":"BB","mode":"tram","color":"#d6212b","colorDark":"#7c1116","band":4,"off":[0,1.1]}},{"type":"Feature","geometry":{"type":"Point","coordinates":[16.390383,48.176481]},"properties":{"name":"Absberggasse","band":4,"modes":"tram","arr":["D"],"off":[0,-0.8]}},{"type":"Feature","geometry":{"type":"Point","coordinates":[16.390383,48.176481]},"properties":{"line":"D","mode":"tram","color":"#d6212b","colorDark":"#7c1116","band":4,"off":[0,1.1]}},{"type":"Feature","geometry":{"type":"Point","coordinates":[16.362761,48.259746]},"properties":{"name":"Nußdorf, Beethovengang","band":4,"modes":"tram","arr":["D"],"off":[0,-0.8]}},{"type":"Feature","geometry":{"type":"Point","coordinates":[16.362761,48.259746]},"properties":{"line":"D","mode":"tram","color":"#d6212b","colorDark":"#7c1116","band":4,"off":[0,1.1]}},{"type":"Feature","geometry":{"type":"Point","coordinates":[16.364403,48.166785]},"properties":{"name":"Raxstraße","band":4,"modes":"tram","arr":["O"],"off":[0,-0.8]}},{"type":"Feature","geometry":{"type":"Point","coordinates":[16.364403,48.166785]},"properties":{"line":"O","mode":"tram","color":"#d6212b","colorDark":"#7c1116","band":4,"off":[0,1.1]}},{"type":"Feature","geometry":{"type":"Point","coordinates":[16.399956,48.142357]},"properties":{"name":"Oberlaa","band":4,"modes":"metro","arr":["U1"],"off":[0,-0.8]}},{"type":"Feature","geometry":{"type":"Point","coordinates":[16.399956,48.142357]},"properties":{"line":"U1","mode":"tram","color":"#E3000F","colorDark":"#7d0008","band":4,"metro":1,"off":[0,1.1]}},{"type":"Feature","geometry":{"type":"Point","coordinates":[16.369214,48.200965]},"properties":{"name":"Karlsplatz","band":4,"modes":"metro","arr":["U2"],"off":[0,-0.8]}},{"type":"Feature","geometry":{"type":"Point","coordinates":[16.369214,48.200965]},"properties":{"line":"U2","mode":"tram","color":"#A862A4","colorDark":"#5c365a","band":4,"metro":1,"off":[0,1.1]}},{"type":"Feature","geometry":{"type":"Point","coordinates":[16.452048,48.277629]},"properties":{"name":"Leopoldau","band":4,"modes":"metro","arr":["U1"],"off":[0,-0.8]}},{"type":"Feature","geometry":{"type":"Point","coordinates":[16.452048,48.277629]},"properties":{"line":"U1","mode":"tram","color":"#E3000F","colorDark":"#7d0008","band":4,"metro":1,"off":[0,1.1]}},{"type":"Feature","geometry":{"type":"Point","coordinates":[16.508132,48.225845]},"properties":{"name":"Seestadt","band":4,"modes":"metro","arr":["U2"],"off":[0,-0.8]}},{"type":"Feature","geometry":{"type":"Point","coordinates":[16.508132,48.225845]},"properties":{"line":"U2","mode":"tram","color":"#A862A4","colorDark":"#5c365a","band":4,"metro":1,"off":[0,1.1]}},{"type":"Feature","geometry":{"type":"Point","coordinates":[16.311481,48.211465]},"properties":{"name":"Ottakring","band":4,"modes":"metro","arr":["U3"],"off":[0,-0.8]}},{"type":"Feature","geometry":{"type":"Point","coordinates":[16.311481,48.211465]},"properties":{"line":"U3","mode":"tram","color":"#EF7C00","colorDark":"#834400","band":4,"metro":1,"off":[0,1.1]}},{"type":"Feature","geometry":{"type":"Point","coordinates":[16.4208,48.169693]},"properties":{"name":"Simmering","band":4,"modes":"metro","arr":["U3"],"off":[0,-0.8]}},{"type":"Feature","geometry":{"type":"Point","coordinates":[16.4208,48.169693]},"properties":{"line":"U3","mode":"tram","color":"#EF7C00","colorDark":"#834400","band":4,"metro":1,"off":[0,1.1]}},{"type":"Feature","geometry":{"type":"Point","coordinates":[16.260594,48.196955]},"properties":{"name":"Hütteldorf","band":4,"modes":"metro","arr":["U4"],"off":[0,-0.8]}},{"type":"Feature","geometry":{"type":"Point","coordinates":[16.260594,48.196955]},"properties":{"line":"U4","mode":"tram","color":"#319F49","colorDark":"#1b5728","band":4,"metro":1,"off":[0,1.1]}},{"type":"Feature","geometry":{"type":"Point","coordinates":[16.365882,48.248651]},"properties":{"name":"Heiligenstadt","band":4,"modes":"metro","arr":["U4"],"off":[0,-0.8]}},{"type":"Feature","geometry":{"type":"Point","coordinates":[16.365882,48.248651]},"properties":{"line":"U4","mode":"tram","color":"#319F49","colorDark":"#1b5728","band":4,"metro":1,"off":[0,1.1]}},{"type":"Feature","geometry":{"type":"Point","coordinates":[16.309698,48.130045]},"properties":{"name":"Siebenhirten","band":4,"modes":"metro","arr":["U6"],"off":[0,-0.8]}},{"type":"Feature","geometry":{"type":"Point","coordinates":[16.309698,48.130045]},"properties":{"line":"U6","mode":"tram","color":"#9D6830","colorDark":"#56391a","band":4,"metro":1,"off":[0,1.1]}},{"type":"Feature","geometry":{"type":"Point","coordinates":[16.400337,48.25625]},"properties":{"name":"Floridsdorf","band":4,"modes":"metro","arr":["U6"],"off":[0,-0.8]}},{"type":"Feature","geometry":{"type":"Point","coordinates":[16.400337,48.25625]},"properties":{"line":"U6","mode":"tram","color":"#9D6830","colorDark":"#56391a","band":4,"metro":1,"off":[0,1.1]}}]}