{"type":"FeatureCollection","features":[{"type":"Feature","geometry":{"type":"Point","coordinates":[16.364649,48.249301]},"properties":{"lines":"10A, 11A, 38A, 39A, N36","color":"#0059a9","mode":"bus","arr":["10A","11A","38A","39A","N36"],"angle":-75.2}},{"type":"Feature","geometry":{"type":"Point","coordinates":[16.364024,48.250095]},"properties":{"lines":"10A, 39A, N36","color":"#0059a9","mode":"bus","arr":["10A","39A","N36"],"angle":14.7}},{"type":"Feature","geometry":{"type":"Point","coordinates":[16.355554,48.234654]},"properties":{"lines":"N36","color":"#0059a9","mode":"bus","arr":["N36"],"angle":-57.4}},{"type":"Feature","geometry":{"type":"Point","coordinates":[16.354436,48.244969]},"properties":{"lines":"10A, 39A","color":"#0059a9","mode":"bus","arr":["10A","39A"],"angle":13.2}},{"type":"Feature","geometry":{"type":"Point","coordinates":[16.349572,48.245157]},"properties":{"lines":"10A, 39A","color":"#0059a9","mode":"bus","arr":["10A","39A"],"angle":-48.2,"extra":1}},{"type":"Feature","geometry":{"type":"Point","coordinates":[16.343314,48.239497]},"properties":{"lines":"10A","color":"#0059a9","mode":"bus","arr":["10A"],"angle":-21.8}},{"type":"Feature","geometry":{"type":"Point","coordinates":[16.339331,48.237488]},"properties":{"lines":"10A","color":"#0059a9","mode":"bus","arr":["10A"],"angle":-40,"extra":1}},{"type":"Feature","geometry":{"type":"Point","coordinates":[16.343394,48.237122]},"properties":{"lines":"10A","color":"#0059a9","mode":"bus","arr":["10A"],"angle":-0.3}},{"type":"Feature","geometry":{"type":"Point","coordinates":[16.34891,48.237053]},"properties":{"lines":"10A","color":"#0059a9","mode":"bus","arr":["10A"],"angle":2.6,"extra":1}},{"type":"Feature","geometry":{"type":"Point","coordinates":[16.330457,48.235873]},"properties":{"lines":"10A","color":"#0059a9","mode":"bus","arr":["10A"],"angle":-41.2}},{"type":"Feature","geometry":{"type":"Point","coordinates":[16.327822,48.23478]},"properties":{"lines":"10A","color":"#0059a9","mode":"bus","arr":["10A"],"angle":81}},{"type":"Feature","geometry":{"type":"Point","coordinates":[16.318312,48.201904]},"properties":{"lines":"10A","color":"#0059a9","mode":"bus","arr":["10A"],"angle":25.1}},{"type":"Feature","geometry":{"type":"Point","coordinates":[16.320453,48.219148]},"properties":{"lines":"10A","color":"#0059a9","mode":"bus","arr":["10A"],"angle":-78.5,"extra":1}},{"type":"Feature","geometry":{"type":"Point","coordinates":[16.319025,48.214299]},"properties":{"lines":"10A","color":"#0059a9","mode":"bus","arr":["10A"],"angle":-84.5,"extra":1}},{"type":"Feature","geometry":{"type":"Point","coordinates":[16.318194,48.209422]},"properties":{"lines":"10A","color":"#0059a9","mode":"bus","arr":["10A"],"angle":-77.3,"extra":1}},{"type":"Feature","geometry":{"type":"Point","coordinates":[16.316901,48.204566]},"properties":{"lines":"10A","color":"#0059a9","mode":"bus","arr":["10A"],"angle":-82.5,"extra":1}},{"type":"Feature","geometry":{"type":"Point","coordinates":[16.318202,48.195791]},"properties":{"lines":"10A","color":"#0059a9","mode":"bus","arr":["10A"],"angle":-70.5,"extra":1}},{"type":"Feature","geometry":{"type":"Point","coordinates":[16.315669,48.191142]},"properties":{"lines":"10A","color":"#0059a9","mode":"bus","arr":["10A"],"angle":-70,"extra":1}},{"type":"Feature","geometry":{"type":"Point","coordinates":[16.314302,48.186618]},"properties":{"lines":"10A","color":"#0059a9","mode":"bus","arr":["10A"],"angle":27.9,"extra":1}},{"type":"Feature","geometry":{"type":"Point","coordinates":[16.321714,48.184375]},"properties":{"lines":"10A","color":"#0059a9","mode":"bus","arr":["10A"],"angle":22.4}},{"type":"Feature","geometry":{"type":"Point","coordinates":[16.320254,48.185787]},"properties":{"lines":"10A","color":"#0059a9","mode":"bus","arr":["10A"],"angle":-70.8}},{"type":"Feature","geometry":{"type":"Point","coordinates":[16.33567,48.237089]},"properties":{"lines":"10A, 40A","color":"#0059a9","mode":"bus","arr":["10A","40A"],"angle":0}},{"type":"Feature","geometry":{"type":"Point","coordinates":[16.324255,48.226584]},"properties":{"lines":"10A, 42A","color":"#0059a9","mode":"bus","arr":["10A","42A"],"angle":-59.8}},{"type":"Feature","geometry":{"type":"Point","coordinates":[16.327769,48.228063]},"properties":{"lines":"10A, 42A","color":"#0059a9","mode":"bus","arr":["10A","42A"],"angle":-53,"extra":1}},{"type":"Feature","geometry":{"type":"Point","coordinates":[16.326896,48.183035]},"properties":{"lines":"10A, 63A","color":"#0059a9","mode":"bus","arr":["10A","63A"],"angle":-47.4}},{"type":"Feature","geometry":{"type":"Point","coordinates":[16.332561,48.181328]},"properties":{"lines":"10A, 63A","color":"#0059a9","mode":"bus","arr":["10A","63A"],"angle":-73.8}},{"type":"Feature","geometry":{"type":"Point","coordinates":[16.329258,48.183863]},"properties":{"lines":"10A, 63A","color":"#0059a9","mode":"bus","arr":["10A","63A"],"angle":29.1}},{"type":"Feature","geometry":{"type":"Point","coordinates":[16.327023,48.183378]},"properties":{"lines":"10A, 63A, 7A, 9A","color":"#0059a9","mode":"bus","arr":["10A","63A","7A","9A"],"angle":-78.6}},{"type":"Feature","geometry":{"type":"Point","coordinates":[16.363625,48.246829]},"properties":{"lines":"10A, 11A, 39A","color":"#0059a9","mode":"bus","arr":["10A","11A","39A"],"angle":-69.3}},{"type":"Feature","geometry":{"type":"Point","coordinates":[16.41698,48.214607]},"properties":{"lines":"11A, N81","color":"#0059a9","mode":"bus","arr":["11A","N81"],"angle":47.1}},{"type":"Feature","geometry":{"type":"Point","coordinates":[16.414067,48.216681]},"properties":{"lines":"11A, N81","color":"#0059a9","mode":"bus","arr":["11A","N81"],"angle":48.6,"extra":1}},{"type":"Feature","geometry":{"type":"Point","coordinates":[16.398465,48.228515]},"properties":{"lines":"11A","color":"#0059a9","mode":"bus","arr":["11A"],"angle":52.3}},{"type":"Feature","geometry":{"type":"Point","coordinates":[16.391505,48.234404]},"properties":{"lines":"11A","color":"#0059a9","mode":"bus","arr":["11A"],"angle":51.9,"extra":1}},{"type":"Feature","geometry":{"type":"Point","coordinates":[16.403377,48.222892]},"properties":{"lines":"11A","color":"#0059a9","mode":"bus","arr":["11A"],"angle":48.8,"extra":1}},{"type":"Feature","geometry":{"type":"Point","coordinates":[16.369101,48.245239]},"properties":{"lines":"11A","color":"#0059a9","mode":"bus","arr":["11A"],"angle":-57}},{"type":"Feature","geometry":{"type":"Point","coordinates":[16.364513,48.245237]},"properties":{"lines":"11A","color":"#0059a9","mode":"bus","arr":["11A"],"angle":-1.8}},{"type":"Feature","geometry":{"type":"Point","coordinates":[16.388202,48.237217]},"properties":{"lines":"11A, 37A, 5A","color":"#0059a9","mode":"bus","arr":["11A","37A","5A"],"angle":51.9}},{"type":"Feature","geometry":{"type":"Point","coordinates":[16.382708,48.242205]},"properties":{"lines":"11A, 5A, N8","color":"#0059a9","mode":"bus","arr":["11A","5A","N8"],"angle":53.3}},{"type":"Feature","geometry":{"type":"Point","coordinates":[16.380958,48.242185]},"properties":{"lines":"11A, 5A","color":"#0059a9","mode":"bus","arr":["11A","5A"],"angle":54.3}},{"type":"Feature","geometry":{"type":"Point","coordinates":[16.378521,48.242716]},"properties":{"lines":"11A, 5A","color":"#0059a9","mode":"bus","arr":["11A","5A"],"angle":-18.4}},{"type":"Feature","geometry":{"type":"Point","coordinates":[16.376541,48.244465]},"properties":{"lines":"11A, 5A, N29","color":"#0059a9","mode":"bus","arr":["11A","5A","N29"],"angle":57.6}},{"type":"Feature","geometry":{"type":"Point","coordinates":[16.37281,48.245413]},"properties":{"lines":"11A, N29","color":"#0059a9","mode":"bus","arr":["11A","N29"],"angle":8.5}},{"type":"Feature","geometry":{"type":"Point","coordinates":[16.367565,48.247467]},"properties":{"lines":"11A, 5B","color":"#0059a9","mode":"bus","arr":["11A","5B"],"angle":-69.1}},{"type":"Feature","geometry":{"type":"Point","coordinates":[16.315715,48.206766]},"properties":{"lines":"12A, 48A","color":"#0059a9","mode":"bus","arr":["12A","48A"],"angle":12.9}},{"type":"Feature","geometry":{"type":"Point","coordinates":[16.316584,48.203541]},"properties":{"lines":"12A","color":"#0059a9","mode":"bus","arr":["12A"],"angle":-79.7}},{"type":"Feature","geometry":{"type":"Point","coordinates":[16.329341,48.196502]},"properties":{"lines":"12A","color":"#0059a9","mode":"bus","arr":["12A"],"angle":67.9}},{"type":"Feature","geometry":{"type":"Point","coordinates":[16.331318,48.19003]},"properties":{"lines":"12A","color":"#0059a9","mode":"bus","arr":["12A"],"angle":85.6}},{"type":"Feature","geometry":{"type":"Point","coordinates":[16.345287,48.187841]},"properties":{"lines":"12A","color":"#0059a9","mode":"bus","arr":["12A"],"angle":-27.1}},{"type":"Feature","geometry":{"type":"Point","coordinates":[16.338942,48.186035]},"properties":{"lines":"12A","color":"#0059a9","mode":"bus","arr":["12A"],"angle":-23.7,"extra":1}},{"type":"Feature","geometry":{"type":"Point","coordinates":[16.352637,48.189695]},"properties":{"lines":"12A","color":"#0059a9","mode":"bus","arr":["12A"],"angle":-41,"extra":1}},{"type":"Feature","geometry":{"type":"Point","coordinates":[16.344389,48.18569]},"properties":{"lines":"12A","color":"#0059a9","mode":"bus","arr":["12A"],"angle":-36.1}},{"type":"Feature","geometry":{"type":"Point","coordinates":[16.348553,48.187103]},"properties":{"lines":"12A","color":"#0059a9","mode":"bus","arr":["12A"],"angle":-24.3,"extra":1}},{"type":"Feature","geometry":{"type":"Point","coordinates":[16.353678,48.183182]},"properties":{"lines":"12A","color":"#0059a9","mode":"bus","arr":["12A"],"angle":-28.5}},{"type":"Feature","geometry":{"type":"Point","coordinates":[16.332059,48.189804]},"properties":{"lines":"12A","color":"#0059a9","mode":"bus","arr":["12A"],"angle":81.8}},{"type":"Feature","geometry":{"type":"Point","coordinates":[16.313038,48.202385]},"properties":{"lines":"12A","color":"#0059a9","mode":"bus","arr":["12A"],"angle":-81.5}},{"type":"Feature","geometry":{"type":"Point","coordinates":[16.318389,48.199199]},"properties":{"lines":"12A","color":"#0059a9","mode":"bus","arr":["12A"],"angle":23.6}},{"type":"Feature","geometry":{"type":"Point","coordinates":[16.328989,48.197078]},"properties":{"lines":"12A","color":"#0059a9","mode":"bus","arr":["12A"],"angle":-67.4}},{"type":"Feature","geometry":{"type":"Point","coordinates":[16.329653,48.193401]},"properties":{"lines":"12A, N54","color":"#0059a9","mode":"bus","arr":["12A","N54"],"angle":79.7}},{"type":"Feature","geometry":{"type":"Point","coordinates":[16.332706,48.187978]},"properties":{"lines":"12A, 57A","color":"#0059a9","mode":"bus","arr":["12A","57A"],"angle":-14.2}},{"type":"Feature","geometry":{"type":"Point","coordinates":[16.334849,48.185756]},"properties":{"lines":"12A, N8","color":"#0059a9","mode":"bus","arr":["12A","N8"],"angle":58.4}},{"type":"Feature","geometry":{"type":"Point","coordinates":[16.355203,48.190086]},"properties":{"lines":"12A, 14A, 59A","color":"#0059a9","mode":"bus","arr":["12A","14A","59A"],"angle":65.9}},{"type":"Feature","geometry":{"type":"Point","coordinates":[16.357337,48.191749]},"properties":{"lines":"12A, 13A","color":"#0059a9","mode":"bus","arr":["12A","13A"],"angle":26.1}},{"type":"Feature","geometry":{"type":"Point","coordinates":[16.357034,48.190201]},"properties":{"lines":"12A, 59A","color":"#0059a9","mode":"bus","arr":["12A","59A"],"angle":-71.6}},{"type":"Feature","geometry":{"type":"Point","coordinates":[16.354086,48.185567]},"properties":{"lines":"12A, 14A","color":"#0059a9","mode":"bus","arr":["12A","14A"],"angle":56.2}},{"type":"Feature","geometry":{"type":"Point","coordinates":[16.358947,48.186244]},"properties":{"lines":"12A, 14A","color":"#0059a9","mode":"bus","arr":["12A","14A"],"angle":54.7}},{"type":"Feature","geometry":{"type":"Point","coordinates":[16.352152,48.190409]},"properties":{"lines":"12A, 14A","color":"#0059a9","mode":"bus","arr":["12A","14A"],"angle":-41.8}},{"type":"Feature","geometry":{"type":"Point","coordinates":[16.355327,48.192676]},"properties":{"lines":"12A, 13A, 14A","color":"#0059a9","mode":"bus","arr":["12A","13A","14A"],"angle":38.2}},{"type":"Feature","geometry":{"type":"Point","coordinates":[16.308631,48.188751]},"properties":{"lines":"N54","color":"#0059a9","mode":"bus","arr":["N54"],"angle":-83.2}},{"type":"Feature","geometry":{"type":"Point","coordinates":[16.269116,48.191556]},"properties":{"lines":"N54","color":"#0059a9","mode":"bus","arr":["N54"],"angle":-59.7}},{"type":"Feature","geometry":{"type":"Point","coordinates":[16.273237,48.192434]},"properties":{"lines":"N54","color":"#0059a9","mode":"bus","arr":["N54"],"angle":7.8,"extra":1}},{"type":"Feature","geometry":{"type":"Point","coordinates":[16.293059,48.192327]},"properties":{"lines":"N54","color":"#0059a9","mode":"bus","arr":["N54"],"angle":2}},{"type":"Feature","geometry":{"type":"Point","coordinates":[16.297479,48.19245]},"properties":{"lines":"N54","color":"#0059a9","mode":"bus","arr":["N54"],"angle":-14.4,"extra":1}},{"type":"Feature","geometry":{"type":"Point","coordinates":[16.334046,48.197116]},"properties":{"lines":"N54","color":"#0059a9","mode":"bus","arr":["N54"],"angle":-22.8}},{"type":"Feature","geometry":{"type":"Point","coordinates":[16.338304,48.196534]},"properties":{"lines":"N54","color":"#0059a9","mode":"bus","arr":["N54"],"angle":26.2}},{"type":"Feature","geometry":{"type":"Point","coordinates":[16.348612,48.21233]},"properties":{"lines":"13A","color":"#0059a9","mode":"bus","arr":["13A"],"angle":86.3}},{"type":"Feature","geometry":{"type":"Point","coordinates":[16.349171,48.200426]},"properties":{"lines":"13A","color":"#0059a9","mode":"bus","arr":["13A"],"angle":83.1,"extra":1}},{"type":"Feature","geometry":{"type":"Point","coordinates":[16.349102,48.205356]},"properties":{"lines":"13A","color":"#0059a9","mode":"bus","arr":["13A"],"angle":-84.7,"extra":1}},{"type":"Feature","geometry":{"type":"Point","coordinates":[16.361695,48.190571]},"properties":{"lines":"13A","color":"#0059a9","mode":"bus","arr":["13A"],"angle":54.3}},{"type":"Feature","geometry":{"type":"Point","coordinates":[16.373553,48.186835]},"properties":{"lines":"13A","color":"#0059a9","mode":"bus","arr":["13A"],"angle":87.3}},{"type":"Feature","geometry":{"type":"Point","coordinates":[16.378073,48.18868]},"properties":{"lines":"13A","color":"#0059a9","mode":"bus","arr":["13A"],"angle":-9.4}},{"type":"Feature","geometry":{"type":"Point","coordinates":[16.362578,48.190802]},"properties":{"lines":"13A","color":"#0059a9","mode":"bus","arr":["13A"],"angle":53.2}},{"type":"Feature","geometry":{"type":"Point","coordinates":[16.366493,48.189183]},"properties":{"lines":"13A","color":"#0059a9","mode":"bus","arr":["13A"],"angle":48.7}},{"type":"Feature","geometry":{"type":"Point","coordinates":[16.371139,48.187519]},"properties":{"lines":"13A","color":"#0059a9","mode":"bus","arr":["13A"],"angle":-30.8}},{"type":"Feature","geometry":{"type":"Point","coordinates":[16.365483,48.190618]},"properties":{"lines":"13A","color":"#0059a9","mode":"bus","arr":["13A"],"angle":-27,"extra":1}},{"type":"Feature","geometry":{"type":"Point","coordinates":[16.353478,48.195903]},"properties":{"lines":"13A, 14A","color":"#0059a9","mode":"bus","arr":["13A","14A"],"angle":-61}},{"type":"Feature","geometry":{"type":"Point","coordinates":[16.353269,48.193111]},"properties":{"lines":"13A, 14A","color":"#0059a9","mode":"bus","arr":["13A","14A"],"angle":16.4,"extra":1}},{"type":"Feature","geometry":{"type":"Point","coordinates":[16.359312,48.191981]},"properties":{"lines":"13A, 59A","color":"#0059a9","mode":"bus","arr":["13A","59A"],"angle":-31}},{"type":"Feature","geometry":{"type":"Point","coordinates":[16.37592,48.186309]},"properties":{"lines":"13A, 69A","color":"#0059a9","mode":"bus","arr":["13A","69A"],"angle":-29.7}},{"type":"Feature","geometry":{"type":"Point","coordinates":[16.351178,48.195538]},"properties":{"lines":"13A, 14A, 57A","color":"#0059a9","mode":"bus","arr":["13A","14A","57A"],"angle":-69.6}},{"type":"Feature","geometry":{"type":"Point","coordinates":[16.350202,48.204216]},"properties":{"lines":"13A, 48A, N46","color":"#0059a9","mode":"bus","arr":["13A","48A","N46"],"angle":-0.3}},{"type":"Feature","geometry":{"type":"Point","coordinates":[16.357323,48.182455]},"properties":{"lines":"14A","color":"#0059a9","mode":"bus","arr":["14A"],"angle":55.1}},{"type":"Feature","geometry":{"type":"Point","coordinates":[16.366248,48.178801]},"properties":{"lines":"14A","color":"#0059a9","mode":"bus","arr":["14A"],"angle":4.7}},{"type":"Feature","geometry":{"type":"Point","coordinates":[16.358691,48.183803]},"properties":{"lines":"14A","color":"#0059a9","mode":"bus","arr":["14A"],"angle":52.8}},{"type":"Feature","geometry":{"type":"Point","coordinates":[16.358686,48.181884]},"properties":{"lines":"14A, N62","color":"#0059a9","mode":"bus","arr":["14A","N62"],"angle":-48.7}},{"type":"Feature","geometry":{"type":"Point","coordinates":[16.358526,48.178918]},"properties":{"lines":"N6, N62","color":"#0059a9","mode":"bus","arr":["N6","N62"],"angle":-56}},{"type":"Feature","geometry":{"type":"Point","coordinates":[16.37902,48.177884]},"properties":{"lines":"14A, N6, N68","color":"#0059a9","mode":"bus","arr":["14A","N6","N68"],"angle":5.8}},{"type":"Feature","geometry":{"type":"Point","coordinates":[16.37897,48.176577]},"properties":{"lines":"14A, N6","color":"#0059a9","mode":"bus","arr":["14A","N6"],"angle":-84.2}},{"type":"Feature","geometry":{"type":"Point","coordinates":[16.332415,48.172081]},"properties":{"lines":"15A","color":"#0059a9","mode":"bus","arr":["15A"],"angle":56.9}},{"type":"Feature","geometry":{"type":"Point","coordinates":[16.363158,48.165689]},"properties":{"lines":"15A","color":"#0059a9","mode":"bus","arr":["15A"],"angle":-48.2}},{"type":"Feature","geometry":{"type":"Point","coordinates":[16.375472,48.163641]},"properties":{"lines":"15A","color":"#0059a9","mode":"bus","arr":["15A"],"angle":20.9}},{"type":"Feature","geometry":{"type":"Point","coordinates":[16.388532,48.158159]},"properties":{"lines":"15A","color":"#0059a9","mode":"bus","arr":["15A"],"angle":38.6}},{"type":"Feature","geometry":{"type":"Point","coordinates":[16.405758,48.160198]},"properties":{"lines":"15A","color":"#0059a9","mode":"bus","arr":["15A"],"angle":-28.2}},{"type":"Feature","geometry":{"type":"Point","coordinates":[16.398759,48.157509]},"properties":{"lines":"15A","color":"#0059a9","mode":"bus","arr":["15A"],"angle":-30.8,"extra":1}},{"type":"Feature","geometry":{"type":"Point","coordinates":[16.409926,48.163655]},"properties":{"lines":"15A","color":"#0059a9","mode":"bus","arr":["15A"],"angle":-60.3,"extra":1}},{"type":"Feature","geometry":{"type":"Point","coordinates":[16.40777,48.167883]},"properties":{"lines":"15A","color":"#0059a9","mode":"bus","arr":["15A"],"angle":-48.3}},{"type":"Feature","geometry":{"type":"Point","coordinates":[16.41184,48.171207]},"properties":{"lines":"15A","color":"#0059a9","mode":"bus","arr":["15A"],"angle":-45.2}},{"type":"Feature","geometry":{"type":"Point","coordinates":[16.415964,48.172227]},"properties":{"lines":"15A","color":"#0059a9","mode":"bus","arr":["15A"],"angle":-33.8}},{"type":"Feature","geometry":{"type":"Point","coordinates":[16.331371,48.172199]},"properties":{"lines":"15A, 7B","color":"#0059a9","mode":"bus","arr":["15A","7B"],"angle":-68.8}},{"type":"Feature","geometry":{"type":"Point","coordinates":[16.334179,48.171326]},"properties":{"lines":"15A, 7A, 7B, N62","color":"#0059a9","mode":"bus","arr":["15A","7A","7B","N62"],"angle":9}},{"type":"Feature","geometry":{"type":"Point","coordinates":[16.340235,48.170678]},"properties":{"lines":"15A, 63A, 7A, 7B, N62","color":"#0059a9","mode":"bus","arr":["15A","63A","7A","7B","N62"],"angle":11}},{"type":"Feature","geometry":{"type":"Point","coordinates":[16.344144,48.170111]},"properties":{"lines":"15A, 63A, 7A, N62","color":"#0059a9","mode":"bus","arr":["15A","63A","7A","N62"],"angle":16.7}},{"type":"Feature","geometry":{"type":"Point","coordinates":[16.346521,48.169509]},"properties":{"lines":"15A, N62","color":"#0059a9","mode":"bus","arr":["15A","N62"],"angle":22.3}},{"type":"Feature","geometry":{"type":"Point","coordinates":[16.349611,48.169204]},"properties":{"lines":"15A, N62","color":"#0059a9","mode":"bus","arr":["15A","N62"],"angle":-67.1}},{"type":"Feature","geometry":{"type":"Point","coordinates":[16.34859,48.168923]},"properties":{"lines":"15A, 65A, N62","color":"#0059a9","mode":"bus","arr":["15A","65A","N62"],"angle":23}},{"type":"Feature","geometry":{"type":"Point","coordinates":[16.350519,48.168491]},"properties":{"lines":"15A, 65A","color":"#0059a9","mode":"bus","arr":["15A","65A"],"angle":-22.2}},{"type":"Feature","geometry":{"type":"Point","coordinates":[16.354317,48.167773]},"properties":{"lines":"15A, 65A","color":"#0059a9","mode":"bus","arr":["15A","65A"],"angle":30.2}},{"type":"Feature","geometry":{"type":"Point","coordinates":[16.38338,48.160947]},"properties":{"lines":"15A, N67","color":"#0059a9","mode":"bus","arr":["15A","N67"],"angle":32.5}},{"type":"Feature","geometry":{"type":"Point","coordinates":[16.394042,48.156497]},"properties":{"lines":"15A, 68A, 68B, N68","color":"#0059a9","mode":"bus","arr":["15A","68A","68B","N68"],"angle":27}},{"type":"Feature","geometry":{"type":"Point","coordinates":[16.415491,48.173637]},"properties":{"lines":"15A, N6","color":"#0059a9","mode":"bus","arr":["15A","N6"],"angle":-45.3}},{"type":"Feature","geometry":{"type":"Point","coordinates":[16.352501,48.172825]},"properties":{"lines":"N62","color":"#0059a9","mode":"bus","arr":["N62"],"angle":-57.4}},{"type":"Feature","geometry":{"type":"Point","coordinates":[16.366017,48.196025]},"properties":{"lines":"N62","color":"#0059a9","mode":"bus","arr":["N62"],"angle":21.5}},{"type":"Feature","geometry":{"type":"Point","coordinates":[16.318737,48.172112]},"properties":{"lines":"N62","color":"#0059a9","mode":"bus","arr":["N62"],"angle":-12.5}},{"type":"Feature","geometry":{"type":"Point","coordinates":[16.31592,48.166648]},"properties":{"lines":"16A, 64B","color":"#0059a9","mode":"bus","arr":["16A","64B"],"angle":-2.7}},{"type":"Feature","geometry":{"type":"Point","coordinates":[16.314994,48.164619]},"properties":{"lines":"16A, 64B","color":"#0059a9","mode":"bus","arr":["16A","64B"],"angle":48.2}},{"type":"Feature","geometry":{"type":"Point","coordinates":[16.313942,48.163561]},"properties":{"lines":"16A, 62A","color":"#0059a9","mode":"bus","arr":["16A","62A"],"angle":-49}},{"type":"Feature","geometry":{"type":"Point","coordinates":[16.328727,48.157184]},"properties":{"lines":"16A","color":"#0059a9","mode":"bus","arr":["16A"],"angle":-67.7}},{"type":"Feature","geometry":{"type":"Point","coordinates":[16.333497,48.157619]},"properties":{"lines":"16A","color":"#0059a9","mode":"bus","arr":["16A"],"angle":-46.5}},{"type":"Feature","geometry":{"type":"Point","coordinates":[16.348014,48.151468]},"properties":{"lines":"16A","color":"#0059a9","mode":"bus","arr":["16A"],"angle":-76.8}},{"type":"Feature","geometry":{"type":"Point","coordinates":[16.362224,48.144017]},"properties":{"lines":"16A","color":"#0059a9","mode":"bus","arr":["16A"],"angle":33.9}},{"type":"Feature","geometry":{"type":"Point","coordinates":[16.363234,48.143543]},"properties":{"lines":"16A","color":"#0059a9","mode":"bus","arr":["16A"],"angle":-72.4}},{"type":"Feature","geometry":{"type":"Point","coordinates":[16.375752,48.1383]},"properties":{"lines":"16A","color":"#0059a9","mode":"bus","arr":["16A"],"angle":8.9}},{"type":"Feature","geometry":{"type":"Point","coordinates":[16.382767,48.140877]},"properties":{"lines":"16A","color":"#0059a9","mode":"bus","arr":["16A"],"angle":88.2,"extra":1}},{"type":"Feature","geometry":{"type":"Point","coordinates":[16.380277,48.137932]},"properties":{"lines":"16A","color":"#0059a9","mode":"bus","arr":["16A"],"angle":8.1,"extra":1}},{"type":"Feature","geometry":{"type":"Point","coordinates":[16.366927,48.140517]},"properties":{"lines":"16A","color":"#0059a9","mode":"bus","arr":["16A"],"angle":38.3,"extra":1}},{"type":"Feature","geometry":{"type":"Point","coordinates":[16.321592,48.160697]},"properties":{"lines":"16A, N65","color":"#0059a9","mode":"bus","arr":["16A","N65"],"angle":17.5}},{"type":"Feature","geometry":{"type":"Point","coordinates":[16.323736,48.161791]},"properties":{"lines":"16A, N65","color":"#0059a9","mode":"bus","arr":["16A","N65"],"angle":28.7}},{"type":"Feature","geometry":{"type":"Point","coordinates":[16.338436,48.158747]},"properties":{"lines":"16A, N65","color":"#0059a9","mode":"bus","arr":["16A","N65"],"angle":38.1}},{"type":"Feature","geometry":{"type":"Point","coordinates":[16.345894,48.155082]},"properties":{"lines":"16A, N65","color":"#0059a9","mode":"bus","arr":["16A","N65"],"angle":25.3}},{"type":"Feature","geometry":{"type":"Point","coordinates":[16.347161,48.148846]},"properties":{"lines":"16A, 66A, 67A, N66","color":"#0059a9","mode":"bus","arr":["16A","66A","67A","N66"],"angle":34.3}},{"type":"Feature","geometry":{"type":"Point","coordinates":[16.351095,48.147381]},"properties":{"lines":"16A, 66A, 67A, N66","color":"#0059a9","mode":"bus","arr":["16A","66A","67A","N66"],"angle":31.3,"extra":1}},{"type":"Feature","geometry":{"type":"Point","coordinates":[16.355292,48.14574]},"properties":{"lines":"16A, 17A, 66A, 67A, N66","color":"#0059a9","mode":"bus","arr":["16A","17A","66A","67A","N66"],"angle":26.6}},{"type":"Feature","geometry":{"type":"Point","coordinates":[16.358752,48.144923]},"properties":{"lines":"16A, 17A, 66A, 67A, N66, N67","color":"#0059a9","mode":"bus","arr":["16A","17A","66A","67A","N66","N67"],"angle":20.1}},{"type":"Feature","geometry":{"type":"Point","coordinates":[16.382485,48.146569]},"properties":{"lines":"16A, 17A, 67A, 67B, N17, N67","color":"#0059a9","mode":"bus","arr":["16A","17A","67A","67B","N17","N67"],"angle":87}},{"type":"Feature","geometry":{"type":"Point","coordinates":[16.38227,48.151464]},"properties":{"lines":"16A, 17A, 19A, 67A, 67B, N17, N67","color":"#0059a9","mode":"bus","arr":["16A","17A","19A","67A","67B","N17","N67"],"angle":88.1}},{"type":"Feature","geometry":{"type":"Point","coordinates":[16.381662,48.152768]},"properties":{"lines":"16A, 17A, N17","color":"#0059a9","mode":"bus","arr":["16A","17A","N17"],"angle":83.2}},{"type":"Feature","geometry":{"type":"Point","coordinates":[16.355349,48.145817]},"properties":{"lines":"16A, 17A, 67A, N67","color":"#0059a9","mode":"bus","arr":["16A","17A","67A","N67"],"angle":25.2}},{"type":"Feature","geometry":{"type":"Point","coordinates":[16.353048,48.147355]},"properties":{"lines":"16A, 67A","color":"#0059a9","mode":"bus","arr":["16A","67A"],"angle":-72.3}},{"type":"Feature","geometry":{"type":"Point","coordinates":[16.352469,48.142796]},"properties":{"lines":"17A, N67","color":"#0059a9","mode":"bus","arr":["17A","N67"],"angle":-72.3}},{"type":"Feature","geometry":{"type":"Point","coordinates":[16.351136,48.137089]},"properties":{"lines":"17A, N67","color":"#0059a9","mode":"bus","arr":["17A","N67"],"angle":-71.3}},{"type":"Feature","geometry":{"type":"Point","coordinates":[16.361291,48.144899]},"properties":{"lines":"17A, 66A, 67A, N66, N67","color":"#0059a9","mode":"bus","arr":["17A","66A","67A","N66","N67"],"angle":-81}},{"type":"Feature","geometry":{"type":"Point","coordinates":[16.361219,48.146743]},"properties":{"lines":"17A, 66A, 67A, 67B, N66, N67","color":"#0059a9","mode":"bus","arr":["17A","66A","67A","67B","N66","N67"],"angle":85.4}},{"type":"Feature","geometry":{"type":"Point","coordinates":[16.362383,48.150423]},"properties":{"lines":"17A, 66A, N66","color":"#0059a9","mode":"bus","arr":["17A","66A","N66"],"angle":-71.2}},{"type":"Feature","geometry":{"type":"Point","coordinates":[16.376814,48.150826]},"properties":{"lines":"17A","color":"#0059a9","mode":"bus","arr":["17A"],"angle":22.3}},{"type":"Feature","geometry":{"type":"Point","coordinates":[16.371792,48.151832]},"properties":{"lines":"17A","color":"#0059a9","mode":"bus","arr":["17A"],"angle":5.4,"extra":1}},{"type":"Feature","geometry":{"type":"Point","coordinates":[16.406202,48.138071]},"properties":{"lines":"17A","color":"#0059a9","mode":"bus","arr":["17A"],"angle":13.4}},{"type":"Feature","geometry":{"type":"Point","coordinates":[16.371283,48.15314]},"properties":{"lines":"17A","color":"#0059a9","mode":"bus","arr":["17A"],"angle":89.5}},{"type":"Feature","geometry":{"type":"Point","coordinates":[16.365838,48.1541]},"properties":{"lines":"17A","color":"#0059a9","mode":"bus","arr":["17A"],"angle":11.8,"extra":1}},{"type":"Feature","geometry":{"type":"Point","coordinates":[16.390866,48.140138]},"properties":{"lines":"17A, N17","color":"#0059a9","mode":"bus","arr":["17A","N17"],"angle":30.4}},{"type":"Feature","geometry":{"type":"Point","coordinates":[16.385834,48.142099]},"properties":{"lines":"17A, N17","color":"#0059a9","mode":"bus","arr":["17A","N17"],"angle":30.6,"extra":1}},{"type":"Feature","geometry":{"type":"Point","coordinates":[16.399158,48.137994]},"properties":{"lines":"17A, N17","color":"#0059a9","mode":"bus","arr":["17A","N17"],"angle":6.8,"extra":1}},{"type":"Feature","geometry":{"type":"Point","coordinates":[16.404308,48.137538]},"properties":{"lines":"17A, 70A, N17","color":"#0059a9","mode":"bus","arr":["17A","70A","N17"],"angle":5.7}},{"type":"Feature","geometry":{"type":"Point","coordinates":[16.399482,48.142356]},"properties":{"lines":"17A, 70A","color":"#0059a9","mode":"bus","arr":["17A","70A"],"angle":80.6}},{"type":"Feature","geometry":{"type":"Point","coordinates":[16.397019,48.144559]},"properties":{"lines":"17A, 68B, 70A, N68","color":"#0059a9","mode":"bus","arr":["17A","68B","70A","N68"],"angle":53.1}},{"type":"Feature","geometry":{"type":"Point","coordinates":[16.398332,48.143542]},"properties":{"lines":"17A, 68B, 70A, N68","color":"#0059a9","mode":"bus","arr":["17A","68B","70A","N68"],"angle":34.2}},{"type":"Feature","geometry":{"type":"Point","coordinates":[16.382093,48.153668]},"properties":{"lines":"19A, 67A, 67B, N67","color":"#0059a9","mode":"bus","arr":["19A","67A","67B","N67"],"angle":87.6}},{"type":"Feature","geometry":{"type":"Point","coordinates":[16.383977,48.153652]},"properties":{"lines":"19A, 67A, 67B","color":"#0059a9","mode":"bus","arr":["19A","67A","67B"],"angle":28.8}},{"type":"Feature","geometry":{"type":"Point","coordinates":[16.383028,48.149791]},"properties":{"lines":"19A, 67A, 67B","color":"#0059a9","mode":"bus","arr":["19A","67A","67B"],"angle":7.2}},{"type":"Feature","geometry":{"type":"Point","coordinates":[16.391624,48.147561]},"properties":{"lines":"19A","color":"#0059a9","mode":"bus","arr":["19A"],"angle":-70.1}},{"type":"Feature","geometry":{"type":"Point","coordinates":[16.388671,48.151384]},"properties":{"lines":"19A","color":"#0059a9","mode":"bus","arr":["19A"],"angle":41.5,"extra":1}},{"type":"Feature","geometry":{"type":"Point","coordinates":[16.372533,48.20932]},"properties":{"lines":"1A, 2A, 3A","color":"#0059a9","mode":"bus","arr":["1A","2A","3A"],"angle":36.6}},{"type":"Feature","geometry":{"type":"Point","coordinates":[16.370081,48.21212]},"properties":{"lines":"1A, 3A","color":"#0059a9","mode":"bus","arr":["1A","3A"],"angle":30.3}},{"type":"Feature","geometry":{"type":"Point","coordinates":[16.364972,48.213641]},"properties":{"lines":"1A","color":"#0059a9","mode":"bus","arr":["1A"],"angle":-36.3}},{"type":"Feature","geometry":{"type":"Point","coordinates":[16.36412,48.212114]},"properties":{"lines":"1A","color":"#0059a9","mode":"bus","arr":["1A"],"angle":56.2}},{"type":"Feature","geometry":{"type":"Point","coordinates":[16.368432,48.206344]},"properties":{"lines":"1A","color":"#0059a9","mode":"bus","arr":["1A"],"angle":-54.7}},{"type":"Feature","geometry":{"type":"Point","coordinates":[16.362864,48.213602]},"properties":{"lines":"1A, N41, N43","color":"#0059a9","mode":"bus","arr":["1A","N41","N43"],"angle":51}},{"type":"Feature","geometry":{"type":"Point","coordinates":[16.36631,48.208674]},"properties":{"lines":"1A, 2A","color":"#0059a9","mode":"bus","arr":["1A","2A"],"angle":72.1}},{"type":"Feature","geometry":{"type":"Point","coordinates":[16.36887,48.208739]},"properties":{"lines":"1A, 2A","color":"#0059a9","mode":"bus","arr":["1A","2A"],"angle":-55.6}},{"type":"Feature","geometry":{"type":"Point","coordinates":[16.368642,48.204769]},"properties":{"lines":"2A","color":"#0059a9","mode":"bus","arr":["2A"],"angle":68.9}},{"type":"Feature","geometry":{"type":"Point","coordinates":[16.37192,48.214937]},"properties":{"lines":"2A","color":"#0059a9","mode":"bus","arr":["2A"],"angle":-44}},{"type":"Feature","geometry":{"type":"Point","coordinates":[16.367641,48.213294]},"properties":{"lines":"2A","color":"#0059a9","mode":"bus","arr":["2A"],"angle":-51.2}},{"type":"Feature","geometry":{"type":"Point","coordinates":[16.370016,48.203691]},"properties":{"lines":"2A","color":"#0059a9","mode":"bus","arr":["2A"],"angle":26.2}},{"type":"Feature","geometry":{"type":"Point","coordinates":[16.375376,48.210923]},"properties":{"lines":"2A","color":"#0059a9","mode":"bus","arr":["2A"],"angle":-44.8}},{"type":"Feature","geometry":{"type":"Point","coordinates":[16.407847,48.234758]},"properties":{"lines":"20A","color":"#0059a9","mode":"bus","arr":["20A"],"angle":87.1}},{"type":"Feature","geometry":{"type":"Point","coordinates":[16.402863,48.24116]},"properties":{"lines":"20A","color":"#0059a9","mode":"bus","arr":["20A"],"angle":-69.9}},{"type":"Feature","geometry":{"type":"Point","coordinates":[16.409564,48.242313]},"properties":{"lines":"20A","color":"#0059a9","mode":"bus","arr":["20A"],"angle":-35.3,"extra":1}},{"type":"Feature","geometry":{"type":"Point","coordinates":[16.406455,48.236734]},"properties":{"lines":"20A","color":"#0059a9","mode":"bus","arr":["20A"],"angle":52.6,"extra":1}},{"type":"Feature","geometry":{"type":"Point","coordinates":[16.407508,48.245298]},"properties":{"lines":"20A","color":"#0059a9","mode":"bus","arr":["20A"],"angle":27.4}},{"type":"Feature","geometry":{"type":"Point","coordinates":[16.402282,48.246278]},"properties":{"lines":"20A","color":"#0059a9","mode":"bus","arr":["20A"],"angle":13.3,"extra":1}},{"type":"Feature","geometry":{"type":"Point","coordinates":[16.400982,48.245573]},"properties":{"lines":"20A","color":"#0059a9","mode":"bus","arr":["20A"],"angle":12.7}},{"type":"Feature","geometry":{"type":"Point","coordinates":[16.397358,48.246411]},"properties":{"lines":"20A, 20B","color":"#0059a9","mode":"bus","arr":["20A","20B"],"angle":-28.5}},{"type":"Feature","geometry":{"type":"Point","coordinates":[16.395959,48.245898]},"properties":{"lines":"20A, 20B","color":"#0059a9","mode":"bus","arr":["20A","20B"],"angle":-67.9}},{"type":"Feature","geometry":{"type":"Point","coordinates":[16.418283,48.24132]},"properties":{"lines":"20B","color":"#0059a9","mode":"bus","arr":["20B"],"angle":35}},{"type":"Feature","geometry":{"type":"Point","coordinates":[16.407154,48.246023]},"properties":{"lines":"20B","color":"#0059a9","mode":"bus","arr":["20B"],"angle":29,"extra":1}},{"type":"Feature","geometry":{"type":"Point","coordinates":[16.400137,48.247373]},"properties":{"lines":"20B","color":"#0059a9","mode":"bus","arr":["20B"],"angle":-18.1,"extra":1}},{"type":"Feature","geometry":{"type":"Point","coordinates":[16.443465,48.250803]},"properties":{"lines":"22A, 24A, 31A, N23, N24","color":"#0059a9","mode":"bus","arr":["22A","24A","31A","N23","N24"],"angle":-61.2}},{"type":"Feature","geometry":{"type":"Point","coordinates":[16.450654,48.248403]},"properties":{"lines":"22A, 24A, N23, N24","color":"#0059a9","mode":"bus","arr":["22A","24A","N23","N24"],"angle":3.7}},{"type":"Feature","geometry":{"type":"Point","coordinates":[16.443838,48.250515]},"properties":{"lines":"22A, 24A, N23, N24, N25","color":"#0059a9","mode":"bus","arr":["22A","24A","N23","N24","N25"],"angle":-61}},{"type":"Feature","geometry":{"type":"Point","coordinates":[16.446456,48.249327]},"properties":{"lines":"22A, N23, N24","color":"#0059a9","mode":"bus","arr":["22A","N23","N24"],"angle":21}},{"type":"Feature","geometry":{"type":"Point","coordinates":[16.451718,48.247148]},"properties":{"lines":"22A, N23, N24","color":"#0059a9","mode":"bus","arr":["22A","N23","N24"],"angle":76.2}},{"type":"Feature","geometry":{"type":"Point","coordinates":[16.455772,48.243605]},"properties":{"lines":"22A, N23, N24","color":"#0059a9","mode":"bus","arr":["22A","N23","N24"],"angle":42.4}},{"type":"Feature","geometry":{"type":"Point","coordinates":[16.463743,48.239186]},"properties":{"lines":"22A, 87A, N23, N24","color":"#0059a9","mode":"bus","arr":["22A","87A","N23","N24"],"angle":-84.8}},{"type":"Feature","geometry":{"type":"Point","coordinates":[16.461835,48.236752]},"properties":{"lines":"22A, 87A, N23, N24","color":"#0059a9","mode":"bus","arr":["22A","87A","N23","N24"],"angle":68.2,"extra":1}},{"type":"Feature","geometry":{"type":"Point","coordinates":[16.462399,48.235809]},"properties":{"lines":"22A, 86A, 87A, N23, N24","color":"#0059a9","mode":"bus","arr":["22A","86A","87A","N23","N24"],"angle":80.5}},{"type":"Feature","geometry":{"type":"Point","coordinates":[16.466656,48.234785]},"properties":{"lines":"22A, 95A, N23, N24","color":"#0059a9","mode":"bus","arr":["22A","95A","N23","N24"],"angle":5.2}},{"type":"Feature","geometry":{"type":"Point","coordinates":[16.471469,48.235828]},"properties":{"lines":"22A, 95A, 95B, N23, N24","color":"#0059a9","mode":"bus","arr":["22A","95A","95B","N23","N24"],"angle":-15.8}},{"type":"Feature","geometry":{"type":"Point","coordinates":[16.471655,48.233]},"properties":{"lines":"22A, 95B","color":"#0059a9","mode":"bus","arr":["22A","95B"],"angle":-63.8}},{"type":"Feature","geometry":{"type":"Point","coordinates":[16.473189,48.226869]},"properties":{"lines":"22A","color":"#0059a9","mode":"bus","arr":["22A"],"angle":-35.9}},{"type":"Feature","geometry":{"type":"Point","coordinates":[16.475881,48.223446]},"properties":{"lines":"22A, 84A, 93A, 97A, 98A","color":"#0059a9","mode":"bus","arr":["22A","84A","93A","97A","98A"],"angle":-62.9}},{"type":"Feature","geometry":{"type":"Point","coordinates":[16.474996,48.22302]},"properties":{"lines":"22A, 84A, 97A","color":"#0059a9","mode":"bus","arr":["22A","84A","97A"],"angle":82}},{"type":"Feature","geometry":{"type":"Point","coordinates":[16.446432,48.249287]},"properties":{"lines":"22A, 24A, N24","color":"#0059a9","mode":"bus","arr":["22A","24A","N24"],"angle":20.3}},{"type":"Feature","geometry":{"type":"Point","coordinates":[16.438791,48.250356]},"properties":{"lines":"N20","color":"#0059a9","mode":"bus","arr":["N20"],"angle":9.2}},{"type":"Feature","geometry":{"type":"Point","coordinates":[16.477347,48.217692]},"properties":{"lines":"N20","color":"#0059a9","mode":"bus","arr":["N20"],"angle":11.2}},{"type":"Feature","geometry":{"type":"Point","coordinates":[16.408133,48.254951]},"properties":{"lines":"N20","color":"#0059a9","mode":"bus","arr":["N20"],"angle":-3.2}},{"type":"Feature","geometry":{"type":"Point","coordinates":[16.403046,48.257709]},"properties":{"lines":"N20","color":"#0059a9","mode":"bus","arr":["N20"],"angle":-56.7}},{"type":"Feature","geometry":{"type":"Point","coordinates":[16.455171,48.228071]},"properties":{"lines":"N20","color":"#0059a9","mode":"bus","arr":["N20"],"angle":20.6}},{"type":"Feature","geometry":{"type":"Point","coordinates":[16.456787,48.224543]},"properties":{"lines":"N20","color":"#0059a9","mode":"bus","arr":["N20"],"angle":70.5}},{"type":"Feature","geometry":{"type":"Point","coordinates":[16.488877,48.251352]},"properties":{"lines":"24A, N24","color":"#0059a9","mode":"bus","arr":["24A","N24"],"angle":7.4}},{"type":"Feature","geometry":{"type":"Point","coordinates":[16.465154,48.251894]},"properties":{"lines":"24A, N24","color":"#0059a9","mode":"bus","arr":["24A","N24"],"angle":12.9,"extra":1}},{"type":"Feature","geometry":{"type":"Point","coordinates":[16.483815,48.251459]},"properties":{"lines":"24A, N24","color":"#0059a9","mode":"bus","arr":["24A","N24"],"angle":1.2,"extra":1}},{"type":"Feature","geometry":{"type":"Point","coordinates":[16.516876,48.250421]},"properties":{"lines":"24A","color":"#0059a9","mode":"bus","arr":["24A"],"angle":0.5}},{"type":"Feature","geometry":{"type":"Point","coordinates":[16.505194,48.251133]},"properties":{"lines":"24A","color":"#0059a9","mode":"bus","arr":["24A"],"angle":2.4,"extra":1}},{"type":"Feature","geometry":{"type":"Point","coordinates":[16.512604,48.250867]},"properties":{"lines":"24A","color":"#0059a9","mode":"bus","arr":["24A"],"angle":0.3,"extra":1}},{"type":"Feature","geometry":{"type":"Point","coordinates":[16.527259,48.249578]},"properties":{"lines":"24A","color":"#0059a9","mode":"bus","arr":["24A"],"angle":11,"extra":1}},{"type":"Feature","geometry":{"type":"Point","coordinates":[16.454652,48.250227]},"properties":{"lines":"N24","color":"#0059a9","mode":"bus","arr":["N24"],"angle":-31.3}},{"type":"Feature","geometry":{"type":"Point","coordinates":[16.489686,48.237967]},"properties":{"lines":"N24","color":"#0059a9","mode":"bus","arr":["N24"],"angle":-63.1}},{"type":"Feature","geometry":{"type":"Point","coordinates":[16.491838,48.241155]},"properties":{"lines":"N24","color":"#0059a9","mode":"bus","arr":["N24"],"angle":-71.9}},{"type":"Feature","geometry":{"type":"Point","coordinates":[16.470352,48.251634]},"properties":{"lines":"24A, 87A, N24","color":"#0059a9","mode":"bus","arr":["24A","87A","N24"],"angle":-4.8}},{"type":"Feature","geometry":{"type":"Point","coordinates":[16.478712,48.251438]},"properties":{"lines":"24A, 86A, N24","color":"#0059a9","mode":"bus","arr":["24A","86A","N24"],"angle":-3.4}},{"type":"Feature","geometry":{"type":"Point","coordinates":[16.499556,48.251234]},"properties":{"lines":"24A, 28A, 97A","color":"#0059a9","mode":"bus","arr":["24A","28A","97A"],"angle":-0.9}},{"type":"Feature","geometry":{"type":"Point","coordinates":[16.53224,48.249188]},"properties":{"lines":"24A, 89A","color":"#0059a9","mode":"bus","arr":["24A","89A"],"angle":-2.7}},{"type":"Feature","geometry":{"type":"Point","coordinates":[16.451236,48.259048]},"properties":{"lines":"25A","color":"#0059a9","mode":"bus","arr":["25A"],"angle":-65.2}},{"type":"Feature","geometry":{"type":"Point","coordinates":[16.459831,48.260715]},"properties":{"lines":"25A","color":"#0059a9","mode":"bus","arr":["25A"],"angle":-67.1}},{"type":"Feature","geometry":{"type":"Point","coordinates":[16.475866,48.275246]},"properties":{"lines":"25A","color":"#0059a9","mode":"bus","arr":["25A"],"angle":-8.6}},{"type":"Feature","geometry":{"type":"Point","coordinates":[16.463013,48.263473]},"properties":{"lines":"25A","color":"#0059a9","mode":"bus","arr":["25A"],"angle":27.2,"extra":1}},{"type":"Feature","geometry":{"type":"Point","coordinates":[16.464723,48.270036]},"properties":{"lines":"25A","color":"#0059a9","mode":"bus","arr":["25A"],"angle":-43,"extra":1}},{"type":"Feature","geometry":{"type":"Point","coordinates":[16.470539,48.273094]},"properties":{"lines":"25A","color":"#0059a9","mode":"bus","arr":["25A"],"angle":-39,"extra":1}},{"type":"Feature","geometry":{"type":"Point","coordinates":[16.483947,48.276585]},"properties":{"lines":"25A","color":"#0059a9","mode":"bus","arr":["25A"],"angle":-24.3,"extra":1}},{"type":"Feature","geometry":{"type":"Point","coordinates":[16.490715,48.278624]},"properties":{"lines":"25A","color":"#0059a9","mode":"bus","arr":["25A"],"angle":-24.3,"extra":1}},{"type":"Feature","geometry":{"type":"Point","coordinates":[16.462529,48.266916]},"properties":{"lines":"25A","color":"#0059a9","mode":"bus","arr":["25A"],"angle":-37.3}},{"type":"Feature","geometry":{"type":"Point","coordinates":[16.449551,48.257126]},"properties":{"lines":"25A, 27A, N25","color":"#0059a9","mode":"bus","arr":["25A","27A","N25"],"angle":24.9}},{"type":"Feature","geometry":{"type":"Point","coordinates":[16.450427,48.259115]},"properties":{"lines":"25A, 27A","color":"#0059a9","mode":"bus","arr":["25A","27A"],"angle":-64.4}},{"type":"Feature","geometry":{"type":"Point","coordinates":[16.453162,48.26262]},"properties":{"lines":"25A, N25","color":"#0059a9","mode":"bus","arr":["25A","N25"],"angle":3.7}},{"type":"Feature","geometry":{"type":"Point","coordinates":[16.455356,48.259704]},"properties":{"lines":"25A, N25","color":"#0059a9","mode":"bus","arr":["25A","N25"],"angle":25.4}},{"type":"Feature","geometry":{"type":"Point","coordinates":[16.462735,48.26224]},"properties":{"lines":"25A, 28A","color":"#0059a9","mode":"bus","arr":["25A","28A"],"angle":23.1}},{"type":"Feature","geometry":{"type":"Point","coordinates":[16.493803,48.278325]},"properties":{"lines":"25A, 25B","color":"#0059a9","mode":"bus","arr":["25A","25B"],"angle":36}},{"type":"Feature","geometry":{"type":"Point","coordinates":[16.495948,48.277613]},"properties":{"lines":"25A, 25B","color":"#0059a9","mode":"bus","arr":["25A","25B"],"angle":11.1}},{"type":"Feature","geometry":{"type":"Point","coordinates":[16.497457,48.283525]},"properties":{"lines":"25B","color":"#0059a9","mode":"bus","arr":["25B"],"angle":-62}},{"type":"Feature","geometry":{"type":"Point","coordinates":[16.488662,48.282047]},"properties":{"lines":"25B","color":"#0059a9","mode":"bus","arr":["25B"],"angle":48.9}},{"type":"Feature","geometry":{"type":"Point","coordinates":[16.485245,48.284645]},"properties":{"lines":"25B","color":"#0059a9","mode":"bus","arr":["25B"],"angle":40.8,"extra":1}},{"type":"Feature","geometry":{"type":"Point","coordinates":[16.484396,48.284953]},"properties":{"lines":"25B","color":"#0059a9","mode":"bus","arr":["25B"],"angle":49.9}},{"type":"Feature","geometry":{"type":"Point","coordinates":[16.466488,48.225068]},"properties":{"lines":"26A","color":"#0059a9","mode":"bus","arr":["26A"],"angle":27.3}},{"type":"Feature","geometry":{"type":"Point","coordinates":[16.46123,48.226935]},"properties":{"lines":"26A","color":"#0059a9","mode":"bus","arr":["26A"],"angle":27.7,"extra":1}},{"type":"Feature","geometry":{"type":"Point","coordinates":[16.474133,48.222306]},"properties":{"lines":"26A","color":"#0059a9","mode":"bus","arr":["26A"],"angle":27.7,"extra":1}},{"type":"Feature","geometry":{"type":"Point","coordinates":[16.550019,48.204286]},"properties":{"lines":"26A","color":"#0059a9","mode":"bus","arr":["26A"],"angle":62.5}},{"type":"Feature","geometry":{"type":"Point","coordinates":[16.550186,48.20158]},"properties":{"lines":"26A","color":"#0059a9","mode":"bus","arr":["26A"],"angle":74.5,"extra":1}},{"type":"Feature","geometry":{"type":"Point","coordinates":[16.443707,48.233847]},"properties":{"lines":"26A, N20","color":"#0059a9","mode":"bus","arr":["26A","N20"],"angle":86.5}},{"type":"Feature","geometry":{"type":"Point","coordinates":[16.501103,48.216028]},"properties":{"lines":"26A, N20","color":"#0059a9","mode":"bus","arr":["26A","N20"],"angle":12}},{"type":"Feature","geometry":{"type":"Point","coordinates":[16.495298,48.216842]},"properties":{"lines":"26A, N20","color":"#0059a9","mode":"bus","arr":["26A","N20"],"angle":11.7,"extra":1}},{"type":"Feature","geometry":{"type":"Point","coordinates":[16.509817,48.214752]},"properties":{"lines":"26A, N20","color":"#0059a9","mode":"bus","arr":["26A","N20"],"angle":11.2,"extra":1}},{"type":"Feature","geometry":{"type":"Point","coordinates":[16.436267,48.24069]},"properties":{"lines":"26A, N20","color":"#0059a9","mode":"bus","arr":["26A","N20"],"angle":49.5}},{"type":"Feature","geometry":{"type":"Point","coordinates":[16.43777,48.239531]},"properties":{"lines":"26A, N20","color":"#0059a9","mode":"bus","arr":["26A","N20"],"angle":-13}},{"type":"Feature","geometry":{"type":"Point","coordinates":[16.440874,48.237601]},"properties":{"lines":"26A, N20","color":"#0059a9","mode":"bus","arr":["26A","N20"],"angle":51.6,"extra":1}},{"type":"Feature","geometry":{"type":"Point","coordinates":[16.478032,48.220903]},"properties":{"lines":"26A, 93A, 98A","color":"#0059a9","mode":"bus","arr":["26A","93A","98A"],"angle":28.8}},{"type":"Feature","geometry":{"type":"Point","coordinates":[16.482654,48.218955]},"properties":{"lines":"26A, N84","color":"#0059a9","mode":"bus","arr":["26A","N84"],"angle":44.2}},{"type":"Feature","geometry":{"type":"Point","coordinates":[16.485601,48.217575]},"properties":{"lines":"26A, 92A, 97A, N20, N84, N91","color":"#0059a9","mode":"bus","arr":["26A","92A","97A","N20","N84","N91"],"angle":13.1}},{"type":"Feature","geometry":{"type":"Point","coordinates":[16.489569,48.216941]},"properties":{"lines":"26A, 97A, N20","color":"#0059a9","mode":"bus","arr":["26A","97A","N20"],"angle":10.6}},{"type":"Feature","geometry":{"type":"Point","coordinates":[16.513391,48.214633]},"properties":{"lines":"26A, 88A, 88B, N20","color":"#0059a9","mode":"bus","arr":["26A","88A","88B","N20"],"angle":3}},{"type":"Feature","geometry":{"type":"Point","coordinates":[16.521342,48.214588]},"properties":{"lines":"26A, 88A, 88B, 98A, N20","color":"#0059a9","mode":"bus","arr":["26A","88A","88B","98A","N20"],"angle":-3.5}},{"type":"Feature","geometry":{"type":"Point","coordinates":[16.527983,48.213493]},"properties":{"lines":"26A, 88A, 88B, 99A, 99B, N20","color":"#0059a9","mode":"bus","arr":["26A","88A","88B","99A","99B","N20"],"angle":32.9}},{"type":"Feature","geometry":{"type":"Point","coordinates":[16.535086,48.210293]},"properties":{"lines":"26A, 88A, N20","color":"#0059a9","mode":"bus","arr":["26A","88A","N20"],"angle":29.6}},{"type":"Feature","geometry":{"type":"Point","coordinates":[16.539141,48.208753]},"properties":{"lines":"26A, 88A, N20","color":"#0059a9","mode":"bus","arr":["26A","88A","N20"],"angle":29.6,"extra":1}},{"type":"Feature","geometry":{"type":"Point","coordinates":[16.542052,48.207711]},"properties":{"lines":"26A, 88A","color":"#0059a9","mode":"bus","arr":["26A","88A"],"angle":26.8}},{"type":"Feature","geometry":{"type":"Point","coordinates":[16.434263,48.247699]},"properties":{"lines":"27A","color":"#0059a9","mode":"bus","arr":["27A"],"angle":-88.8}},{"type":"Feature","geometry":{"type":"Point","coordinates":[16.433182,48.256174]},"properties":{"lines":"27A","color":"#0059a9","mode":"bus","arr":["27A"],"angle":-63.2}},{"type":"Feature","geometry":{"type":"Point","coordinates":[16.435083,48.258729]},"properties":{"lines":"27A","color":"#0059a9","mode":"bus","arr":["27A"],"angle":-64.9,"extra":1}},{"type":"Feature","geometry":{"type":"Point","coordinates":[16.464501,48.259226]},"properties":{"lines":"27A","color":"#0059a9","mode":"bus","arr":["27A"],"angle":-68.4}},{"type":"Feature","geometry":{"type":"Point","coordinates":[16.463097,48.25974]},"properties":{"lines":"27A","color":"#0059a9","mode":"bus","arr":["27A"],"angle":-68.3}},{"type":"Feature","geometry":{"type":"Point","coordinates":[16.44857,48.257457]},"properties":{"lines":"27A","color":"#0059a9","mode":"bus","arr":["27A"],"angle":26.9}},{"type":"Feature","geometry":{"type":"Point","coordinates":[16.449116,48.260124]},"properties":{"lines":"27A","color":"#0059a9","mode":"bus","arr":["27A"],"angle":53.6}},{"type":"Feature","geometry":{"type":"Point","coordinates":[16.432371,48.251016]},"properties":{"lines":"27A, N20","color":"#0059a9","mode":"bus","arr":["27A","N20"],"angle":8.5}},{"type":"Feature","geometry":{"type":"Point","coordinates":[16.437008,48.261357]},"properties":{"lines":"27A, 31A","color":"#0059a9","mode":"bus","arr":["27A","31A"],"angle":65.2}},{"type":"Feature","geometry":{"type":"Point","coordinates":[16.438367,48.262974]},"properties":{"lines":"27A, 28A, 29A","color":"#0059a9","mode":"bus","arr":["27A","28A","29A"],"angle":-10.9}},{"type":"Feature","geometry":{"type":"Point","coordinates":[16.443173,48.263268]},"properties":{"lines":"27A, N25","color":"#0059a9","mode":"bus","arr":["27A","N25"],"angle":14}},{"type":"Feature","geometry":{"type":"Point","coordinates":[16.44636,48.262554]},"properties":{"lines":"27A, N25","color":"#0059a9","mode":"bus","arr":["27A","N25"],"angle":24.5}},{"type":"Feature","geometry":{"type":"Point","coordinates":[16.441566,48.263652]},"properties":{"lines":"27A, N25","color":"#0059a9","mode":"bus","arr":["27A","N25"],"angle":-9.6,"extra":1}},{"type":"Feature","geometry":{"type":"Point","coordinates":[16.454587,48.255567]},"properties":{"lines":"27A, N25","color":"#0059a9","mode":"bus","arr":["27A","N25"],"angle":24.7}},{"type":"Feature","geometry":{"type":"Point","coordinates":[16.460163,48.255336]},"properties":{"lines":"27A, N25","color":"#0059a9","mode":"bus","arr":["27A","N25"],"angle":-63.4,"extra":1}},{"type":"Feature","geometry":{"type":"Point","coordinates":[16.462085,48.255431]},"properties":{"lines":"27A, N25","color":"#0059a9","mode":"bus","arr":["27A","N25"],"angle":-65.3}},{"type":"Feature","geometry":{"type":"Point","coordinates":[16.467506,48.261014]},"properties":{"lines":"27A, 28A","color":"#0059a9","mode":"bus","arr":["27A","28A"],"angle":19.1}},{"type":"Feature","geometry":{"type":"Point","coordinates":[16.472764,48.263874]},"properties":{"lines":"27A, 87A","color":"#0059a9","mode":"bus","arr":["27A","87A"],"angle":-71.1}},{"type":"Feature","geometry":{"type":"Point","coordinates":[16.43883,48.263136]},"properties":{"lines":"27A, 29A","color":"#0059a9","mode":"bus","arr":["27A","29A"],"angle":-8.9}},{"type":"Feature","geometry":{"type":"Point","coordinates":[16.427747,48.246964]},"properties":{"lines":"27A, 27B","color":"#0059a9","mode":"bus","arr":["27A","27B"],"angle":-88.4}},{"type":"Feature","geometry":{"type":"Point","coordinates":[16.427297,48.253789]},"properties":{"lines":"27B","color":"#0059a9","mode":"bus","arr":["27B"],"angle":55.4}},{"type":"Feature","geometry":{"type":"Point","coordinates":[16.426165,48.256564]},"properties":{"lines":"27B","color":"#0059a9","mode":"bus","arr":["27B"],"angle":-64.1}},{"type":"Feature","geometry":{"type":"Point","coordinates":[16.432577,48.243315]},"properties":{"lines":"27A, 27B, 94A","color":"#0059a9","mode":"bus","arr":["27A","27B","94A"],"angle":74.3}},{"type":"Feature","geometry":{"type":"Point","coordinates":[16.440509,48.264731]},"properties":{"lines":"28A, 29A, N25","color":"#0059a9","mode":"bus","arr":["28A","29A","N25"],"angle":76.2}},{"type":"Feature","geometry":{"type":"Point","coordinates":[16.45719,48.264199]},"properties":{"lines":"28A","color":"#0059a9","mode":"bus","arr":["28A"],"angle":27.3}},{"type":"Feature","geometry":{"type":"Point","coordinates":[16.480696,48.258133]},"properties":{"lines":"28A","color":"#0059a9","mode":"bus","arr":["28A"],"angle":18.1}},{"type":"Feature","geometry":{"type":"Point","coordinates":[16.475605,48.259221]},"properties":{"lines":"28A","color":"#0059a9","mode":"bus","arr":["28A"],"angle":21.8,"extra":1}},{"type":"Feature","geometry":{"type":"Point","coordinates":[16.493621,48.257883]},"properties":{"lines":"28A","color":"#0059a9","mode":"bus","arr":["28A"],"angle":42.6}},{"type":"Feature","geometry":{"type":"Point","coordinates":[16.496776,48.255968]},"properties":{"lines":"28A","color":"#0059a9","mode":"bus","arr":["28A"],"angle":46.1,"extra":1}},{"type":"Feature","geometry":{"type":"Point","coordinates":[16.440882,48.266221]},"properties":{"lines":"28A","color":"#0059a9","mode":"bus","arr":["28A"],"angle":-9.7}},{"type":"Feature","geometry":{"type":"Point","coordinates":[16.450552,48.266135]},"properties":{"lines":"28A","color":"#0059a9","mode":"bus","arr":["28A"],"angle":7.2}},{"type":"Feature","geometry":{"type":"Point","coordinates":[16.452559,48.264577]},"properties":{"lines":"28A","color":"#0059a9","mode":"bus","arr":["28A"],"angle":2.1}},{"type":"Feature","geometry":{"type":"Point","coordinates":[16.473105,48.259913]},"properties":{"lines":"28A, 87A","color":"#0059a9","mode":"bus","arr":["28A","87A"],"angle":18.8}},{"type":"Feature","geometry":{"type":"Point","coordinates":[16.473872,48.255527]},"properties":{"lines":"87A","color":"#0059a9","mode":"bus","arr":["87A"],"angle":-71.6}},{"type":"Feature","geometry":{"type":"Point","coordinates":[16.472118,48.252127]},"properties":{"lines":"87A","color":"#0059a9","mode":"bus","arr":["87A"],"angle":-59.8,"extra":1}},{"type":"Feature","geometry":{"type":"Point","coordinates":[16.459743,48.242906]},"properties":{"lines":"87A","color":"#0059a9","mode":"bus","arr":["87A"],"angle":-72.4}},{"type":"Feature","geometry":{"type":"Point","coordinates":[16.463444,48.245849]},"properties":{"lines":"87A","color":"#0059a9","mode":"bus","arr":["87A"],"angle":-53.8}},{"type":"Feature","geometry":{"type":"Point","coordinates":[16.467485,48.249967]},"properties":{"lines":"87A","color":"#0059a9","mode":"bus","arr":["87A"],"angle":-60.1}},{"type":"Feature","geometry":{"type":"Point","coordinates":[16.488214,48.256481]},"properties":{"lines":"28A, 85A","color":"#0059a9","mode":"bus","arr":["28A","85A"],"angle":21}},{"type":"Feature","geometry":{"type":"Point","coordinates":[16.499741,48.254506]},"properties":{"lines":"28A, 97A","color":"#0059a9","mode":"bus","arr":["28A","97A"],"angle":1.5}},{"type":"Feature","geometry":{"type":"Point","coordinates":[16.434934,48.264131]},"properties":{"lines":"28A, 31A","color":"#0059a9","mode":"bus","arr":["28A","31A"],"angle":57.4}},{"type":"Feature","geometry":{"type":"Point","coordinates":[16.400371,48.255735]},"properties":{"lines":"29A, 29B, 33A, N30, N31","color":"#0059a9","mode":"bus","arr":["29A","29B","33A","N30","N31"],"angle":-24.7}},{"type":"Feature","geometry":{"type":"Point","coordinates":[16.40364,48.25684]},"properties":{"lines":"29A, 29B, N30","color":"#0059a9","mode":"bus","arr":["29A","29B","N30"],"angle":-55.5}},{"type":"Feature","geometry":{"type":"Point","coordinates":[16.41412,48.259894]},"properties":{"lines":"29A, 29B, N30","color":"#0059a9","mode":"bus","arr":["29A","29B","N30"],"angle":-20.4}},{"type":"Feature","geometry":{"type":"Point","coordinates":[16.420177,48.261343]},"properties":{"lines":"29A, 29B, N30","color":"#0059a9","mode":"bus","arr":["29A","29B","N30"],"angle":-19.2,"extra":1}},{"type":"Feature","geometry":{"type":"Point","coordinates":[16.406191,48.258013]},"properties":{"lines":"29A, 29B, N30","color":"#0059a9","mode":"bus","arr":["29A","29B","N30"],"angle":-19.4,"extra":1}},{"type":"Feature","geometry":{"type":"Point","coordinates":[16.429725,48.262581]},"properties":{"lines":"29A","color":"#0059a9","mode":"bus","arr":["29A"],"angle":-5.9}},{"type":"Feature","geometry":{"type":"Point","coordinates":[16.434762,48.262965]},"properties":{"lines":"29A","color":"#0059a9","mode":"bus","arr":["29A"],"angle":-6.8,"extra":1}},{"type":"Feature","geometry":{"type":"Point","coordinates":[16.440737,48.269483]},"properties":{"lines":"29A, N25","color":"#0059a9","mode":"bus","arr":["29A","N25"],"angle":-10.4}},{"type":"Feature","geometry":{"type":"Point","coordinates":[16.44497,48.27002]},"properties":{"lines":"29A, N25","color":"#0059a9","mode":"bus","arr":["29A","N25"],"angle":-10.4,"extra":1}},{"type":"Feature","geometry":{"type":"Point","coordinates":[16.447968,48.270287]},"properties":{"lines":"29A, 29B, N25","color":"#0059a9","mode":"bus","arr":["29A","29B","N25"],"angle":34.1}},{"type":"Feature","geometry":{"type":"Point","coordinates":[16.418997,48.265901]},"properties":{"lines":"29B, N30","color":"#0059a9","mode":"bus","arr":["29B","N30"],"angle":38.1}},{"type":"Feature","geometry":{"type":"Point","coordinates":[16.422383,48.264109]},"properties":{"lines":"29B, N30","color":"#0059a9","mode":"bus","arr":["29B","N30"],"angle":37.4,"extra":1}},{"type":"Feature","geometry":{"type":"Point","coordinates":[16.424369,48.268975]},"properties":{"lines":"29B, 31A","color":"#0059a9","mode":"bus","arr":["29B","31A"],"angle":38.4}},{"type":"Feature","geometry":{"type":"Point","coordinates":[16.426481,48.269033]},"properties":{"lines":"29B","color":"#0059a9","mode":"bus","arr":["29B"],"angle":-83.2}},{"type":"Feature","geometry":{"type":"Point","coordinates":[16.433507,48.273366]},"properties":{"lines":"29B","color":"#0059a9","mode":"bus","arr":["29B"],"angle":-18.5}},{"type":"Feature","geometry":{"type":"Point","coordinates":[16.430284,48.269537]},"properties":{"lines":"29B","color":"#0059a9","mode":"bus","arr":["29B"],"angle":6.4,"extra":1}},{"type":"Feature","geometry":{"type":"Point","coordinates":[16.453989,48.27605]},"properties":{"lines":"29B, N25","color":"#0059a9","mode":"bus","arr":["29B","N25"],"angle":-83.9}},{"type":"Feature","geometry":{"type":"Point","coordinates":[16.44239,48.27533]},"properties":{"lines":"29B, N25","color":"#0059a9","mode":"bus","arr":["29B","N25"],"angle":-18.1,"extra":1}},{"type":"Feature","geometry":{"type":"Point","coordinates":[16.449414,48.276633]},"properties":{"lines":"29B, N25","color":"#0059a9","mode":"bus","arr":["29B","N25"],"angle":-18.8,"extra":1}},{"type":"Feature","geometry":{"type":"Point","coordinates":[16.453262,48.271193]},"properties":{"lines":"29B, N25","color":"#0059a9","mode":"bus","arr":["29B","N25"],"angle":-83.8,"extra":1}},{"type":"Feature","geometry":{"type":"Point","coordinates":[16.449609,48.268453]},"properties":{"lines":"29B, N25","color":"#0059a9","mode":"bus","arr":["29B","N25"],"angle":-5.1,"extra":1}},{"type":"Feature","geometry":{"type":"Point","coordinates":[16.370666,48.214136]},"properties":{"lines":"2A, 3A","color":"#0059a9","mode":"bus","arr":["2A","3A"],"angle":-43.5}},{"type":"Feature","geometry":{"type":"Point","coordinates":[16.423864,48.272614]},"properties":{"lines":"30A, N30","color":"#0059a9","mode":"bus","arr":["30A","N30"],"angle":-10.9}},{"type":"Feature","geometry":{"type":"Point","coordinates":[16.419343,48.271713]},"properties":{"lines":"30A, N30","color":"#0059a9","mode":"bus","arr":["30A","N30"],"angle":22.3}},{"type":"Feature","geometry":{"type":"Point","coordinates":[16.421248,48.271464]},"properties":{"lines":"30A, N30","color":"#0059a9","mode":"bus","arr":["30A","N30"],"angle":-82.8}},{"type":"Feature","geometry":{"type":"Point","coordinates":[16.420219,48.273991]},"properties":{"lines":"30A","color":"#0059a9","mode":"bus","arr":["30A"],"angle":-57.5}},{"type":"Feature","geometry":{"type":"Point","coordinates":[16.404317,48.282428]},"properties":{"lines":"30A","color":"#0059a9","mode":"bus","arr":["30A"],"angle":50.1}},{"type":"Feature","geometry":{"type":"Point","coordinates":[16.412511,48.29292]},"properties":{"lines":"30A","color":"#0059a9","mode":"bus","arr":["30A"],"angle":-66.8}},{"type":"Feature","geometry":{"type":"Point","coordinates":[16.410265,48.28757]},"properties":{"lines":"30A","color":"#0059a9","mode":"bus","arr":["30A"],"angle":-80.8,"extra":1}},{"type":"Feature","geometry":{"type":"Point","coordinates":[16.414852,48.296926]},"properties":{"lines":"30A","color":"#0059a9","mode":"bus","arr":["30A"],"angle":-69.3,"extra":1}},{"type":"Feature","geometry":{"type":"Point","coordinates":[16.416725,48.300902]},"properties":{"lines":"30A","color":"#0059a9","mode":"bus","arr":["30A"],"angle":-65.6}},{"type":"Feature","geometry":{"type":"Point","coordinates":[16.415603,48.276628]},"properties":{"lines":"30A, 36A, 36B","color":"#0059a9","mode":"bus","arr":["30A","36A","36B"],"angle":9}},{"type":"Feature","geometry":{"type":"Point","coordinates":[16.411366,48.276572]},"properties":{"lines":"30A, 36A, 36B","color":"#0059a9","mode":"bus","arr":["30A","36A","36B"],"angle":-64,"extra":1}},{"type":"Feature","geometry":{"type":"Point","coordinates":[16.409099,48.276297]},"properties":{"lines":"30A, 31A, 36A, 36B","color":"#0059a9","mode":"bus","arr":["30A","31A","36A","36B"],"angle":34.6}},{"type":"Feature","geometry":{"type":"Point","coordinates":[16.406404,48.277146]},"properties":{"lines":"30A, 31A, 32A, 36A, 36B","color":"#0059a9","mode":"bus","arr":["30A","31A","32A","36A","36B"],"angle":12.4}},{"type":"Feature","geometry":{"type":"Point","coordinates":[16.40126,48.278084]},"properties":{"lines":"30A, 31A, 32A","color":"#0059a9","mode":"bus","arr":["30A","31A","32A"],"angle":16.4}},{"type":"Feature","geometry":{"type":"Point","coordinates":[16.401715,48.282044]},"properties":{"lines":"30A, 32A","color":"#0059a9","mode":"bus","arr":["30A","32A"],"angle":-71.7}},{"type":"Feature","geometry":{"type":"Point","coordinates":[16.407964,48.28326]},"properties":{"lines":"30A, 32A","color":"#0059a9","mode":"bus","arr":["30A","32A"],"angle":-60.1}},{"type":"Feature","geometry":{"type":"Point","coordinates":[16.414391,48.273931]},"properties":{"lines":"30A, 31A","color":"#0059a9","mode":"bus","arr":["30A","31A"],"angle":33}},{"type":"Feature","geometry":{"type":"Point","coordinates":[16.440322,48.256584]},"properties":{"lines":"31A","color":"#0059a9","mode":"bus","arr":["31A"],"angle":65.6}},{"type":"Feature","geometry":{"type":"Point","coordinates":[16.429905,48.266399]},"properties":{"lines":"31A","color":"#0059a9","mode":"bus","arr":["31A"],"angle":13.2}},{"type":"Feature","geometry":{"type":"Point","coordinates":[16.403483,48.279411]},"properties":{"lines":"31A","color":"#0059a9","mode":"bus","arr":["31A"],"angle":13.6}},{"type":"Feature","geometry":{"type":"Point","coordinates":[16.444925,48.252059]},"properties":{"lines":"31A","color":"#0059a9","mode":"bus","arr":["31A"],"angle":-62.4}},{"type":"Feature","geometry":{"type":"Point","coordinates":[16.419729,48.271175]},"properties":{"lines":"31A, N30","color":"#0059a9","mode":"bus","arr":["31A","N30"],"angle":10.5}},{"type":"Feature","geometry":{"type":"Point","coordinates":[16.405399,48.278213]},"properties":{"lines":"31A, 32A","color":"#0059a9","mode":"bus","arr":["31A","32A"],"angle":-76.3}},{"type":"Feature","geometry":{"type":"Point","coordinates":[16.447396,48.27855]},"properties":{"lines":"32A, 36B","color":"#0059a9","mode":"bus","arr":["32A","36B"],"angle":-86}},{"type":"Feature","geometry":{"type":"Point","coordinates":[16.456326,48.281217]},"properties":{"lines":"32A","color":"#0059a9","mode":"bus","arr":["32A"],"angle":-81.8}},{"type":"Feature","geometry":{"type":"Point","coordinates":[16.452663,48.278567]},"properties":{"lines":"32A","color":"#0059a9","mode":"bus","arr":["32A"],"angle":-12.4,"extra":1}},{"type":"Feature","geometry":{"type":"Point","coordinates":[16.452109,48.282647]},"properties":{"lines":"32A","color":"#0059a9","mode":"bus","arr":["32A"],"angle":-19.2,"extra":1}},{"type":"Feature","geometry":{"type":"Point","coordinates":[16.449094,48.287758]},"properties":{"lines":"32A","color":"#0059a9","mode":"bus","arr":["32A"],"angle":33.1}},{"type":"Feature","geometry":{"type":"Point","coordinates":[16.443737,48.286546]},"properties":{"lines":"32A","color":"#0059a9","mode":"bus","arr":["32A"],"angle":-26.2}},{"type":"Feature","geometry":{"type":"Point","coordinates":[16.435146,48.285929]},"properties":{"lines":"32A","color":"#0059a9","mode":"bus","arr":["32A"],"angle":10.1,"extra":1}},{"type":"Feature","geometry":{"type":"Point","coordinates":[16.417306,48.283554]},"properties":{"lines":"32A","color":"#0059a9","mode":"bus","arr":["32A"],"angle":-22.2}},{"type":"Feature","geometry":{"type":"Point","coordinates":[16.409094,48.281091]},"properties":{"lines":"32A","color":"#0059a9","mode":"bus","arr":["32A"],"angle":72.9}},{"type":"Feature","geometry":{"type":"Point","coordinates":[16.398253,48.289623]},"properties":{"lines":"32A","color":"#0059a9","mode":"bus","arr":["32A"],"angle":61.2}},{"type":"Feature","geometry":{"type":"Point","coordinates":[16.401104,48.286155]},"properties":{"lines":"32A","color":"#0059a9","mode":"bus","arr":["32A"],"angle":60.7,"extra":1}},{"type":"Feature","geometry":{"type":"Point","coordinates":[16.392551,48.293827]},"properties":{"lines":"32A","color":"#0059a9","mode":"bus","arr":["32A"],"angle":66.9,"extra":1}},{"type":"Feature","geometry":{"type":"Point","coordinates":[16.387982,48.293547]},"properties":{"lines":"32A","color":"#0059a9","mode":"bus","arr":["32A"],"angle":-71.7}},{"type":"Feature","geometry":{"type":"Point","coordinates":[16.381174,48.286558]},"properties":{"lines":"32A","color":"#0059a9","mode":"bus","arr":["32A"],"angle":0.6}},{"type":"Feature","geometry":{"type":"Point","coordinates":[16.424303,48.285161]},"properties":{"lines":"32A","color":"#0059a9","mode":"bus","arr":["32A"],"angle":-17.5}},{"type":"Feature","geometry":{"type":"Point","coordinates":[16.429595,48.286241]},"properties":{"lines":"32A","color":"#0059a9","mode":"bus","arr":["32A"],"angle":-6.6,"extra":1}},{"type":"Feature","geometry":{"type":"Point","coordinates":[16.449751,48.280943]},"properties":{"lines":"32A","color":"#0059a9","mode":"bus","arr":["32A"],"angle":-83.7}},{"type":"Feature","geometry":{"type":"Point","coordinates":[16.44953,48.286801]},"properties":{"lines":"32A","color":"#0059a9","mode":"bus","arr":["32A"],"angle":-80.2}},{"type":"Feature","geometry":{"type":"Point","coordinates":[16.448481,48.282664]},"properties":{"lines":"32A","color":"#0059a9","mode":"bus","arr":["32A"],"angle":-80.7,"extra":1}},{"type":"Feature","geometry":{"type":"Point","coordinates":[16.389426,48.296386]},"properties":{"lines":"32A","color":"#0059a9","mode":"bus","arr":["32A"],"angle":-46.4}},{"type":"Feature","geometry":{"type":"Point","coordinates":[16.407694,48.250989]},"properties":{"lines":"33A","color":"#0059a9","mode":"bus","arr":["33A"],"angle":24.3}},{"type":"Feature","geometry":{"type":"Point","coordinates":[16.395931,48.253326]},"properties":{"lines":"33A","color":"#0059a9","mode":"bus","arr":["33A"],"angle":-69.8}},{"type":"Feature","geometry":{"type":"Point","coordinates":[16.401899,48.250825]},"properties":{"lines":"33A","color":"#0059a9","mode":"bus","arr":["33A"],"angle":0.9}},{"type":"Feature","geometry":{"type":"Point","coordinates":[16.396941,48.252452]},"properties":{"lines":"33A","color":"#0059a9","mode":"bus","arr":["33A"],"angle":24.6,"extra":1}},{"type":"Feature","geometry":{"type":"Point","coordinates":[16.410646,48.249106]},"properties":{"lines":"33A","color":"#0059a9","mode":"bus","arr":["33A"],"angle":-13.6,"extra":1}},{"type":"Feature","geometry":{"type":"Point","coordinates":[16.39626,48.256034]},"properties":{"lines":"33A, N29, N31","color":"#0059a9","mode":"bus","arr":["33A","N29","N31"],"angle":-57.7}},{"type":"Feature","geometry":{"type":"Point","coordinates":[16.392229,48.256347]},"properties":{"lines":"34A","color":"#0059a9","mode":"bus","arr":["34A"],"angle":-35.8}},{"type":"Feature","geometry":{"type":"Point","coordinates":[16.394683,48.258882]},"properties":{"lines":"34A","color":"#0059a9","mode":"bus","arr":["34A"],"angle":-55.7,"extra":1}},{"type":"Feature","geometry":{"type":"Point","coordinates":[16.386362,48.267725]},"properties":{"lines":"34A","color":"#0059a9","mode":"bus","arr":["34A"],"angle":-61.4}},{"type":"Feature","geometry":{"type":"Point","coordinates":[16.38118,48.267569]},"properties":{"lines":"34A","color":"#0059a9","mode":"bus","arr":["34A"],"angle":41.4,"extra":1}},{"type":"Feature","geometry":{"type":"Point","coordinates":[16.382931,48.270057]},"properties":{"lines":"34A","color":"#0059a9","mode":"bus","arr":["34A"],"angle":-18.4,"extra":1}},{"type":"Feature","geometry":{"type":"Point","coordinates":[16.38715,48.262308]},"properties":{"lines":"34A, 36A, 36B","color":"#0059a9","mode":"bus","arr":["34A","36A","36B"],"angle":69.7}},{"type":"Feature","geometry":{"type":"Point","coordinates":[16.35721,48.232946]},"properties":{"lines":"35A, N35","color":"#0059a9","mode":"bus","arr":["35A","N35"],"angle":-14.7}},{"type":"Feature","geometry":{"type":"Point","coordinates":[16.3554,48.23284]},"properties":{"lines":"35A, N35","color":"#0059a9","mode":"bus","arr":["35A","N35"],"angle":24.2}},{"type":"Feature","geometry":{"type":"Point","coordinates":[16.347761,48.230263]},"properties":{"lines":"35A, N35","color":"#0059a9","mode":"bus","arr":["35A","N35"],"angle":17.9}},{"type":"Feature","geometry":{"type":"Point","coordinates":[16.348387,48.234759]},"properties":{"lines":"35A, N35","color":"#0059a9","mode":"bus","arr":["35A","N35"],"angle":-67.4}},{"type":"Feature","geometry":{"type":"Point","coordinates":[16.326532,48.241938]},"properties":{"lines":"35A, N35","color":"#0059a9","mode":"bus","arr":["35A","N35"],"angle":10.4}},{"type":"Feature","geometry":{"type":"Point","coordinates":[16.345181,48.240579]},"properties":{"lines":"35A, N35","color":"#0059a9","mode":"bus","arr":["35A","N35"],"angle":-3.5,"extra":1}},{"type":"Feature","geometry":{"type":"Point","coordinates":[16.337814,48.240623]},"properties":{"lines":"35A, N35","color":"#0059a9","mode":"bus","arr":["35A","N35"],"angle":3.3,"extra":1}},{"type":"Feature","geometry":{"type":"Point","coordinates":[16.330509,48.241294]},"properties":{"lines":"35A, N35","color":"#0059a9","mode":"bus","arr":["35A","N35"],"angle":19.2,"extra":1}},{"type":"Feature","geometry":{"type":"Point","coordinates":[16.317178,48.245317]},"properties":{"lines":"35A, N35","color":"#0059a9","mode":"bus","arr":["35A","N35"],"angle":34.4,"extra":1}},{"type":"Feature","geometry":{"type":"Point","coordinates":[16.31117,48.248222]},"properties":{"lines":"35A, N35","color":"#0059a9","mode":"bus","arr":["35A","N35"],"angle":42.2,"extra":1}},{"type":"Feature","geometry":{"type":"Point","coordinates":[16.35395,48.232306]},"properties":{"lines":"35A, 37A, N35, N36, N8","color":"#0059a9","mode":"bus","arr":["35A","37A","N35","N36","N8"],"angle":-54}},{"type":"Feature","geometry":{"type":"Point","coordinates":[16.353695,48.231504]},"properties":{"lines":"35A, 37A, N35, N36, N8","color":"#0059a9","mode":"bus","arr":["35A","37A","N35","N36","N8"],"angle":-30.7}},{"type":"Feature","geometry":{"type":"Point","coordinates":[16.346509,48.231839]},"properties":{"lines":"35A, 40A, N35","color":"#0059a9","mode":"bus","arr":["35A","40A","N35"],"angle":-64.3}},{"type":"Feature","geometry":{"type":"Point","coordinates":[16.300351,48.251247]},"properties":{"lines":"35A, 43B, N35","color":"#0059a9","mode":"bus","arr":["35A","43B","N35"],"angle":17.2}},{"type":"Feature","geometry":{"type":"Point","coordinates":[16.367344,48.215403]},"properties":{"lines":"N38","color":"#0059a9","mode":"bus","arr":["N38"],"angle":55.3}},{"type":"Feature","geometry":{"type":"Point","coordinates":[16.367124,48.214624]},"properties":{"lines":"N38","color":"#0059a9","mode":"bus","arr":["N38"],"angle":-34.2}},{"type":"Feature","geometry":{"type":"Point","coordinates":[16.36295,48.21846]},"properties":{"lines":"N38","color":"#0059a9","mode":"bus","arr":["N38"],"angle":-26.8}},{"type":"Feature","geometry":{"type":"Point","coordinates":[16.360126,48.221921]},"properties":{"lines":"N38","color":"#0059a9","mode":"bus","arr":["N38"],"angle":-23.2}},{"type":"Feature","geometry":{"type":"Point","coordinates":[16.356119,48.228785]},"properties":{"lines":"N38","color":"#0059a9","mode":"bus","arr":["N38"],"angle":89.6}},{"type":"Feature","geometry":{"type":"Point","coordinates":[16.357029,48.225346]},"properties":{"lines":"N38","color":"#0059a9","mode":"bus","arr":["N38"],"angle":90,"extra":1}},{"type":"Feature","geometry":{"type":"Point","coordinates":[16.355157,48.232174]},"properties":{"lines":"35A, 37A, N35, N36, N38, N8","color":"#0059a9","mode":"bus","arr":["35A","37A","N35","N36","N38","N8"],"angle":-46.4}},{"type":"Feature","geometry":{"type":"Point","coordinates":[16.390906,48.263494]},"properties":{"lines":"36A, 36B","color":"#0059a9","mode":"bus","arr":["36A","36B"],"angle":75.5}},{"type":"Feature","geometry":{"type":"Point","coordinates":[16.404177,48.275589]},"properties":{"lines":"36A, 36B","color":"#0059a9","mode":"bus","arr":["36A","36B"],"angle":-69.4}},{"type":"Feature","geometry":{"type":"Point","coordinates":[16.424809,48.279457]},"properties":{"lines":"36A, 36B","color":"#0059a9","mode":"bus","arr":["36A","36B"],"angle":-65.8}},{"type":"Feature","geometry":{"type":"Point","coordinates":[16.422374,48.2765]},"properties":{"lines":"36A, 36B","color":"#0059a9","mode":"bus","arr":["36A","36B"],"angle":-60.7,"extra":1}},{"type":"Feature","geometry":{"type":"Point","coordinates":[16.389457,48.266614]},"properties":{"lines":"36A, 36B","color":"#0059a9","mode":"bus","arr":["36A","36B"],"angle":-60.1}},{"type":"Feature","geometry":{"type":"Point","coordinates":[16.395815,48.271873]},"properties":{"lines":"36A","color":"#0059a9","mode":"bus","arr":["36A"],"angle":-74.8}},{"type":"Feature","geometry":{"type":"Point","coordinates":[16.394342,48.268288]},"properties":{"lines":"36A","color":"#0059a9","mode":"bus","arr":["36A"],"angle":-74.7,"extra":1}},{"type":"Feature","geometry":{"type":"Point","coordinates":[16.4032,48.273908]},"properties":{"lines":"36A","color":"#0059a9","mode":"bus","arr":["36A"],"angle":21.6,"extra":1}},{"type":"Feature","geometry":{"type":"Point","coordinates":[16.370058,48.220354]},"properties":{"lines":"N31","color":"#0059a9","mode":"bus","arr":["N31"],"angle":-47.2}},{"type":"Feature","geometry":{"type":"Point","coordinates":[16.378851,48.212101]},"properties":{"lines":"N31","color":"#0059a9","mode":"bus","arr":["N31"],"angle":-72.2}},{"type":"Feature","geometry":{"type":"Point","coordinates":[16.373197,48.217589]},"properties":{"lines":"N31","color":"#0059a9","mode":"bus","arr":["N31"],"angle":62.5}},{"type":"Feature","geometry":{"type":"Point","coordinates":[16.37545,48.215041]},"properties":{"lines":"N31","color":"#0059a9","mode":"bus","arr":["N31"],"angle":64.3,"extra":1}},{"type":"Feature","geometry":{"type":"Point","coordinates":[16.417499,48.291915]},"properties":{"lines":"N31","color":"#0059a9","mode":"bus","arr":["N31"],"angle":-69.1}},{"type":"Feature","geometry":{"type":"Point","coordinates":[16.414364,48.286384]},"properties":{"lines":"N31","color":"#0059a9","mode":"bus","arr":["N31"],"angle":-80.8,"extra":1}},{"type":"Feature","geometry":{"type":"Point","coordinates":[16.419622,48.29556]},"properties":{"lines":"N31","color":"#0059a9","mode":"bus","arr":["N31"],"angle":-69.5,"extra":1}},{"type":"Feature","geometry":{"type":"Point","coordinates":[16.394395,48.263858]},"properties":{"lines":"36B","color":"#0059a9","mode":"bus","arr":["36B"],"angle":-55.1}},{"type":"Feature","geometry":{"type":"Point","coordinates":[16.398544,48.265831]},"properties":{"lines":"36B","color":"#0059a9","mode":"bus","arr":["36B"],"angle":16.2,"extra":1}},{"type":"Feature","geometry":{"type":"Point","coordinates":[16.404955,48.273431]},"properties":{"lines":"36B","color":"#0059a9","mode":"bus","arr":["36B"],"angle":22.6}},{"type":"Feature","geometry":{"type":"Point","coordinates":[16.434463,48.276432]},"properties":{"lines":"36B","color":"#0059a9","mode":"bus","arr":["36B"],"angle":-80.8}},{"type":"Feature","geometry":{"type":"Point","coordinates":[16.427482,48.280825]},"properties":{"lines":"36B","color":"#0059a9","mode":"bus","arr":["36B"],"angle":17.4,"extra":1}},{"type":"Feature","geometry":{"type":"Point","coordinates":[16.43468,48.279758]},"properties":{"lines":"36B","color":"#0059a9","mode":"bus","arr":["36B"],"angle":11.8,"extra":1}},{"type":"Feature","geometry":{"type":"Point","coordinates":[16.440443,48.275725]},"properties":{"lines":"36B","color":"#0059a9","mode":"bus","arr":["36B"],"angle":-16.5,"extra":1}},{"type":"Feature","geometry":{"type":"Point","coordinates":[16.449372,48.27873]},"properties":{"lines":"36B","color":"#0059a9","mode":"bus","arr":["36B"],"angle":-83.2}},{"type":"Feature","geometry":{"type":"Point","coordinates":[16.385931,48.234721]},"properties":{"lines":"37A, 5A","color":"#0059a9","mode":"bus","arr":["37A","5A"],"angle":-37}},{"type":"Feature","geometry":{"type":"Point","coordinates":[16.384322,48.236666]},"properties":{"lines":"37A","color":"#0059a9","mode":"bus","arr":["37A"],"angle":-36.3}},{"type":"Feature","geometry":{"type":"Point","coordinates":[16.375387,48.240674]},"properties":{"lines":"37A, N29, N31","color":"#0059a9","mode":"bus","arr":["37A","N29","N31"],"angle":60}},{"type":"Feature","geometry":{"type":"Point","coordinates":[16.364229,48.236759]},"properties":{"lines":"37A, N8","color":"#0059a9","mode":"bus","arr":["37A","N8"],"angle":-34}},{"type":"Feature","geometry":{"type":"Point","coordinates":[16.371187,48.240794]},"properties":{"lines":"37A, N8","color":"#0059a9","mode":"bus","arr":["37A","N8"],"angle":-40.9,"extra":1}},{"type":"Feature","geometry":{"type":"Point","coordinates":[16.358722,48.236255]},"properties":{"lines":"37A, N8","color":"#0059a9","mode":"bus","arr":["37A","N8"],"angle":-2.8,"extra":1}},{"type":"Feature","geometry":{"type":"Point","coordinates":[16.36013,48.236223]},"properties":{"lines":"37A, N8","color":"#0059a9","mode":"bus","arr":["37A","N8"],"angle":-2.7}},{"type":"Feature","geometry":{"type":"Point","coordinates":[16.365858,48.252344]},"properties":{"lines":"38A, 5B","color":"#0059a9","mode":"bus","arr":["38A","5B"],"angle":-75.9}},{"type":"Feature","geometry":{"type":"Point","coordinates":[16.359149,48.254053]},"properties":{"lines":"38A","color":"#0059a9","mode":"bus","arr":["38A"],"angle":-3.6}},{"type":"Feature","geometry":{"type":"Point","coordinates":[16.363188,48.254359]},"properties":{"lines":"38A","color":"#0059a9","mode":"bus","arr":["38A"],"angle":-11.6,"extra":1}},{"type":"Feature","geometry":{"type":"Point","coordinates":[16.351333,48.253945]},"properties":{"lines":"38A","color":"#0059a9","mode":"bus","arr":["38A"],"angle":39.3}},{"type":"Feature","geometry":{"type":"Point","coordinates":[16.346099,48.255275]},"properties":{"lines":"38A","color":"#0059a9","mode":"bus","arr":["38A"],"angle":35.7,"extra":1}},{"type":"Feature","geometry":{"type":"Point","coordinates":[16.326511,48.26639]},"properties":{"lines":"38A","color":"#0059a9","mode":"bus","arr":["38A"],"angle":42.2}},{"type":"Feature","geometry":{"type":"Point","coordinates":[16.334935,48.259805]},"properties":{"lines":"38A","color":"#0059a9","mode":"bus","arr":["38A"],"angle":33,"extra":1}},{"type":"Feature","geometry":{"type":"Point","coordinates":[16.330498,48.263633]},"properties":{"lines":"38A","color":"#0059a9","mode":"bus","arr":["38A"],"angle":43.8,"extra":1}},{"type":"Feature","geometry":{"type":"Point","coordinates":[16.322386,48.263557]},"properties":{"lines":"38A","color":"#0059a9","mode":"bus","arr":["38A"],"angle":-12.9,"extra":1}},{"type":"Feature","geometry":{"type":"Point","coordinates":[16.322135,48.274691]},"properties":{"lines":"38A","color":"#0059a9","mode":"bus","arr":["38A"],"angle":16}},{"type":"Feature","geometry":{"type":"Point","coordinates":[16.334151,48.277363]},"properties":{"lines":"38A","color":"#0059a9","mode":"bus","arr":["38A"],"angle":34.7,"extra":1}},{"type":"Feature","geometry":{"type":"Point","coordinates":[16.327617,48.277017]},"properties":{"lines":"38A","color":"#0059a9","mode":"bus","arr":["38A"],"angle":9.5,"extra":1}},{"type":"Feature","geometry":{"type":"Point","coordinates":[16.320568,48.277751]},"properties":{"lines":"38A","color":"#0059a9","mode":"bus","arr":["38A"],"angle":-35.5,"extra":1}},{"type":"Feature","geometry":{"type":"Point","coordinates":[16.327389,48.27059]},"properties":{"lines":"38A","color":"#0059a9","mode":"bus","arr":["38A"],"angle":-61.9,"extra":1}},{"type":"Feature","geometry":{"type":"Point","coordinates":[16.321971,48.26696]},"properties":{"lines":"38A","color":"#0059a9","mode":"bus","arr":["38A"],"angle":46.5,"extra":1}},{"type":"Feature","geometry":{"type":"Point","coordinates":[16.338494,48.257548]},"properties":{"lines":"38A","color":"#0059a9","mode":"bus","arr":["38A"],"angle":45.7}},{"type":"Feature","geometry":{"type":"Point","coordinates":[16.3214,48.263972]},"properties":{"lines":"38A","color":"#0059a9","mode":"bus","arr":["38A"],"angle":-27}},{"type":"Feature","geometry":{"type":"Point","coordinates":[16.337634,48.257213]},"properties":{"lines":"38A","color":"#0059a9","mode":"bus","arr":["38A"],"angle":3.4}},{"type":"Feature","geometry":{"type":"Point","coordinates":[16.363507,48.248802]},"properties":{"lines":"38A, N36","color":"#0059a9","mode":"bus","arr":["38A","N36"],"angle":14}},{"type":"Feature","geometry":{"type":"Point","coordinates":[16.356226,48.260499]},"properties":{"lines":"38B","color":"#0059a9","mode":"bus","arr":["38B"],"angle":1.7}},{"type":"Feature","geometry":{"type":"Point","coordinates":[16.361294,48.260783]},"properties":{"lines":"38B","color":"#0059a9","mode":"bus","arr":["38B"],"angle":-20.4,"extra":1}},{"type":"Feature","geometry":{"type":"Point","coordinates":[16.352304,48.258589]},"properties":{"lines":"38B","color":"#0059a9","mode":"bus","arr":["38B"],"angle":30}},{"type":"Feature","geometry":{"type":"Point","coordinates":[16.356464,48.257624]},"properties":{"lines":"38B","color":"#0059a9","mode":"bus","arr":["38B"],"angle":17.4,"extra":1}},{"type":"Feature","geometry":{"type":"Point","coordinates":[16.336766,48.24651]},"properties":{"lines":"39A","color":"#0059a9","mode":"bus","arr":["39A"],"angle":5.1}},{"type":"Feature","geometry":{"type":"Point","coordinates":[16.33242,48.247266]},"properties":{"lines":"39A","color":"#0059a9","mode":"bus","arr":["39A"],"angle":30.1,"extra":1}},{"type":"Feature","geometry":{"type":"Point","coordinates":[16.319179,48.252674]},"properties":{"lines":"39A","color":"#0059a9","mode":"bus","arr":["39A"],"angle":72.9}},{"type":"Feature","geometry":{"type":"Point","coordinates":[16.324939,48.249794]},"properties":{"lines":"39A","color":"#0059a9","mode":"bus","arr":["39A"],"angle":-75.5}},{"type":"Feature","geometry":{"type":"Point","coordinates":[16.328657,48.248232]},"properties":{"lines":"39A","color":"#0059a9","mode":"bus","arr":["39A"],"angle":26.1,"extra":1}},{"type":"Feature","geometry":{"type":"Point","coordinates":[16.323132,48.251399]},"properties":{"lines":"39A, 39B","color":"#0059a9","mode":"bus","arr":["39A","39B"],"angle":42.6}},{"type":"Feature","geometry":{"type":"Point","coordinates":[16.320423,48.250336]},"properties":{"lines":"39B","color":"#0059a9","mode":"bus","arr":["39B"],"angle":-48.6}},{"type":"Feature","geometry":{"type":"Point","coordinates":[16.322552,48.249912]},"properties":{"lines":"39B","color":"#0059a9","mode":"bus","arr":["39B"],"angle":-49.7}},{"type":"Feature","geometry":{"type":"Point","coordinates":[16.370013,48.215697]},"properties":{"lines":"3A","color":"#0059a9","mode":"bus","arr":["3A"],"angle":55.2}},{"type":"Feature","geometry":{"type":"Point","coordinates":[16.372004,48.21313]},"properties":{"lines":"3A","color":"#0059a9","mode":"bus","arr":["3A"],"angle":21.7}},{"type":"Feature","geometry":{"type":"Point","coordinates":[16.371733,48.211059]},"properties":{"lines":"3A","color":"#0059a9","mode":"bus","arr":["3A"],"angle":-46.1}},{"type":"Feature","geometry":{"type":"Point","coordinates":[16.376559,48.208307]},"properties":{"lines":"3A","color":"#0059a9","mode":"bus","arr":["3A"],"angle":25.4}},{"type":"Feature","geometry":{"type":"Point","coordinates":[16.377048,48.207659]},"properties":{"lines":"3A","color":"#0059a9","mode":"bus","arr":["3A"],"angle":32}},{"type":"Feature","geometry":{"type":"Point","coordinates":[16.365903,48.214827]},"properties":{"lines":"3A, N38","color":"#0059a9","mode":"bus","arr":["3A","N38"],"angle":54.6}},{"type":"Feature","geometry":{"type":"Point","coordinates":[16.361729,48.21807]},"properties":{"lines":"40A, N38","color":"#0059a9","mode":"bus","arr":["40A","N38"],"angle":64.8}},{"type":"Feature","geometry":{"type":"Point","coordinates":[16.364464,48.215263]},"properties":{"lines":"40A, N38","color":"#0059a9","mode":"bus","arr":["40A","N38"],"angle":39.9,"extra":1}},{"type":"Feature","geometry":{"type":"Point","coordinates":[16.355368,48.224839]},"properties":{"lines":"40A, N38","color":"#0059a9","mode":"bus","arr":["40A","N38"],"angle":-15.8}},{"type":"Feature","geometry":{"type":"Point","coordinates":[16.357882,48.223263]},"properties":{"lines":"40A","color":"#0059a9","mode":"bus","arr":["40A"],"angle":66.7}},{"type":"Feature","geometry":{"type":"Point","coordinates":[16.351952,48.225676]},"properties":{"lines":"40A","color":"#0059a9","mode":"bus","arr":["40A"],"angle":20.1}},{"type":"Feature","geometry":{"type":"Point","coordinates":[16.346664,48.229602]},"properties":{"lines":"40A","color":"#0059a9","mode":"bus","arr":["40A"],"angle":16.6}},{"type":"Feature","geometry":{"type":"Point","coordinates":[16.338488,48.233855]},"properties":{"lines":"40A","color":"#0059a9","mode":"bus","arr":["40A"],"angle":0}},{"type":"Feature","geometry":{"type":"Point","coordinates":[16.328189,48.23778]},"properties":{"lines":"40A","color":"#0059a9","mode":"bus","arr":["40A"],"angle":27}},{"type":"Feature","geometry":{"type":"Point","coordinates":[16.331503,48.238863]},"properties":{"lines":"40A","color":"#0059a9","mode":"bus","arr":["40A"],"angle":0.2}},{"type":"Feature","geometry":{"type":"Point","coordinates":[16.351752,48.224761]},"properties":{"lines":"40A","color":"#0059a9","mode":"bus","arr":["40A"],"angle":12.2}},{"type":"Feature","geometry":{"type":"Point","coordinates":[16.364824,48.215894]},"properties":{"lines":"40A","color":"#0059a9","mode":"bus","arr":["40A"],"angle":7.9}},{"type":"Feature","geometry":{"type":"Point","coordinates":[16.310779,48.241263]},"properties":{"lines":"41A","color":"#0059a9","mode":"bus","arr":["41A"],"angle":74.3}},{"type":"Feature","geometry":{"type":"Point","coordinates":[16.307695,48.246823]},"properties":{"lines":"41A","color":"#0059a9","mode":"bus","arr":["41A"],"angle":83.4}},{"type":"Feature","geometry":{"type":"Point","coordinates":[16.302081,48.247246]},"properties":{"lines":"41A","color":"#0059a9","mode":"bus","arr":["41A"],"angle":7.8,"extra":1}},{"type":"Feature","geometry":{"type":"Point","coordinates":[16.309841,48.24185]},"properties":{"lines":"41A","color":"#0059a9","mode":"bus","arr":["41A"],"angle":40.8,"extra":1}},{"type":"Feature","geometry":{"type":"Point","coordinates":[16.319185,48.224515]},"properties":{"lines":"42A","color":"#0059a9","mode":"bus","arr":["42A"],"angle":-71.3}},{"type":"Feature","geometry":{"type":"Point","coordinates":[16.316103,48.229966]},"properties":{"lines":"42A","color":"#0059a9","mode":"bus","arr":["42A"],"angle":-1.5}},{"type":"Feature","geometry":{"type":"Point","coordinates":[16.328506,48.22771]},"properties":{"lines":"42A","color":"#0059a9","mode":"bus","arr":["42A"],"angle":-46.3,"extra":1}},{"type":"Feature","geometry":{"type":"Point","coordinates":[16.322002,48.229239]},"properties":{"lines":"42A","color":"#0059a9","mode":"bus","arr":["42A"],"angle":12.1,"extra":1}},{"type":"Feature","geometry":{"type":"Point","coordinates":[16.307799,48.231827]},"properties":{"lines":"42A","color":"#0059a9","mode":"bus","arr":["42A"],"angle":30.6,"extra":1}},{"type":"Feature","geometry":{"type":"Point","coordinates":[16.301903,48.234815]},"properties":{"lines":"42A","color":"#0059a9","mode":"bus","arr":["42A"],"angle":39.4,"extra":1}},{"type":"Feature","geometry":{"type":"Point","coordinates":[16.300332,48.237073]},"properties":{"lines":"42A","color":"#0059a9","mode":"bus","arr":["42A"],"angle":49.1}},{"type":"Feature","geometry":{"type":"Point","coordinates":[16.315463,48.222442]},"properties":{"lines":"42A","color":"#0059a9","mode":"bus","arr":["42A"],"angle":27.9}},{"type":"Feature","geometry":{"type":"Point","coordinates":[16.31634,48.222947]},"properties":{"lines":"42A, 44A","color":"#0059a9","mode":"bus","arr":["42A","44A"],"angle":-61.8}},{"type":"Feature","geometry":{"type":"Point","coordinates":[16.329099,48.230175]},"properties":{"lines":"42A, N41","color":"#0059a9","mode":"bus","arr":["42A","N41"],"angle":33.6}},{"type":"Feature","geometry":{"type":"Point","coordinates":[16.359839,48.214991]},"properties":{"lines":"N43","color":"#0059a9","mode":"bus","arr":["N43"],"angle":-59}},{"type":"Feature","geometry":{"type":"Point","coordinates":[16.335169,48.217326]},"properties":{"lines":"N43","color":"#0059a9","mode":"bus","arr":["N43"],"angle":33.6}},{"type":"Feature","geometry":{"type":"Point","coordinates":[16.343252,48.215264]},"properties":{"lines":"N43","color":"#0059a9","mode":"bus","arr":["N43"],"angle":-1.8}},{"type":"Feature","geometry":{"type":"Point","coordinates":[16.31456,48.223982]},"properties":{"lines":"43A","color":"#0059a9","mode":"bus","arr":["43A"],"angle":27.7}},{"type":"Feature","geometry":{"type":"Point","coordinates":[16.295713,48.229779]},"properties":{"lines":"43A","color":"#0059a9","mode":"bus","arr":["43A"],"angle":39.2}},{"type":"Feature","geometry":{"type":"Point","coordinates":[16.301428,48.226432]},"properties":{"lines":"43A","color":"#0059a9","mode":"bus","arr":["43A"],"angle":22.4}},{"type":"Feature","geometry":{"type":"Point","coordinates":[16.30647,48.225056]},"properties":{"lines":"43A","color":"#0059a9","mode":"bus","arr":["43A"],"angle":21.9,"extra":1}},{"type":"Feature","geometry":{"type":"Point","coordinates":[16.297027,48.22793]},"properties":{"lines":"43A, 44A","color":"#0059a9","mode":"bus","arr":["43A","44A"],"angle":-68.6}},{"type":"Feature","geometry":{"type":"Point","coordinates":[16.288281,48.224725]},"properties":{"lines":"44A","color":"#0059a9","mode":"bus","arr":["44A"],"angle":-19}},{"type":"Feature","geometry":{"type":"Point","coordinates":[16.293034,48.225781]},"properties":{"lines":"44A","color":"#0059a9","mode":"bus","arr":["44A"],"angle":-13.9,"extra":1}},{"type":"Feature","geometry":{"type":"Point","coordinates":[16.299774,48.22836]},"properties":{"lines":"44A","color":"#0059a9","mode":"bus","arr":["44A"],"angle":14}},{"type":"Feature","geometry":{"type":"Point","coordinates":[16.282472,48.228363]},"properties":{"lines":"44A","color":"#0059a9","mode":"bus","arr":["44A"],"angle":-56.7}},{"type":"Feature","geometry":{"type":"Point","coordinates":[16.315681,48.222874]},"properties":{"lines":"44A","color":"#0059a9","mode":"bus","arr":["44A"],"angle":28.8}},{"type":"Feature","geometry":{"type":"Point","coordinates":[16.285896,48.22611]},"properties":{"lines":"44A","color":"#0059a9","mode":"bus","arr":["44A"],"angle":45.2}},{"type":"Feature","geometry":{"type":"Point","coordinates":[16.28338,48.225988]},"properties":{"lines":"44A","color":"#0059a9","mode":"bus","arr":["44A"],"angle":-69.4}},{"type":"Feature","geometry":{"type":"Point","coordinates":[16.30921,48.224658]},"properties":{"lines":"44B","color":"#0059a9","mode":"bus","arr":["44B"],"angle":-2.6}},{"type":"Feature","geometry":{"type":"Point","coordinates":[16.294315,48.224278]},"properties":{"lines":"44B","color":"#0059a9","mode":"bus","arr":["44B"],"angle":-18.9}},{"type":"Feature","geometry":{"type":"Point","coordinates":[16.290317,48.222038]},"properties":{"lines":"44B","color":"#0059a9","mode":"bus","arr":["44B"],"angle":16.5}},{"type":"Feature","geometry":{"type":"Point","coordinates":[16.299074,48.224262]},"properties":{"lines":"44B","color":"#0059a9","mode":"bus","arr":["44B"],"angle":-84.3}},{"type":"Feature","geometry":{"type":"Point","coordinates":[16.261427,48.197782]},"properties":{"lines":"43B, 47B, N49","color":"#0059a9","mode":"bus","arr":["43B","47B","N49"],"angle":19.8}},{"type":"Feature","geometry":{"type":"Point","coordinates":[16.261509,48.198106]},"properties":{"lines":"43B, 47B, 49A, 50A, 50B, 52A, 52B, N49","color":"#0059a9","mode":"bus","arr":["43B","47B","49A","50A","50B","52A","52B","N49"],"angle":20.1}},{"type":"Feature","geometry":{"type":"Point","coordinates":[16.256526,48.201019]},"properties":{"lines":"43B, 49A, 50A, 50B, 52A, 52B, N49","color":"#0059a9","mode":"bus","arr":["43B","49A","50A","50B","52A","52B","N49"],"angle":-58.3}},{"type":"Feature","geometry":{"type":"Point","coordinates":[16.257699,48.198575]},"properties":{"lines":"43B, 49A, 50A, 50B, 52A, 52B, N49","color":"#0059a9","mode":"bus","arr":["43B","49A","50A","50B","52A","52B","N49"],"angle":27}},{"type":"Feature","geometry":{"type":"Point","coordinates":[16.256284,48.206122]},"properties":{"lines":"43B, 52A, 52B","color":"#0059a9","mode":"bus","arr":["43B","52A","52B"],"angle":63.7}},{"type":"Feature","geometry":{"type":"Point","coordinates":[16.255783,48.209196]},"properties":{"lines":"43B, 52A, 52B","color":"#0059a9","mode":"bus","arr":["43B","52A","52B"],"angle":80.5,"extra":1}},{"type":"Feature","geometry":{"type":"Point","coordinates":[16.249589,48.214485]},"properties":{"lines":"43B, 52A, 52B","color":"#0059a9","mode":"bus","arr":["43B","52A","52B"],"angle":65.3,"extra":1}},{"type":"Feature","geometry":{"type":"Point","coordinates":[16.248882,48.217705]},"properties":{"lines":"43B, 52A","color":"#0059a9","mode":"bus","arr":["43B","52A"],"angle":85.7}},{"type":"Feature","geometry":{"type":"Point","coordinates":[16.283055,48.248109]},"properties":{"lines":"43B","color":"#0059a9","mode":"bus","arr":["43B"],"angle":-39.7}},{"type":"Feature","geometry":{"type":"Point","coordinates":[16.289598,48.25171]},"properties":{"lines":"43B","color":"#0059a9","mode":"bus","arr":["43B"],"angle":-10.3,"extra":1}},{"type":"Feature","geometry":{"type":"Point","coordinates":[16.281383,48.244384]},"properties":{"lines":"43B","color":"#0059a9","mode":"bus","arr":["43B"],"angle":-88.6,"extra":1}},{"type":"Feature","geometry":{"type":"Point","coordinates":[16.259349,48.231085]},"properties":{"lines":"43B","color":"#0059a9","mode":"bus","arr":["43B"],"angle":-30.3}},{"type":"Feature","geometry":{"type":"Point","coordinates":[16.272349,48.239467]},"properties":{"lines":"43B","color":"#0059a9","mode":"bus","arr":["43B"],"angle":-20.2,"extra":1}},{"type":"Feature","geometry":{"type":"Point","coordinates":[16.267343,48.23603]},"properties":{"lines":"43B","color":"#0059a9","mode":"bus","arr":["43B"],"angle":-45.9,"extra":1}},{"type":"Feature","geometry":{"type":"Point","coordinates":[16.254483,48.224882]},"properties":{"lines":"43B","color":"#0059a9","mode":"bus","arr":["43B"],"angle":-64.4,"extra":1}},{"type":"Feature","geometry":{"type":"Point","coordinates":[16.250903,48.220584]},"properties":{"lines":"43B","color":"#0059a9","mode":"bus","arr":["43B"],"angle":-56.5,"extra":1}},{"type":"Feature","geometry":{"type":"Point","coordinates":[16.291004,48.223062]},"properties":{"lines":"44B, 46A, 46B","color":"#0059a9","mode":"bus","arr":["44B","46A","46B"],"angle":14}},{"type":"Feature","geometry":{"type":"Point","coordinates":[16.310683,48.211479]},"properties":{"lines":"45A, 46A, 46B","color":"#0059a9","mode":"bus","arr":["45A","46A","46B"],"angle":-77}},{"type":"Feature","geometry":{"type":"Point","coordinates":[16.304054,48.213807]},"properties":{"lines":"45A, 46A, 46B","color":"#0059a9","mode":"bus","arr":["45A","46A","46B"],"angle":10.2}},{"type":"Feature","geometry":{"type":"Point","coordinates":[16.309614,48.211645]},"properties":{"lines":"45A, 46A, 46B","color":"#0059a9","mode":"bus","arr":["45A","46A","46B"],"angle":-77.4}},{"type":"Feature","geometry":{"type":"Point","coordinates":[16.297592,48.214966]},"properties":{"lines":"45A","color":"#0059a9","mode":"bus","arr":["45A"],"angle":15.4}},{"type":"Feature","geometry":{"type":"Point","coordinates":[16.291989,48.215834]},"properties":{"lines":"45A","color":"#0059a9","mode":"bus","arr":["45A"],"angle":-65.1}},{"type":"Feature","geometry":{"type":"Point","coordinates":[16.309708,48.210285]},"properties":{"lines":"45A, 46A, 46B, 48A","color":"#0059a9","mode":"bus","arr":["45A","46A","46B","48A"],"angle":13}},{"type":"Feature","geometry":{"type":"Point","coordinates":[16.302025,48.218353]},"properties":{"lines":"46A, 46B","color":"#0059a9","mode":"bus","arr":["46A","46B"],"angle":7.4}},{"type":"Feature","geometry":{"type":"Point","coordinates":[16.307261,48.215858]},"properties":{"lines":"46A, 46B","color":"#0059a9","mode":"bus","arr":["46A","46B"],"angle":-81.4,"extra":1}},{"type":"Feature","geometry":{"type":"Point","coordinates":[16.296599,48.219887]},"properties":{"lines":"46A, 46B","color":"#0059a9","mode":"bus","arr":["46A","46B"],"angle":16.3,"extra":1}},{"type":"Feature","geometry":{"type":"Point","coordinates":[16.282543,48.214903]},"properties":{"lines":"46A, 46B","color":"#0059a9","mode":"bus","arr":["46A","46B"],"angle":29.8}},{"type":"Feature","geometry":{"type":"Point","coordinates":[16.286424,48.220824]},"properties":{"lines":"46A, 46B","color":"#0059a9","mode":"bus","arr":["46A","46B"],"angle":-61.9,"extra":1}},{"type":"Feature","geometry":{"type":"Point","coordinates":[16.27978,48.218866]},"properties":{"lines":"46A, 46B","color":"#0059a9","mode":"bus","arr":["46A","46B"],"angle":-40.8,"extra":1}},{"type":"Feature","geometry":{"type":"Point","coordinates":[16.286604,48.214061]},"properties":{"lines":"46A, 46B","color":"#0059a9","mode":"bus","arr":["46A","46B"],"angle":20.8,"extra":1}},{"type":"Feature","geometry":{"type":"Point","coordinates":[16.293341,48.212158]},"properties":{"lines":"46A, 46B","color":"#0059a9","mode":"bus","arr":["46A","46B"],"angle":12.2,"extra":1}},{"type":"Feature","geometry":{"type":"Point","coordinates":[16.300271,48.212647]},"properties":{"lines":"46A, 46B","color":"#0059a9","mode":"bus","arr":["46A","46B"],"angle":-43.2,"extra":1}},{"type":"Feature","geometry":{"type":"Point","coordinates":[16.2835,48.19139]},"properties":{"lines":"47A, N54","color":"#0059a9","mode":"bus","arr":["47A","N54"],"angle":14.9}},{"type":"Feature","geometry":{"type":"Point","coordinates":[16.278251,48.191952]},"properties":{"lines":"47A, N54","color":"#0059a9","mode":"bus","arr":["47A","N54"],"angle":5.5,"extra":1}},{"type":"Feature","geometry":{"type":"Point","coordinates":[16.274527,48.192285]},"properties":{"lines":"47A, N54","color":"#0059a9","mode":"bus","arr":["47A","N54"],"angle":12.4}},{"type":"Feature","geometry":{"type":"Point","coordinates":[16.286203,48.194438]},"properties":{"lines":"47A","color":"#0059a9","mode":"bus","arr":["47A"],"angle":-81.9}},{"type":"Feature","geometry":{"type":"Point","coordinates":[16.272014,48.203585]},"properties":{"lines":"47A","color":"#0059a9","mode":"bus","arr":["47A"],"angle":9}},{"type":"Feature","geometry":{"type":"Point","coordinates":[16.280754,48.19678]},"properties":{"lines":"47A","color":"#0059a9","mode":"bus","arr":["47A"],"angle":87.3}},{"type":"Feature","geometry":{"type":"Point","coordinates":[16.27891,48.20323]},"properties":{"lines":"47A","color":"#0059a9","mode":"bus","arr":["47A"],"angle":88,"extra":1}},{"type":"Feature","geometry":{"type":"Point","coordinates":[16.274265,48.193386]},"properties":{"lines":"47A","color":"#0059a9","mode":"bus","arr":["47A"],"angle":-80.4,"extra":1}},{"type":"Feature","geometry":{"type":"Point","coordinates":[16.276495,48.206094]},"properties":{"lines":"47A, 48A","color":"#0059a9","mode":"bus","arr":["47A","48A"],"angle":-17.6}},{"type":"Feature","geometry":{"type":"Point","coordinates":[16.280883,48.205545]},"properties":{"lines":"47A, N46","color":"#0059a9","mode":"bus","arr":["47A","N46"],"angle":73.7}},{"type":"Feature","geometry":{"type":"Point","coordinates":[16.276464,48.192075]},"properties":{"lines":"47A, 53A, 54A, 54B, N54","color":"#0059a9","mode":"bus","arr":["47A","53A","54A","54B","N54"],"angle":7.8}},{"type":"Feature","geometry":{"type":"Point","coordinates":[16.26869,48.199612]},"properties":{"lines":"47B, N49","color":"#0059a9","mode":"bus","arr":["47B","N49"],"angle":25.1}},{"type":"Feature","geometry":{"type":"Point","coordinates":[16.265681,48.19701]},"properties":{"lines":"47B, N49","color":"#0059a9","mode":"bus","arr":["47B","N49"],"angle":20.2,"extra":1}},{"type":"Feature","geometry":{"type":"Point","coordinates":[16.263054,48.199188]},"properties":{"lines":"47B, N49","color":"#0059a9","mode":"bus","arr":["47B","N49"],"angle":-67.5,"extra":1}},{"type":"Feature","geometry":{"type":"Point","coordinates":[16.26109,48.201782]},"properties":{"lines":"47B","color":"#0059a9","mode":"bus","arr":["47B"],"angle":36.9}},{"type":"Feature","geometry":{"type":"Point","coordinates":[16.260822,48.207613]},"properties":{"lines":"47B","color":"#0059a9","mode":"bus","arr":["47B"],"angle":-78.6}},{"type":"Feature","geometry":{"type":"Point","coordinates":[16.262144,48.205993]},"properties":{"lines":"47B","color":"#0059a9","mode":"bus","arr":["47B"],"angle":9.3}},{"type":"Feature","geometry":{"type":"Point","coordinates":[16.351741,48.20528]},"properties":{"lines":"48A, N46","color":"#0059a9","mode":"bus","arr":["48A","N46"],"angle":-2.2}},{"type":"Feature","geometry":{"type":"Point","coordinates":[16.343413,48.2058]},"properties":{"lines":"48A, N46","color":"#0059a9","mode":"bus","arr":["48A","N46"],"angle":5.8,"extra":1}},{"type":"Feature","geometry":{"type":"Point","coordinates":[16.357974,48.206016]},"properties":{"lines":"48A, N46","color":"#0059a9","mode":"bus","arr":["48A","N46"],"angle":-41.7,"extra":1}},{"type":"Feature","geometry":{"type":"Point","coordinates":[16.298743,48.208019]},"properties":{"lines":"48A, N46","color":"#0059a9","mode":"bus","arr":["48A","N46"],"angle":-12.5}},{"type":"Feature","geometry":{"type":"Point","coordinates":[16.304851,48.208505]},"properties":{"lines":"48A, N46","color":"#0059a9","mode":"bus","arr":["48A","N46"],"angle":-45.7,"extra":1}},{"type":"Feature","geometry":{"type":"Point","coordinates":[16.290468,48.20665]},"properties":{"lines":"48A, N46","color":"#0059a9","mode":"bus","arr":["48A","N46"],"angle":-19.7,"extra":1}},{"type":"Feature","geometry":{"type":"Point","coordinates":[16.342851,48.20432]},"properties":{"lines":"48A, N46","color":"#0059a9","mode":"bus","arr":["48A","N46"],"angle":0.6}},{"type":"Feature","geometry":{"type":"Point","coordinates":[16.347887,48.204279]},"properties":{"lines":"48A, N46","color":"#0059a9","mode":"bus","arr":["48A","N46"],"angle":1.9,"extra":1}},{"type":"Feature","geometry":{"type":"Point","coordinates":[16.35514,48.204187]},"properties":{"lines":"48A, N46","color":"#0059a9","mode":"bus","arr":["48A","N46"],"angle":-12.9,"extra":1}},{"type":"Feature","geometry":{"type":"Point","coordinates":[16.325414,48.207885]},"properties":{"lines":"48A","color":"#0059a9","mode":"bus","arr":["48A"],"angle":12.6}},{"type":"Feature","geometry":{"type":"Point","coordinates":[16.336025,48.206267]},"properties":{"lines":"48A","color":"#0059a9","mode":"bus","arr":["48A"],"angle":12.1,"extra":1}},{"type":"Feature","geometry":{"type":"Point","coordinates":[16.314691,48.208725]},"properties":{"lines":"48A","color":"#0059a9","mode":"bus","arr":["48A"],"angle":-54.3,"extra":1}},{"type":"Feature","geometry":{"type":"Point","coordinates":[16.309913,48.207644]},"properties":{"lines":"48A","color":"#0059a9","mode":"bus","arr":["48A"],"angle":12.9}},{"type":"Feature","geometry":{"type":"Point","coordinates":[16.307469,48.21062]},"properties":{"lines":"48A","color":"#0059a9","mode":"bus","arr":["48A"],"angle":12.5}},{"type":"Feature","geometry":{"type":"Point","coordinates":[16.289259,48.206444]},"properties":{"lines":"48A","color":"#0059a9","mode":"bus","arr":["48A"],"angle":-6.2}},{"type":"Feature","geometry":{"type":"Point","coordinates":[16.284668,48.206877]},"properties":{"lines":"48A","color":"#0059a9","mode":"bus","arr":["48A"],"angle":13.9}},{"type":"Feature","geometry":{"type":"Point","coordinates":[16.326959,48.205061]},"properties":{"lines":"48A","color":"#0059a9","mode":"bus","arr":["48A"],"angle":12.9}},{"type":"Feature","geometry":{"type":"Point","coordinates":[16.320852,48.205976]},"properties":{"lines":"48A","color":"#0059a9","mode":"bus","arr":["48A"],"angle":13.8,"extra":1}},{"type":"Feature","geometry":{"type":"Point","coordinates":[16.335377,48.204121]},"properties":{"lines":"48A","color":"#0059a9","mode":"bus","arr":["48A"],"angle":-3.8,"extra":1}},{"type":"Feature","geometry":{"type":"Point","coordinates":[16.254556,48.203044]},"properties":{"lines":"49A, 50A, 50B, N49","color":"#0059a9","mode":"bus","arr":["49A","50A","50B","N49"],"angle":44.1}},{"type":"Feature","geometry":{"type":"Point","coordinates":[16.239171,48.211379]},"properties":{"lines":"49A, 50B","color":"#0059a9","mode":"bus","arr":["49A","50B"],"angle":23.4}},{"type":"Feature","geometry":{"type":"Point","coordinates":[16.252749,48.206383]},"properties":{"lines":"49A, 50B","color":"#0059a9","mode":"bus","arr":["49A","50B"],"angle":-79.8,"extra":1}},{"type":"Feature","geometry":{"type":"Point","coordinates":[16.246958,48.207623]},"properties":{"lines":"49A, 50B","color":"#0059a9","mode":"bus","arr":["49A","50B"],"angle":6.5,"extra":1}},{"type":"Feature","geometry":{"type":"Point","coordinates":[16.235243,48.212253]},"properties":{"lines":"49A, 50B","color":"#0059a9","mode":"bus","arr":["49A","50B"],"angle":-34.4,"extra":1}},{"type":"Feature","geometry":{"type":"Point","coordinates":[16.228957,48.212653]},"properties":{"lines":"49A, 50B","color":"#0059a9","mode":"bus","arr":["49A","50B"],"angle":24,"extra":1}},{"type":"Feature","geometry":{"type":"Point","coordinates":[16.225564,48.215124]},"properties":{"lines":"49A, 50B","color":"#0059a9","mode":"bus","arr":["49A","50B"],"angle":-16.8,"extra":1}},{"type":"Feature","geometry":{"type":"Point","coordinates":[16.230215,48.2152]},"properties":{"lines":"49A","color":"#0059a9","mode":"bus","arr":["49A"],"angle":-15.2}},{"type":"Feature","geometry":{"type":"Point","coordinates":[16.225675,48.213627]},"properties":{"lines":"49A","color":"#0059a9","mode":"bus","arr":["49A"],"angle":24.1}},{"type":"Feature","geometry":{"type":"Point","coordinates":[16.237706,48.210615]},"properties":{"lines":"49A","color":"#0059a9","mode":"bus","arr":["49A"],"angle":16.1}},{"type":"Feature","geometry":{"type":"Point","coordinates":[16.242824,48.205192]},"properties":{"lines":"49A","color":"#0059a9","mode":"bus","arr":["49A"],"angle":5.6}},{"type":"Feature","geometry":{"type":"Point","coordinates":[16.24849,48.203688]},"properties":{"lines":"49A, 50A, N49","color":"#0059a9","mode":"bus","arr":["49A","50A","N49"],"angle":-8}},{"type":"Feature","geometry":{"type":"Point","coordinates":[16.20499,48.239196]},"properties":{"lines":"49B","color":"#0059a9","mode":"bus","arr":["49B"],"angle":-59.9}},{"type":"Feature","geometry":{"type":"Point","coordinates":[16.219343,48.247267]},"properties":{"lines":"49B","color":"#0059a9","mode":"bus","arr":["49B"],"angle":-39.1,"extra":1}},{"type":"Feature","geometry":{"type":"Point","coordinates":[16.213662,48.24427]},"properties":{"lines":"49B","color":"#0059a9","mode":"bus","arr":["49B"],"angle":-31.2,"extra":1}},{"type":"Feature","geometry":{"type":"Point","coordinates":[16.207653,48.241607]},"properties":{"lines":"49B","color":"#0059a9","mode":"bus","arr":["49B"],"angle":-27.2,"extra":1}},{"type":"Feature","geometry":{"type":"Point","coordinates":[16.200302,48.233343]},"properties":{"lines":"49B","color":"#0059a9","mode":"bus","arr":["49B"],"angle":-88.9,"extra":1}},{"type":"Feature","geometry":{"type":"Point","coordinates":[16.196071,48.232331]},"properties":{"lines":"49B","color":"#0059a9","mode":"bus","arr":["49B"],"angle":36,"extra":1}},{"type":"Feature","geometry":{"type":"Point","coordinates":[16.372594,48.199806]},"properties":{"lines":"4A","color":"#0059a9","mode":"bus","arr":["4A"],"angle":19.4}},{"type":"Feature","geometry":{"type":"Point","coordinates":[16.385403,48.199135]},"properties":{"lines":"4A","color":"#0059a9","mode":"bus","arr":["4A"],"angle":6.3}},{"type":"Feature","geometry":{"type":"Point","coordinates":[16.3805,48.198997]},"properties":{"lines":"4A","color":"#0059a9","mode":"bus","arr":["4A"],"angle":-3.5,"extra":1}},{"type":"Feature","geometry":{"type":"Point","coordinates":[16.394394,48.20564]},"properties":{"lines":"4A","color":"#0059a9","mode":"bus","arr":["4A"],"angle":-8.5}},{"type":"Feature","geometry":{"type":"Point","coordinates":[16.391346,48.203261]},"properties":{"lines":"4A","color":"#0059a9","mode":"bus","arr":["4A"],"angle":-52.8,"extra":1}},{"type":"Feature","geometry":{"type":"Point","coordinates":[16.367993,48.202737]},"properties":{"lines":"N71, N75","color":"#0059a9","mode":"bus","arr":["N71","N75"],"angle":-55.3}},{"type":"Feature","geometry":{"type":"Point","coordinates":[16.373112,48.199809]},"properties":{"lines":"4A, N71, N75","color":"#0059a9","mode":"bus","arr":["4A","N71","N75"],"angle":7.6}},{"type":"Feature","geometry":{"type":"Point","coordinates":[16.376398,48.200439]},"properties":{"lines":"4A, N75","color":"#0059a9","mode":"bus","arr":["4A","N75"],"angle":29.1}},{"type":"Feature","geometry":{"type":"Point","coordinates":[16.392246,48.202189]},"properties":{"lines":"4A, N75","color":"#0059a9","mode":"bus","arr":["4A","N75"],"angle":-51}},{"type":"Feature","geometry":{"type":"Point","coordinates":[16.392762,48.200669]},"properties":{"lines":"4A, 74A","color":"#0059a9","mode":"bus","arr":["4A","74A"],"angle":54.7}},{"type":"Feature","geometry":{"type":"Point","coordinates":[16.398333,48.206963]},"properties":{"lines":"4A, N29","color":"#0059a9","mode":"bus","arr":["4A","N29"],"angle":-10.4}},{"type":"Feature","geometry":{"type":"Point","coordinates":[16.398511,48.206113]},"properties":{"lines":"4A, 80A, N29","color":"#0059a9","mode":"bus","arr":["4A","80A","N29"],"angle":-6.9}},{"type":"Feature","geometry":{"type":"Point","coordinates":[16.391025,48.202171]},"properties":{"lines":"4A, 74A, N75","color":"#0059a9","mode":"bus","arr":["4A","74A","N75"],"angle":47.5}},{"type":"Feature","geometry":{"type":"Point","coordinates":[16.261093,48.198008]},"properties":{"lines":"50A, 52A, 52B","color":"#0059a9","mode":"bus","arr":["50A","52A","52B"],"angle":12.5}},{"type":"Feature","geometry":{"type":"Point","coordinates":[16.225467,48.208518]},"properties":{"lines":"50A, N49","color":"#0059a9","mode":"bus","arr":["50A","N49"],"angle":32.4}},{"type":"Feature","geometry":{"type":"Point","coordinates":[16.241382,48.203669]},"properties":{"lines":"50A, N49","color":"#0059a9","mode":"bus","arr":["50A","N49"],"angle":15.3,"extra":1}},{"type":"Feature","geometry":{"type":"Point","coordinates":[16.234559,48.205307]},"properties":{"lines":"50A, N49","color":"#0059a9","mode":"bus","arr":["50A","N49"],"angle":36.9,"extra":1}},{"type":"Feature","geometry":{"type":"Point","coordinates":[16.215138,48.209519]},"properties":{"lines":"50A, N49","color":"#0059a9","mode":"bus","arr":["50A","N49"],"angle":-6.3,"extra":1}},{"type":"Feature","geometry":{"type":"Point","coordinates":[16.216227,48.206729]},"properties":{"lines":"50A, 50B","color":"#0059a9","mode":"bus","arr":["50A","50B"],"angle":20.3}},{"type":"Feature","geometry":{"type":"Point","coordinates":[16.219502,48.206772]},"properties":{"lines":"50A","color":"#0059a9","mode":"bus","arr":["50A"],"angle":-87.4}},{"type":"Feature","geometry":{"type":"Point","coordinates":[16.223214,48.211615]},"properties":{"lines":"50B","color":"#0059a9","mode":"bus","arr":["50B"],"angle":57}},{"type":"Feature","geometry":{"type":"Point","coordinates":[16.235818,48.201708]},"properties":{"lines":"50B","color":"#0059a9","mode":"bus","arr":["50B"],"angle":16}},{"type":"Feature","geometry":{"type":"Point","coordinates":[16.220317,48.204389]},"properties":{"lines":"50B","color":"#0059a9","mode":"bus","arr":["50B"],"angle":-13.6,"extra":1}},{"type":"Feature","geometry":{"type":"Point","coordinates":[16.226824,48.203465]},"properties":{"lines":"50B","color":"#0059a9","mode":"bus","arr":["50B"],"angle":-2.7,"extra":1}},{"type":"Feature","geometry":{"type":"Point","coordinates":[16.240659,48.20082]},"properties":{"lines":"50B","color":"#0059a9","mode":"bus","arr":["50B"],"angle":15.4,"extra":1}},{"type":"Feature","geometry":{"type":"Point","coordinates":[16.24789,48.200744]},"properties":{"lines":"50B","color":"#0059a9","mode":"bus","arr":["50B"],"angle":-13.2,"extra":1}},{"type":"Feature","geometry":{"type":"Point","coordinates":[16.25452,48.199082]},"properties":{"lines":"50B","color":"#0059a9","mode":"bus","arr":["50B"],"angle":-16.1,"extra":1}},{"type":"Feature","geometry":{"type":"Point","coordinates":[16.223146,48.207909]},"properties":{"lines":"50B, N49","color":"#0059a9","mode":"bus","arr":["50B","N49"],"angle":-69.8}},{"type":"Feature","geometry":{"type":"Point","coordinates":[16.301857,48.191863]},"properties":{"lines":"51A, 51B, N54","color":"#0059a9","mode":"bus","arr":["51A","51B","N54"],"angle":-88.2}},{"type":"Feature","geometry":{"type":"Point","coordinates":[16.301995,48.189634]},"properties":{"lines":"51A, 51B, N54","color":"#0059a9","mode":"bus","arr":["51A","51B","N54"],"angle":3.1}},{"type":"Feature","geometry":{"type":"Point","coordinates":[16.301496,48.196588]},"properties":{"lines":"51A, 51B","color":"#0059a9","mode":"bus","arr":["51A","51B"],"angle":-54.6}},{"type":"Feature","geometry":{"type":"Point","coordinates":[16.302517,48.199436]},"properties":{"lines":"51A, 51B","color":"#0059a9","mode":"bus","arr":["51A","51B"],"angle":-86.4,"extra":1}},{"type":"Feature","geometry":{"type":"Point","coordinates":[16.29707,48.202613]},"properties":{"lines":"51A, 51B","color":"#0059a9","mode":"bus","arr":["51A","51B"],"angle":3.4}},{"type":"Feature","geometry":{"type":"Point","coordinates":[16.302705,48.201101]},"properties":{"lines":"51A, 51B","color":"#0059a9","mode":"bus","arr":["51A","51B"],"angle":84.7}},{"type":"Feature","geometry":{"type":"Point","coordinates":[16.290448,48.20609]},"properties":{"lines":"51A","color":"#0059a9","mode":"bus","arr":["51A"],"angle":-78.7}},{"type":"Feature","geometry":{"type":"Point","coordinates":[16.290602,48.203167]},"properties":{"lines":"51A","color":"#0059a9","mode":"bus","arr":["51A"],"angle":61.1,"extra":1}},{"type":"Feature","geometry":{"type":"Point","coordinates":[16.292999,48.199975]},"properties":{"lines":"51B","color":"#0059a9","mode":"bus","arr":["51B"],"angle":56.4}},{"type":"Feature","geometry":{"type":"Point","coordinates":[16.294288,48.198567]},"properties":{"lines":"51B","color":"#0059a9","mode":"bus","arr":["51B"],"angle":-2.1}},{"type":"Feature","geometry":{"type":"Point","coordinates":[16.240215,48.221498]},"properties":{"lines":"52A","color":"#0059a9","mode":"bus","arr":["52A"],"angle":-39.6}},{"type":"Feature","geometry":{"type":"Point","coordinates":[16.247555,48.221008]},"properties":{"lines":"52A","color":"#0059a9","mode":"bus","arr":["52A"],"angle":80.2,"extra":1}},{"type":"Feature","geometry":{"type":"Point","coordinates":[16.243775,48.224584]},"properties":{"lines":"52A","color":"#0059a9","mode":"bus","arr":["52A"],"angle":-18.3,"extra":1}},{"type":"Feature","geometry":{"type":"Point","coordinates":[16.244246,48.217686]},"properties":{"lines":"52A","color":"#0059a9","mode":"bus","arr":["52A"],"angle":50.3,"extra":1}},{"type":"Feature","geometry":{"type":"Point","coordinates":[16.248513,48.214302]},"properties":{"lines":"52A","color":"#0059a9","mode":"bus","arr":["52A"],"angle":-5.1,"extra":1}},{"type":"Feature","geometry":{"type":"Point","coordinates":[16.254294,48.216963]},"properties":{"lines":"52B","color":"#0059a9","mode":"bus","arr":["52B"],"angle":-56.2}},{"type":"Feature","geometry":{"type":"Point","coordinates":[16.250485,48.218997]},"properties":{"lines":"52B","color":"#0059a9","mode":"bus","arr":["52B"],"angle":-53,"extra":1}},{"type":"Feature","geometry":{"type":"Point","coordinates":[16.2596,48.217902]},"properties":{"lines":"52B","color":"#0059a9","mode":"bus","arr":["52B"],"angle":-67.4,"extra":1}},{"type":"Feature","geometry":{"type":"Point","coordinates":[16.261942,48.195562]},"properties":{"lines":"53A","color":"#0059a9","mode":"bus","arr":["53A"],"angle":55.3}},{"type":"Feature","geometry":{"type":"Point","coordinates":[16.262315,48.19169]},"properties":{"lines":"53A","color":"#0059a9","mode":"bus","arr":["53A"],"angle":82.8}},{"type":"Feature","geometry":{"type":"Point","coordinates":[16.26371,48.189145]},"properties":{"lines":"53A","color":"#0059a9","mode":"bus","arr":["53A"],"angle":67.8,"extra":1}},{"type":"Feature","geometry":{"type":"Point","coordinates":[16.276548,48.182414]},"properties":{"lines":"53A","color":"#0059a9","mode":"bus","arr":["53A"],"angle":45.2}},{"type":"Feature","geometry":{"type":"Point","coordinates":[16.27753,48.18093]},"properties":{"lines":"53A","color":"#0059a9","mode":"bus","arr":["53A"],"angle":-22.5}},{"type":"Feature","geometry":{"type":"Point","coordinates":[16.275117,48.177438]},"properties":{"lines":"53A","color":"#0059a9","mode":"bus","arr":["53A"],"angle":5.8,"extra":1}},{"type":"Feature","geometry":{"type":"Point","coordinates":[16.281112,48.184322]},"properties":{"lines":"53A","color":"#0059a9","mode":"bus","arr":["53A"],"angle":-85.5,"extra":1}},{"type":"Feature","geometry":{"type":"Point","coordinates":[16.26349,48.180425]},"properties":{"lines":"53A","color":"#0059a9","mode":"bus","arr":["53A"],"angle":-7.5}},{"type":"Feature","geometry":{"type":"Point","coordinates":[16.280819,48.186155]},"properties":{"lines":"53A","color":"#0059a9","mode":"bus","arr":["53A"],"angle":2.4}},{"type":"Feature","geometry":{"type":"Point","coordinates":[16.266661,48.1882]},"properties":{"lines":"53A, 54A, 54B","color":"#0059a9","mode":"bus","arr":["53A","54A","54B"],"angle":-1.4}},{"type":"Feature","geometry":{"type":"Point","coordinates":[16.272603,48.187657]},"properties":{"lines":"53A, 54A, 54B","color":"#0059a9","mode":"bus","arr":["53A","54A","54B"],"angle":2.2}},{"type":"Feature","geometry":{"type":"Point","coordinates":[16.275066,48.190045]},"properties":{"lines":"53A, 54A, 54B","color":"#0059a9","mode":"bus","arr":["53A","54A","54B"],"angle":-86.3}},{"type":"Feature","geometry":{"type":"Point","coordinates":[16.277524,48.189766]},"properties":{"lines":"53A, 54A, 54B","color":"#0059a9","mode":"bus","arr":["53A","54A","54B"],"angle":-86.7}},{"type":"Feature","geometry":{"type":"Point","coordinates":[16.272441,48.187717]},"properties":{"lines":"53A, 54A, 54B, N54","color":"#0059a9","mode":"bus","arr":["53A","54A","54B","N54"],"angle":2.2}},{"type":"Feature","geometry":{"type":"Point","coordinates":[16.279007,48.187488]},"properties":{"lines":"53A, N54","color":"#0059a9","mode":"bus","arr":["53A","N54"],"angle":3}},{"type":"Feature","geometry":{"type":"Point","coordinates":[16.268314,48.179705]},"properties":{"lines":"53A, 54A","color":"#0059a9","mode":"bus","arr":["53A","54A"],"angle":57.2}},{"type":"Feature","geometry":{"type":"Point","coordinates":[16.265867,48.187275]},"properties":{"lines":"54A, 54B","color":"#0059a9","mode":"bus","arr":["54A","54B"],"angle":67.1}},{"type":"Feature","geometry":{"type":"Point","coordinates":[16.265119,48.185753]},"properties":{"lines":"54A, 54B","color":"#0059a9","mode":"bus","arr":["54A","54B"],"angle":-70.2}},{"type":"Feature","geometry":{"type":"Point","coordinates":[16.264553,48.182131]},"properties":{"lines":"54A","color":"#0059a9","mode":"bus","arr":["54A"],"angle":69.3}},{"type":"Feature","geometry":{"type":"Point","coordinates":[16.271171,48.177243]},"properties":{"lines":"54A","color":"#0059a9","mode":"bus","arr":["54A"],"angle":85.9}},{"type":"Feature","geometry":{"type":"Point","coordinates":[16.270763,48.176433]},"properties":{"lines":"54A","color":"#0059a9","mode":"bus","arr":["54A"],"angle":-36.4}},{"type":"Feature","geometry":{"type":"Point","coordinates":[16.266019,48.175624]},"properties":{"lines":"54A","color":"#0059a9","mode":"bus","arr":["54A"],"angle":-35.6,"extra":1}},{"type":"Feature","geometry":{"type":"Point","coordinates":[16.259526,48.180131]},"properties":{"lines":"54B","color":"#0059a9","mode":"bus","arr":["54B"],"angle":-88.4}},{"type":"Feature","geometry":{"type":"Point","coordinates":[16.254116,48.176805]},"properties":{"lines":"54B","color":"#0059a9","mode":"bus","arr":["54B"],"angle":-27.1}},{"type":"Feature","geometry":{"type":"Point","coordinates":[16.299197,48.180724]},"properties":{"lines":"56A, 56B, 58A, 58B","color":"#0059a9","mode":"bus","arr":["56A","56B","58A","58B"],"angle":-79}},{"type":"Feature","geometry":{"type":"Point","coordinates":[16.300151,48.183788]},"properties":{"lines":"56A, 56B, 58A, 58B","color":"#0059a9","mode":"bus","arr":["56A","56B","58A","58B"],"angle":-76.3,"extra":1}},{"type":"Feature","geometry":{"type":"Point","coordinates":[16.292543,48.175062]},"properties":{"lines":"56A, 56B, 8A","color":"#0059a9","mode":"bus","arr":["56A","56B","8A"],"angle":18.2}},{"type":"Feature","geometry":{"type":"Point","coordinates":[16.294292,48.175108]},"properties":{"lines":"56A, 56B, 8A","color":"#0059a9","mode":"bus","arr":["56A","56B","8A"],"angle":-74.7}},{"type":"Feature","geometry":{"type":"Point","coordinates":[16.296108,48.17298]},"properties":{"lines":"56A, 56B","color":"#0059a9","mode":"bus","arr":["56A","56B"],"angle":-59}},{"type":"Feature","geometry":{"type":"Point","coordinates":[16.291853,48.172784]},"properties":{"lines":"56A, 56B","color":"#0059a9","mode":"bus","arr":["56A","56B"],"angle":12.6}},{"type":"Feature","geometry":{"type":"Point","coordinates":[16.288197,48.174116]},"properties":{"lines":"56A, 56B","color":"#0059a9","mode":"bus","arr":["56A","56B"],"angle":47,"extra":1}},{"type":"Feature","geometry":{"type":"Point","coordinates":[16.283687,48.168198]},"properties":{"lines":"56A, 56B, N62","color":"#0059a9","mode":"bus","arr":["56A","56B","N62"],"angle":-1.2}},{"type":"Feature","geometry":{"type":"Point","coordinates":[16.277041,48.167252]},"properties":{"lines":"56A, 56B, N62","color":"#0059a9","mode":"bus","arr":["56A","56B","N62"],"angle":-11.2}},{"type":"Feature","geometry":{"type":"Point","coordinates":[16.260463,48.160905]},"properties":{"lines":"56A","color":"#0059a9","mode":"bus","arr":["56A"],"angle":-83.6}},{"type":"Feature","geometry":{"type":"Point","coordinates":[16.271983,48.164325]},"properties":{"lines":"56A","color":"#0059a9","mode":"bus","arr":["56A"],"angle":-57.1,"extra":1}},{"type":"Feature","geometry":{"type":"Point","coordinates":[16.264871,48.163675]},"properties":{"lines":"56A","color":"#0059a9","mode":"bus","arr":["56A"],"angle":-0.5,"extra":1}},{"type":"Feature","geometry":{"type":"Point","coordinates":[16.266291,48.158634]},"properties":{"lines":"56A","color":"#0059a9","mode":"bus","arr":["56A"],"angle":81.3,"extra":1}},{"type":"Feature","geometry":{"type":"Point","coordinates":[16.26398,48.1541]},"properties":{"lines":"56A","color":"#0059a9","mode":"bus","arr":["56A"],"angle":85.7,"extra":1}},{"type":"Feature","geometry":{"type":"Point","coordinates":[16.275942,48.154387]},"properties":{"lines":"56A","color":"#0059a9","mode":"bus","arr":["56A"],"angle":10.6}},{"type":"Feature","geometry":{"type":"Point","coordinates":[16.264576,48.151908]},"properties":{"lines":"56A, 60A","color":"#0059a9","mode":"bus","arr":["56A","60A"],"angle":8.4}},{"type":"Feature","geometry":{"type":"Point","coordinates":[16.267075,48.151238]},"properties":{"lines":"56A, 60A, N60","color":"#0059a9","mode":"bus","arr":["56A","60A","N60"],"angle":32.6}},{"type":"Feature","geometry":{"type":"Point","coordinates":[16.270012,48.152944]},"properties":{"lines":"56A, N60","color":"#0059a9","mode":"bus","arr":["56A","N60"],"angle":-71.8}},{"type":"Feature","geometry":{"type":"Point","coordinates":[16.283917,48.151]},"properties":{"lines":"56A, 58B, 60A","color":"#0059a9","mode":"bus","arr":["56A","58B","60A"],"angle":88.5}},{"type":"Feature","geometry":{"type":"Point","coordinates":[16.283402,48.147639]},"properties":{"lines":"56A, 58B, 60A","color":"#0059a9","mode":"bus","arr":["56A","58B","60A"],"angle":-73.1,"extra":1}},{"type":"Feature","geometry":{"type":"Point","coordinates":[16.286012,48.147389]},"properties":{"lines":"56A, 58B, 60A, 66A, N66","color":"#0059a9","mode":"bus","arr":["56A","58B","60A","66A","N66"],"angle":-9.8}},{"type":"Feature","geometry":{"type":"Point","coordinates":[16.289739,48.15038]},"properties":{"lines":"56A, 58A, 58B","color":"#0059a9","mode":"bus","arr":["56A","58A","58B"],"angle":-81.6}},{"type":"Feature","geometry":{"type":"Point","coordinates":[16.28606,48.153658]},"properties":{"lines":"56A, 58B","color":"#0059a9","mode":"bus","arr":["56A","58B"],"angle":11.3}},{"type":"Feature","geometry":{"type":"Point","coordinates":[16.264729,48.166849]},"properties":{"lines":"56B, N62","color":"#0059a9","mode":"bus","arr":["56B","N62"],"angle":0.6}},{"type":"Feature","geometry":{"type":"Point","coordinates":[16.362414,48.203164]},"properties":{"lines":"57A","color":"#0059a9","mode":"bus","arr":["57A"],"angle":-41.8}},{"type":"Feature","geometry":{"type":"Point","coordinates":[16.359119,48.199188]},"properties":{"lines":"57A","color":"#0059a9","mode":"bus","arr":["57A"],"angle":-28.1}},{"type":"Feature","geometry":{"type":"Point","coordinates":[16.354664,48.197802]},"properties":{"lines":"57A","color":"#0059a9","mode":"bus","arr":["57A"],"angle":-20.3,"extra":1}},{"type":"Feature","geometry":{"type":"Point","coordinates":[16.348781,48.192554]},"properties":{"lines":"57A","color":"#0059a9","mode":"bus","arr":["57A"],"angle":-63.7,"extra":1}},{"type":"Feature","geometry":{"type":"Point","coordinates":[16.342716,48.190745]},"properties":{"lines":"57A","color":"#0059a9","mode":"bus","arr":["57A"],"angle":-14.5,"extra":1}},{"type":"Feature","geometry":{"type":"Point","coordinates":[16.328103,48.186892]},"properties":{"lines":"57A","color":"#0059a9","mode":"bus","arr":["57A"],"angle":-5}},{"type":"Feature","geometry":{"type":"Point","coordinates":[16.322447,48.186167]},"properties":{"lines":"57A","color":"#0059a9","mode":"bus","arr":["57A"],"angle":-5.9}},{"type":"Feature","geometry":{"type":"Point","coordinates":[16.335766,48.189268]},"properties":{"lines":"57A, N8","color":"#0059a9","mode":"bus","arr":["57A","N8"],"angle":-44.5}},{"type":"Feature","geometry":{"type":"Point","coordinates":[16.297951,48.172514]},"properties":{"lines":"58A, 58B","color":"#0059a9","mode":"bus","arr":["58A","58B"],"angle":-40.9}},{"type":"Feature","geometry":{"type":"Point","coordinates":[16.288954,48.161118]},"properties":{"lines":"58A, 58B","color":"#0059a9","mode":"bus","arr":["58A","58B"],"angle":-44.6}},{"type":"Feature","geometry":{"type":"Point","coordinates":[16.288745,48.158662]},"properties":{"lines":"58A, 58B","color":"#0059a9","mode":"bus","arr":["58A","58B"],"angle":27.8}},{"type":"Feature","geometry":{"type":"Point","coordinates":[16.293105,48.15203]},"properties":{"lines":"58A, 58B","color":"#0059a9","mode":"bus","arr":["58A","58B"],"angle":34.3}},{"type":"Feature","geometry":{"type":"Point","coordinates":[16.295301,48.148292]},"properties":{"lines":"58A, 58B","color":"#0059a9","mode":"bus","arr":["58A","58B"],"angle":-82.1}},{"type":"Feature","geometry":{"type":"Point","coordinates":[16.291281,48.160158]},"properties":{"lines":"58A, 58B","color":"#0059a9","mode":"bus","arr":["58A","58B"],"angle":-87}},{"type":"Feature","geometry":{"type":"Point","coordinates":[16.298389,48.174874]},"properties":{"lines":"58A, 58B, 8A","color":"#0059a9","mode":"bus","arr":["58A","58B","8A"],"angle":35.2}},{"type":"Feature","geometry":{"type":"Point","coordinates":[16.29419,48.166381]},"properties":{"lines":"58A","color":"#0059a9","mode":"bus","arr":["58A"],"angle":-69.2}},{"type":"Feature","geometry":{"type":"Point","coordinates":[16.292449,48.163561]},"properties":{"lines":"58A","color":"#0059a9","mode":"bus","arr":["58A"],"angle":-65.2,"extra":1}},{"type":"Feature","geometry":{"type":"Point","coordinates":[16.291594,48.155397]},"properties":{"lines":"58A","color":"#0059a9","mode":"bus","arr":["58A"],"angle":84,"extra":1}},{"type":"Feature","geometry":{"type":"Point","coordinates":[16.286891,48.159881]},"properties":{"lines":"58A","color":"#0059a9","mode":"bus","arr":["58A"],"angle":-51.7}},{"type":"Feature","geometry":{"type":"Point","coordinates":[16.29157,48.162373]},"properties":{"lines":"58A, 58B, 63A","color":"#0059a9","mode":"bus","arr":["58A","58B","63A"],"angle":35}},{"type":"Feature","geometry":{"type":"Point","coordinates":[16.291842,48.147827]},"properties":{"lines":"58A, 58B, 66A, N66","color":"#0059a9","mode":"bus","arr":["58A","58B","66A","N66"],"angle":16.1}},{"type":"Feature","geometry":{"type":"Point","coordinates":[16.295805,48.150166]},"properties":{"lines":"58A, 58B, 64A","color":"#0059a9","mode":"bus","arr":["58A","58B","64A"],"angle":-77.3}},{"type":"Feature","geometry":{"type":"Point","coordinates":[16.297615,48.165353]},"properties":{"lines":"58B","color":"#0059a9","mode":"bus","arr":["58B"],"angle":-40.6}},{"type":"Feature","geometry":{"type":"Point","coordinates":[16.279872,48.158271]},"properties":{"lines":"58B","color":"#0059a9","mode":"bus","arr":["58B"],"angle":-71.2}},{"type":"Feature","geometry":{"type":"Point","coordinates":[16.367588,48.201886]},"properties":{"lines":"59A, N46, N62, N71, N75","color":"#0059a9","mode":"bus","arr":["59A","N46","N62","N71","N75"],"angle":-71.2}},{"type":"Feature","geometry":{"type":"Point","coordinates":[16.366943,48.200766]},"properties":{"lines":"59A, N62, N71, N75","color":"#0059a9","mode":"bus","arr":["59A","N62","N71","N75"],"angle":-69.7}},{"type":"Feature","geometry":{"type":"Point","coordinates":[16.366161,48.19824]},"properties":{"lines":"59A, N62","color":"#0059a9","mode":"bus","arr":["59A","N62"],"angle":-75.1}},{"type":"Feature","geometry":{"type":"Point","coordinates":[16.362572,48.194637]},"properties":{"lines":"59A","color":"#0059a9","mode":"bus","arr":["59A"],"angle":-49.2}},{"type":"Feature","geometry":{"type":"Point","coordinates":[16.347867,48.184727]},"properties":{"lines":"59A","color":"#0059a9","mode":"bus","arr":["59A"],"angle":-26.9}},{"type":"Feature","geometry":{"type":"Point","coordinates":[16.353879,48.186764]},"properties":{"lines":"59A","color":"#0059a9","mode":"bus","arr":["59A"],"angle":-27,"extra":1}},{"type":"Feature","geometry":{"type":"Point","coordinates":[16.340663,48.182249]},"properties":{"lines":"59A","color":"#0059a9","mode":"bus","arr":["59A"],"angle":-27.7,"extra":1}},{"type":"Feature","geometry":{"type":"Point","coordinates":[16.337364,48.179794]},"properties":{"lines":"59A","color":"#0059a9","mode":"bus","arr":["59A"],"angle":78.1}},{"type":"Feature","geometry":{"type":"Point","coordinates":[16.361935,48.195858]},"properties":{"lines":"59A","color":"#0059a9","mode":"bus","arr":["59A"],"angle":74.9}},{"type":"Feature","geometry":{"type":"Point","coordinates":[16.359053,48.193809]},"properties":{"lines":"59A","color":"#0059a9","mode":"bus","arr":["59A"],"angle":-43.3,"extra":1}},{"type":"Feature","geometry":{"type":"Point","coordinates":[16.337993,48.181315]},"properties":{"lines":"59A, 63A","color":"#0059a9","mode":"bus","arr":["59A","63A"],"angle":-27.6}},{"type":"Feature","geometry":{"type":"Point","coordinates":[16.332673,48.175622]},"properties":{"lines":"59A, N8","color":"#0059a9","mode":"bus","arr":["59A","N8"],"angle":-42.6}},{"type":"Feature","geometry":{"type":"Point","coordinates":[16.366578,48.19997]},"properties":{"lines":"59A, N46","color":"#0059a9","mode":"bus","arr":["59A","N46"],"angle":-39.2}},{"type":"Feature","geometry":{"type":"Point","coordinates":[16.367834,48.200632]},"properties":{"lines":"59A, N46, N71, N75","color":"#0059a9","mode":"bus","arr":["59A","N46","N71","N75"],"angle":-35}},{"type":"Feature","geometry":{"type":"Point","coordinates":[16.375127,48.220988]},"properties":{"lines":"5A","color":"#0059a9","mode":"bus","arr":["5A"],"angle":46.1}},{"type":"Feature","geometry":{"type":"Point","coordinates":[16.37479,48.2325]},"properties":{"lines":"5A","color":"#0059a9","mode":"bus","arr":["5A"],"angle":87.8}},{"type":"Feature","geometry":{"type":"Point","coordinates":[16.381013,48.237728]},"properties":{"lines":"5A","color":"#0059a9","mode":"bus","arr":["5A"],"angle":-38.4,"extra":1}},{"type":"Feature","geometry":{"type":"Point","coordinates":[16.372307,48.227973]},"properties":{"lines":"5A","color":"#0059a9","mode":"bus","arr":["5A"],"angle":-29.1,"extra":1}},{"type":"Feature","geometry":{"type":"Point","coordinates":[16.374949,48.247342]},"properties":{"lines":"5A","color":"#0059a9","mode":"bus","arr":["5A"],"angle":89.6}},{"type":"Feature","geometry":{"type":"Point","coordinates":[16.375062,48.249367]},"properties":{"lines":"5A","color":"#0059a9","mode":"bus","arr":["5A"],"angle":68.4}},{"type":"Feature","geometry":{"type":"Point","coordinates":[16.37681,48.219264]},"properties":{"lines":"5A","color":"#0059a9","mode":"bus","arr":["5A"],"angle":74.1}},{"type":"Feature","geometry":{"type":"Point","coordinates":[16.379463,48.215693]},"properties":{"lines":"5A","color":"#0059a9","mode":"bus","arr":["5A"],"angle":15.7}},{"type":"Feature","geometry":{"type":"Point","coordinates":[16.383752,48.215826]},"properties":{"lines":"5A","color":"#0059a9","mode":"bus","arr":["5A"],"angle":84.5,"extra":1}},{"type":"Feature","geometry":{"type":"Point","coordinates":[16.384009,48.217296]},"properties":{"lines":"5A","color":"#0059a9","mode":"bus","arr":["5A"],"angle":30.5}},{"type":"Feature","geometry":{"type":"Point","coordinates":[16.37482,48.222309]},"properties":{"lines":"5A, N31","color":"#0059a9","mode":"bus","arr":["5A","N31"],"angle":-49.3}},{"type":"Feature","geometry":{"type":"Point","coordinates":[16.372879,48.22468]},"properties":{"lines":"5A, 5B, N31","color":"#0059a9","mode":"bus","arr":["5A","5B","N31"],"angle":47.2}},{"type":"Feature","geometry":{"type":"Point","coordinates":[16.376595,48.222]},"properties":{"lines":"5A, 5B","color":"#0059a9","mode":"bus","arr":["5A","5B"],"angle":49.3}},{"type":"Feature","geometry":{"type":"Point","coordinates":[16.385773,48.215383]},"properties":{"lines":"5A, N25","color":"#0059a9","mode":"bus","arr":["5A","N25"],"angle":-40}},{"type":"Feature","geometry":{"type":"Point","coordinates":[16.369834,48.252537]},"properties":{"lines":"5B","color":"#0059a9","mode":"bus","arr":["5B"],"angle":-89}},{"type":"Feature","geometry":{"type":"Point","coordinates":[16.365563,48.240941]},"properties":{"lines":"5B","color":"#0059a9","mode":"bus","arr":["5B"],"angle":-64}},{"type":"Feature","geometry":{"type":"Point","coordinates":[16.365102,48.237511]},"properties":{"lines":"5B","color":"#0059a9","mode":"bus","arr":["5B"],"angle":82,"extra":1}},{"type":"Feature","geometry":{"type":"Point","coordinates":[16.368938,48.236136]},"properties":{"lines":"5B","color":"#0059a9","mode":"bus","arr":["5B"],"angle":-10.7}},{"type":"Feature","geometry":{"type":"Point","coordinates":[16.379316,48.220002]},"properties":{"lines":"5B","color":"#0059a9","mode":"bus","arr":["5B"],"angle":45.9}},{"type":"Feature","geometry":{"type":"Point","coordinates":[16.388811,48.220742]},"properties":{"lines":"5B","color":"#0059a9","mode":"bus","arr":["5B"],"angle":-8}},{"type":"Feature","geometry":{"type":"Point","coordinates":[16.385218,48.222817]},"properties":{"lines":"5B","color":"#0059a9","mode":"bus","arr":["5B"],"angle":14.7,"extra":1}},{"type":"Feature","geometry":{"type":"Point","coordinates":[16.370698,48.231293]},"properties":{"lines":"5B, N31","color":"#0059a9","mode":"bus","arr":["5B","N31"],"angle":80.1}},{"type":"Feature","geometry":{"type":"Point","coordinates":[16.393496,48.218373]},"properties":{"lines":"N25, N81","color":"#0059a9","mode":"bus","arr":["N25","N81"],"angle":84.7}},{"type":"Feature","geometry":{"type":"Point","coordinates":[16.39052,48.218453]},"properties":{"lines":"5B, 80A, N25, N81","color":"#0059a9","mode":"bus","arr":["5B","80A","N25","N81"],"angle":-66.6}},{"type":"Feature","geometry":{"type":"Point","coordinates":[16.390477,48.21776]},"properties":{"lines":"5B, 80A, N81","color":"#0059a9","mode":"bus","arr":["5B","80A","N81"],"angle":62.3}},{"type":"Feature","geometry":{"type":"Point","coordinates":[16.3173,48.15008]},"properties":{"lines":"60A, 64B, 67B, N64, N8","color":"#0059a9","mode":"bus","arr":["60A","64B","67B","N64","N8"],"angle":-9.5}},{"type":"Feature","geometry":{"type":"Point","coordinates":[16.311736,48.149753]},"properties":{"lines":"60A, 64A, 66A, N66","color":"#0059a9","mode":"bus","arr":["60A","64A","66A","N66"],"angle":-24.4}},{"type":"Feature","geometry":{"type":"Point","coordinates":[16.307156,48.148131]},"properties":{"lines":"60A, 64A, 66A, N66","color":"#0059a9","mode":"bus","arr":["60A","64A","66A","N66"],"angle":-12.7,"extra":1}},{"type":"Feature","geometry":{"type":"Point","coordinates":[16.301778,48.14732]},"properties":{"lines":"60A, 66A, N66","color":"#0059a9","mode":"bus","arr":["60A","66A","N66"],"angle":-12.4}},{"type":"Feature","geometry":{"type":"Point","coordinates":[16.297186,48.141184]},"properties":{"lines":"60A","color":"#0059a9","mode":"bus","arr":["60A"],"angle":-4.4}},{"type":"Feature","geometry":{"type":"Point","coordinates":[16.288301,48.147112]},"properties":{"lines":"60A","color":"#0059a9","mode":"bus","arr":["60A"],"angle":-66.5}},{"type":"Feature","geometry":{"type":"Point","coordinates":[16.276212,48.149462]},"properties":{"lines":"60A","color":"#0059a9","mode":"bus","arr":["60A"],"angle":24.2}},{"type":"Feature","geometry":{"type":"Point","coordinates":[16.260538,48.150334]},"properties":{"lines":"60A","color":"#0059a9","mode":"bus","arr":["60A"],"angle":-37.1}},{"type":"Feature","geometry":{"type":"Point","coordinates":[16.260634,48.144606]},"properties":{"lines":"60A","color":"#0059a9","mode":"bus","arr":["60A"],"angle":4.1}},{"type":"Feature","geometry":{"type":"Point","coordinates":[16.287477,48.145214]},"properties":{"lines":"60A","color":"#0059a9","mode":"bus","arr":["60A"],"angle":26}},{"type":"Feature","geometry":{"type":"Point","coordinates":[16.288361,48.142329]},"properties":{"lines":"60A","color":"#0059a9","mode":"bus","arr":["60A"],"angle":14.7,"extra":1}},{"type":"Feature","geometry":{"type":"Point","coordinates":[16.257825,48.144999]},"properties":{"lines":"60A","color":"#0059a9","mode":"bus","arr":["60A"],"angle":40.5}},{"type":"Feature","geometry":{"type":"Point","coordinates":[16.257898,48.148008]},"properties":{"lines":"60A","color":"#0059a9","mode":"bus","arr":["60A"],"angle":-5.6,"extra":1}},{"type":"Feature","geometry":{"type":"Point","coordinates":[16.260414,48.14081]},"properties":{"lines":"60A, N60","color":"#0059a9","mode":"bus","arr":["60A","N60"],"angle":-86.4}},{"type":"Feature","geometry":{"type":"Point","coordinates":[16.258661,48.138189]},"properties":{"lines":"60A, N60","color":"#0059a9","mode":"bus","arr":["60A","N60"],"angle":-12.1,"extra":1}},{"type":"Feature","geometry":{"type":"Point","coordinates":[16.257168,48.133992]},"properties":{"lines":"60A, N60, N61","color":"#0059a9","mode":"bus","arr":["60A","N60","N61"],"angle":-81.1}},{"type":"Feature","geometry":{"type":"Point","coordinates":[16.261156,48.133369]},"properties":{"lines":"60A, N60, N61","color":"#0059a9","mode":"bus","arr":["60A","N60","N61"],"angle":-15,"extra":1}},{"type":"Feature","geometry":{"type":"Point","coordinates":[16.261268,48.135093]},"properties":{"lines":"60A, N61","color":"#0059a9","mode":"bus","arr":["60A","N61"],"angle":87.4}},{"type":"Feature","geometry":{"type":"Point","coordinates":[16.278637,48.136382]},"properties":{"lines":"60A, N61","color":"#0059a9","mode":"bus","arr":["60A","N61"],"angle":26.6}},{"type":"Feature","geometry":{"type":"Point","coordinates":[16.277815,48.136128]},"properties":{"lines":"60A, N61","color":"#0059a9","mode":"bus","arr":["60A","N61"],"angle":27.7}},{"type":"Feature","geometry":{"type":"Point","coordinates":[16.266023,48.135889]},"properties":{"lines":"60A, N61","color":"#0059a9","mode":"bus","arr":["60A","N61"],"angle":-1.7}},{"type":"Feature","geometry":{"type":"Point","coordinates":[16.270487,48.135973]},"properties":{"lines":"60A, N61","color":"#0059a9","mode":"bus","arr":["60A","N61"],"angle":-1.8,"extra":1}},{"type":"Feature","geometry":{"type":"Point","coordinates":[16.273243,48.136988]},"properties":{"lines":"60A, N61","color":"#0059a9","mode":"bus","arr":["60A","N61"],"angle":64.1}},{"type":"Feature","geometry":{"type":"Point","coordinates":[16.281677,48.135414]},"properties":{"lines":"60A, 66A, N61, N66","color":"#0059a9","mode":"bus","arr":["60A","66A","N61","N66"],"angle":29.5}},{"type":"Feature","geometry":{"type":"Point","coordinates":[16.2834,48.135244]},"properties":{"lines":"60A, 61A, 61B, 62A, 66A, N61, N65, N66","color":"#0059a9","mode":"bus","arr":["60A","61A","61B","62A","66A","N61","N65","N66"],"angle":13.6}},{"type":"Feature","geometry":{"type":"Point","coordinates":[16.285806,48.136445]},"properties":{"lines":"61A, 62A, N65","color":"#0059a9","mode":"bus","arr":["61A","62A","N65"],"angle":-41.4}},{"type":"Feature","geometry":{"type":"Point","coordinates":[16.286862,48.136743]},"properties":{"lines":"61A","color":"#0059a9","mode":"bus","arr":["61A"],"angle":27.3}},{"type":"Feature","geometry":{"type":"Point","coordinates":[16.297928,48.133316]},"properties":{"lines":"61A","color":"#0059a9","mode":"bus","arr":["61A"],"angle":-79.2}},{"type":"Feature","geometry":{"type":"Point","coordinates":[16.300227,48.141181]},"properties":{"lines":"61A","color":"#0059a9","mode":"bus","arr":["61A"],"angle":1.8,"extra":1}},{"type":"Feature","geometry":{"type":"Point","coordinates":[16.298145,48.137786]},"properties":{"lines":"61A","color":"#0059a9","mode":"bus","arr":["61A"],"angle":-89.8,"extra":1}},{"type":"Feature","geometry":{"type":"Point","coordinates":[16.290208,48.134056]},"properties":{"lines":"61A","color":"#0059a9","mode":"bus","arr":["61A"],"angle":7.5,"extra":1}},{"type":"Feature","geometry":{"type":"Point","coordinates":[16.288114,48.137197]},"properties":{"lines":"61A","color":"#0059a9","mode":"bus","arr":["61A"],"angle":-47,"extra":1}},{"type":"Feature","geometry":{"type":"Point","coordinates":[16.30793,48.140951]},"properties":{"lines":"61A","color":"#0059a9","mode":"bus","arr":["61A"],"angle":0.1,"extra":1}},{"type":"Feature","geometry":{"type":"Point","coordinates":[16.3124,48.139004]},"properties":{"lines":"61A","color":"#0059a9","mode":"bus","arr":["61A"],"angle":-88,"extra":1}},{"type":"Feature","geometry":{"type":"Point","coordinates":[16.315971,48.13414]},"properties":{"lines":"61A","color":"#0059a9","mode":"bus","arr":["61A"],"angle":-70.9}},{"type":"Feature","geometry":{"type":"Point","coordinates":[16.319375,48.128647]},"properties":{"lines":"61A","color":"#0059a9","mode":"bus","arr":["61A"],"angle":-70.4}},{"type":"Feature","geometry":{"type":"Point","coordinates":[16.31806,48.128297]},"properties":{"lines":"61A","color":"#0059a9","mode":"bus","arr":["61A"],"angle":-71.4}},{"type":"Feature","geometry":{"type":"Point","coordinates":[16.317666,48.128879]},"properties":{"lines":"61A","color":"#0059a9","mode":"bus","arr":["61A"],"angle":-0.5}},{"type":"Feature","geometry":{"type":"Point","coordinates":[16.313825,48.136782]},"properties":{"lines":"61A, 64A, N64","color":"#0059a9","mode":"bus","arr":["61A","64A","N64"],"angle":-4.3}},{"type":"Feature","geometry":{"type":"Point","coordinates":[16.315734,48.137]},"properties":{"lines":"61A, N64","color":"#0059a9","mode":"bus","arr":["61A","N64"],"angle":-17}},{"type":"Feature","geometry":{"type":"Point","coordinates":[16.317129,48.126415]},"properties":{"lines":"61A, 61B","color":"#0059a9","mode":"bus","arr":["61A","61B"],"angle":-71.8}},{"type":"Feature","geometry":{"type":"Point","coordinates":[16.315659,48.137077]},"properties":{"lines":"61A, 64A","color":"#0059a9","mode":"bus","arr":["61A","64A"],"angle":-16.1}},{"type":"Feature","geometry":{"type":"Point","coordinates":[16.281481,48.13157]},"properties":{"lines":"61B","color":"#0059a9","mode":"bus","arr":["61B"],"angle":23.2}},{"type":"Feature","geometry":{"type":"Point","coordinates":[16.29441,48.129936]},"properties":{"lines":"61B","color":"#0059a9","mode":"bus","arr":["61B"],"angle":11.4}},{"type":"Feature","geometry":{"type":"Point","coordinates":[16.303623,48.128078]},"properties":{"lines":"61B","color":"#0059a9","mode":"bus","arr":["61B"],"angle":18.7,"extra":1}},{"type":"Feature","geometry":{"type":"Point","coordinates":[16.28932,48.130646]},"properties":{"lines":"61B","color":"#0059a9","mode":"bus","arr":["61B"],"angle":10.4,"extra":1}},{"type":"Feature","geometry":{"type":"Point","coordinates":[16.282305,48.131164]},"properties":{"lines":"61B","color":"#0059a9","mode":"bus","arr":["61B"],"angle":41.4,"extra":1}},{"type":"Feature","geometry":{"type":"Point","coordinates":[16.313112,48.126916]},"properties":{"lines":"61B","color":"#0059a9","mode":"bus","arr":["61B"],"angle":23.1,"extra":1}},{"type":"Feature","geometry":{"type":"Point","coordinates":[16.318261,48.127596]},"properties":{"lines":"61B","color":"#0059a9","mode":"bus","arr":["61B"],"angle":19.1}},{"type":"Feature","geometry":{"type":"Point","coordinates":[16.309113,48.127661]},"properties":{"lines":"61B, N64","color":"#0059a9","mode":"bus","arr":["61B","N64"],"angle":5.8}},{"type":"Feature","geometry":{"type":"Point","coordinates":[16.309983,48.12954]},"properties":{"lines":"61B, N64","color":"#0059a9","mode":"bus","arr":["61B","N64"],"angle":-0.6}},{"type":"Feature","geometry":{"type":"Point","coordinates":[16.315134,48.164442]},"properties":{"lines":"62A","color":"#0059a9","mode":"bus","arr":["62A"],"angle":-48.5}},{"type":"Feature","geometry":{"type":"Point","coordinates":[16.309282,48.16005]},"properties":{"lines":"62A, N65","color":"#0059a9","mode":"bus","arr":["62A","N65"],"angle":-48.5}},{"type":"Feature","geometry":{"type":"Point","coordinates":[16.305653,48.157378]},"properties":{"lines":"62A, N65","color":"#0059a9","mode":"bus","arr":["62A","N65"],"angle":-46.5,"extra":1}},{"type":"Feature","geometry":{"type":"Point","coordinates":[16.298097,48.14792]},"properties":{"lines":"62A, N65","color":"#0059a9","mode":"bus","arr":["62A","N65"],"angle":-42.5,"extra":1}},{"type":"Feature","geometry":{"type":"Point","coordinates":[16.292421,48.143031]},"properties":{"lines":"62A, N65","color":"#0059a9","mode":"bus","arr":["62A","N65"],"angle":-68.4,"extra":1}},{"type":"Feature","geometry":{"type":"Point","coordinates":[16.30152,48.153206]},"properties":{"lines":"62A, 64A, N65","color":"#0059a9","mode":"bus","arr":["62A","64A","N65"],"angle":-72.3}},{"type":"Feature","geometry":{"type":"Point","coordinates":[16.295383,48.145804]},"properties":{"lines":"62A, 66A, N65, N66","color":"#0059a9","mode":"bus","arr":["62A","66A","N65","N66"],"angle":-15.6}},{"type":"Feature","geometry":{"type":"Point","coordinates":[16.337558,48.171843]},"properties":{"lines":"63A, 7B","color":"#0059a9","mode":"bus","arr":["63A","7B"],"angle":-88.3}},{"type":"Feature","geometry":{"type":"Point","coordinates":[16.343659,48.173956]},"properties":{"lines":"63A","color":"#0059a9","mode":"bus","arr":["63A"],"angle":4.9}},{"type":"Feature","geometry":{"type":"Point","coordinates":[16.340146,48.179221]},"properties":{"lines":"63A","color":"#0059a9","mode":"bus","arr":["63A"],"angle":71.1,"extra":1}},{"type":"Feature","geometry":{"type":"Point","coordinates":[16.334811,48.181111]},"properties":{"lines":"63A","color":"#0059a9","mode":"bus","arr":["63A"],"angle":6.5}},{"type":"Feature","geometry":{"type":"Point","coordinates":[16.324068,48.178841]},"properties":{"lines":"63A","color":"#0059a9","mode":"bus","arr":["63A"],"angle":-82.4}},{"type":"Feature","geometry":{"type":"Point","coordinates":[16.323407,48.175514]},"properties":{"lines":"63A","color":"#0059a9","mode":"bus","arr":["63A"],"angle":-81.8,"extra":1}},{"type":"Feature","geometry":{"type":"Point","coordinates":[16.303525,48.16452]},"properties":{"lines":"63A","color":"#0059a9","mode":"bus","arr":["63A"],"angle":76}},{"type":"Feature","geometry":{"type":"Point","coordinates":[16.297907,48.158839]},"properties":{"lines":"63A","color":"#0059a9","mode":"bus","arr":["63A"],"angle":22}},{"type":"Feature","geometry":{"type":"Point","coordinates":[16.294055,48.162021]},"properties":{"lines":"63A","color":"#0059a9","mode":"bus","arr":["63A"],"angle":8.1}},{"type":"Feature","geometry":{"type":"Point","coordinates":[16.323508,48.183483]},"properties":{"lines":"63A","color":"#0059a9","mode":"bus","arr":["63A"],"angle":-77.9}},{"type":"Feature","geometry":{"type":"Point","coordinates":[16.339483,48.180487]},"properties":{"lines":"63A, N8","color":"#0059a9","mode":"bus","arr":["63A","N8"],"angle":65.8}},{"type":"Feature","geometry":{"type":"Point","coordinates":[16.317658,48.175965]},"properties":{"lines":"63A, 8A","color":"#0059a9","mode":"bus","arr":["63A","8A"],"angle":-68.6}},{"type":"Feature","geometry":{"type":"Point","coordinates":[16.313879,48.174883]},"properties":{"lines":"63A, 8A","color":"#0059a9","mode":"bus","arr":["63A","8A"],"angle":-12.2}},{"type":"Feature","geometry":{"type":"Point","coordinates":[16.310509,48.172487]},"properties":{"lines":"63A, 8A","color":"#0059a9","mode":"bus","arr":["63A","8A"],"angle":-51,"extra":1}},{"type":"Feature","geometry":{"type":"Point","coordinates":[16.309326,48.16777]},"properties":{"lines":"63A, N62","color":"#0059a9","mode":"bus","arr":["63A","N62"],"angle":-67.6}},{"type":"Feature","geometry":{"type":"Point","coordinates":[16.34558,48.171832]},"properties":{"lines":"63A, 7A","color":"#0059a9","mode":"bus","arr":["63A","7A"],"angle":86.7}},{"type":"Feature","geometry":{"type":"Point","coordinates":[16.298139,48.153482]},"properties":{"lines":"64A","color":"#0059a9","mode":"bus","arr":["64A"],"angle":-60}},{"type":"Feature","geometry":{"type":"Point","coordinates":[16.30608,48.15266]},"properties":{"lines":"64A","color":"#0059a9","mode":"bus","arr":["64A"],"angle":86.1}},{"type":"Feature","geometry":{"type":"Point","coordinates":[16.306423,48.149868]},"properties":{"lines":"64A","color":"#0059a9","mode":"bus","arr":["64A"],"angle":85.9,"extra":1}},{"type":"Feature","geometry":{"type":"Point","coordinates":[16.312417,48.13592]},"properties":{"lines":"64A","color":"#0059a9","mode":"bus","arr":["64A"],"angle":-49.1}},{"type":"Feature","geometry":{"type":"Point","coordinates":[16.297127,48.148909]},"properties":{"lines":"64A","color":"#0059a9","mode":"bus","arr":["64A"],"angle":9.5}},{"type":"Feature","geometry":{"type":"Point","coordinates":[16.318845,48.151584]},"properties":{"lines":"64A, 64B, 66A, 67B, N64, N66, N8","color":"#0059a9","mode":"bus","arr":["64A","64B","66A","67B","N64","N66","N8"],"angle":-23.2}},{"type":"Feature","geometry":{"type":"Point","coordinates":[16.323309,48.142451]},"properties":{"lines":"64A, N64","color":"#0059a9","mode":"bus","arr":["64A","N64"],"angle":76.8}},{"type":"Feature","geometry":{"type":"Point","coordinates":[16.321281,48.149593]},"properties":{"lines":"64A, N64","color":"#0059a9","mode":"bus","arr":["64A","N64"],"angle":79,"extra":1}},{"type":"Feature","geometry":{"type":"Point","coordinates":[16.320397,48.137865]},"properties":{"lines":"64A, N64","color":"#0059a9","mode":"bus","arr":["64A","N64"],"angle":-6.6,"extra":1}},{"type":"Feature","geometry":{"type":"Point","coordinates":[16.312224,48.136225]},"properties":{"lines":"64A, N64","color":"#0059a9","mode":"bus","arr":["64A","N64"],"angle":-60.8}},{"type":"Feature","geometry":{"type":"Point","coordinates":[16.309174,48.148629]},"properties":{"lines":"64A, 66A, N66","color":"#0059a9","mode":"bus","arr":["64A","66A","N66"],"angle":-36.7}},{"type":"Feature","geometry":{"type":"Point","coordinates":[16.319088,48.156774]},"properties":{"lines":"64B, N8","color":"#0059a9","mode":"bus","arr":["64B","N8"],"angle":76.9}},{"type":"Feature","geometry":{"type":"Point","coordinates":[16.317511,48.162661]},"properties":{"lines":"64B, N65, N8","color":"#0059a9","mode":"bus","arr":["64B","N65","N8"],"angle":78.2}},{"type":"Feature","geometry":{"type":"Point","coordinates":[16.379224,48.171782]},"properties":{"lines":"65A, 66A, 7A, N65, N66","color":"#0059a9","mode":"bus","arr":["65A","66A","7A","N65","N66"],"angle":74.5}},{"type":"Feature","geometry":{"type":"Point","coordinates":[16.376524,48.173175]},"properties":{"lines":"65A, 66A, 7A, N65, N66, N68","color":"#0059a9","mode":"bus","arr":["65A","66A","7A","N65","N66","N68"],"angle":4.2}},{"type":"Feature","geometry":{"type":"Point","coordinates":[16.377745,48.173101]},"properties":{"lines":"65A, 7A, N65, N68","color":"#0059a9","mode":"bus","arr":["65A","7A","N65","N68"],"angle":-0.4}},{"type":"Feature","geometry":{"type":"Point","coordinates":[16.375547,48.172013]},"properties":{"lines":"65A, 66A, N65","color":"#0059a9","mode":"bus","arr":["65A","66A","N65"],"angle":-75.2}},{"type":"Feature","geometry":{"type":"Point","coordinates":[16.3745,48.169706]},"properties":{"lines":"65A, 66A","color":"#0059a9","mode":"bus","arr":["65A","66A"],"angle":-71.2}},{"type":"Feature","geometry":{"type":"Point","coordinates":[16.376467,48.168595]},"properties":{"lines":"65A, 66A, N66","color":"#0059a9","mode":"bus","arr":["65A","66A","N66"],"angle":-6.8}},{"type":"Feature","geometry":{"type":"Point","coordinates":[16.357105,48.171275]},"properties":{"lines":"65A","color":"#0059a9","mode":"bus","arr":["65A"],"angle":-42.8}},{"type":"Feature","geometry":{"type":"Point","coordinates":[16.349765,48.169181]},"properties":{"lines":"65A","color":"#0059a9","mode":"bus","arr":["65A"],"angle":-68.3}},{"type":"Feature","geometry":{"type":"Point","coordinates":[16.347637,48.168593]},"properties":{"lines":"65A","color":"#0059a9","mode":"bus","arr":["65A"],"angle":-72.2}},{"type":"Feature","geometry":{"type":"Point","coordinates":[16.346872,48.16735]},"properties":{"lines":"65A, 7B","color":"#0059a9","mode":"bus","arr":["65A","7B"],"angle":-66.9}},{"type":"Feature","geometry":{"type":"Point","coordinates":[16.366664,48.159621]},"properties":{"lines":"66A, N66","color":"#0059a9","mode":"bus","arr":["66A","N66"],"angle":-85.7}},{"type":"Feature","geometry":{"type":"Point","coordinates":[16.367141,48.162597]},"properties":{"lines":"66A, N66","color":"#0059a9","mode":"bus","arr":["66A","N66"],"angle":-78.3,"extra":1}},{"type":"Feature","geometry":{"type":"Point","coordinates":[16.357445,48.146977]},"properties":{"lines":"66A, N66","color":"#0059a9","mode":"bus","arr":["66A","N66"],"angle":36.4}},{"type":"Feature","geometry":{"type":"Point","coordinates":[16.311839,48.149891]},"properties":{"lines":"66A, N66","color":"#0059a9","mode":"bus","arr":["66A","N66"],"angle":-23.9}},{"type":"Feature","geometry":{"type":"Point","coordinates":[16.295601,48.146618]},"properties":{"lines":"66A, N66","color":"#0059a9","mode":"bus","arr":["66A","N66"],"angle":52.8}},{"type":"Feature","geometry":{"type":"Point","coordinates":[16.283028,48.136554]},"properties":{"lines":"66A, N66","color":"#0059a9","mode":"bus","arr":["66A","N66"],"angle":-68.2}},{"type":"Feature","geometry":{"type":"Point","coordinates":[16.281249,48.145627]},"properties":{"lines":"66A, N66","color":"#0059a9","mode":"bus","arr":["66A","N66"],"angle":-37.9,"extra":1}},{"type":"Feature","geometry":{"type":"Point","coordinates":[16.28041,48.140783]},"properties":{"lines":"66A, N66","color":"#0059a9","mode":"bus","arr":["66A","N66"],"angle":-88.6,"extra":1}},{"type":"Feature","geometry":{"type":"Point","coordinates":[16.281078,48.136051]},"properties":{"lines":"66A, N66","color":"#0059a9","mode":"bus","arr":["66A","N66"],"angle":28.9}},{"type":"Feature","geometry":{"type":"Point","coordinates":[16.282459,48.135553]},"properties":{"lines":"66A, N66","color":"#0059a9","mode":"bus","arr":["66A","N66"],"angle":73.6}},{"type":"Feature","geometry":{"type":"Point","coordinates":[16.29304,48.146249]},"properties":{"lines":"66A, N66","color":"#0059a9","mode":"bus","arr":["66A","N66"],"angle":-74.2}},{"type":"Feature","geometry":{"type":"Point","coordinates":[16.377956,48.173194]},"properties":{"lines":"66A, N66","color":"#0059a9","mode":"bus","arr":["66A","N66"],"angle":5.9}},{"type":"Feature","geometry":{"type":"Point","coordinates":[16.345333,48.148357]},"properties":{"lines":"66A, 67A, N66","color":"#0059a9","mode":"bus","arr":["66A","67A","N66"],"angle":1.1}},{"type":"Feature","geometry":{"type":"Point","coordinates":[16.339358,48.148947]},"properties":{"lines":"66A, 67B, N66","color":"#0059a9","mode":"bus","arr":["66A","67B","N66"],"angle":22.3}},{"type":"Feature","geometry":{"type":"Point","coordinates":[16.334092,48.151183]},"properties":{"lines":"66A, 67B, N66","color":"#0059a9","mode":"bus","arr":["66A","67B","N66"],"angle":-81.6}},{"type":"Feature","geometry":{"type":"Point","coordinates":[16.328428,48.152424]},"properties":{"lines":"66A, 67B, N66","color":"#0059a9","mode":"bus","arr":["66A","67B","N66"],"angle":-63}},{"type":"Feature","geometry":{"type":"Point","coordinates":[16.324164,48.152198]},"properties":{"lines":"66A, 67B, N66","color":"#0059a9","mode":"bus","arr":["66A","67B","N66"],"angle":-3.8,"extra":1}},{"type":"Feature","geometry":{"type":"Point","coordinates":[16.333385,48.150237]},"properties":{"lines":"66A, 67B, N66","color":"#0059a9","mode":"bus","arr":["66A","67B","N66"],"angle":15.5}},{"type":"Feature","geometry":{"type":"Point","coordinates":[16.37181,48.14547]},"properties":{"lines":"67A, 67B, N67","color":"#0059a9","mode":"bus","arr":["67A","67B","N67"],"angle":22.1}},{"type":"Feature","geometry":{"type":"Point","coordinates":[16.379053,48.144014]},"properties":{"lines":"67A, 67B, N67","color":"#0059a9","mode":"bus","arr":["67A","67B","N67"],"angle":15.9,"extra":1}},{"type":"Feature","geometry":{"type":"Point","coordinates":[16.364947,48.147045]},"properties":{"lines":"67A, 67B, N67","color":"#0059a9","mode":"bus","arr":["67A","67B","N67"],"angle":20.7,"extra":1}},{"type":"Feature","geometry":{"type":"Point","coordinates":[16.361463,48.144912]},"properties":{"lines":"67A, 67B, N67","color":"#0059a9","mode":"bus","arr":["67A","67B","N67"],"angle":-82}},{"type":"Feature","geometry":{"type":"Point","coordinates":[16.338154,48.142014]},"properties":{"lines":"67A","color":"#0059a9","mode":"bus","arr":["67A"],"angle":16.6}},{"type":"Feature","geometry":{"type":"Point","coordinates":[16.341468,48.145258]},"properties":{"lines":"67A, 67B","color":"#0059a9","mode":"bus","arr":["67A","67B"],"angle":-73.1}},{"type":"Feature","geometry":{"type":"Point","coordinates":[16.342887,48.141946]},"properties":{"lines":"67A, 67B","color":"#0059a9","mode":"bus","arr":["67A","67B"],"angle":-73.6}},{"type":"Feature","geometry":{"type":"Point","coordinates":[16.384608,48.151327]},"properties":{"lines":"67A, 67B","color":"#0059a9","mode":"bus","arr":["67A","67B"],"angle":-67.5}},{"type":"Feature","geometry":{"type":"Point","coordinates":[16.365003,48.138078]},"properties":{"lines":"67B, N67","color":"#0059a9","mode":"bus","arr":["67B","N67"],"angle":-76.2}},{"type":"Feature","geometry":{"type":"Point","coordinates":[16.360031,48.142093]},"properties":{"lines":"67B, N67","color":"#0059a9","mode":"bus","arr":["67B","N67"],"angle":-70.5,"extra":1}},{"type":"Feature","geometry":{"type":"Point","coordinates":[16.359601,48.133536]},"properties":{"lines":"67B, N67","color":"#0059a9","mode":"bus","arr":["67B","N67"],"angle":17.6,"extra":1}},{"type":"Feature","geometry":{"type":"Point","coordinates":[16.356068,48.13397]},"properties":{"lines":"67B","color":"#0059a9","mode":"bus","arr":["67B"],"angle":-75.2}},{"type":"Feature","geometry":{"type":"Point","coordinates":[16.339218,48.137604]},"properties":{"lines":"67B","color":"#0059a9","mode":"bus","arr":["67B"],"angle":17.3}},{"type":"Feature","geometry":{"type":"Point","coordinates":[16.347869,48.133716]},"properties":{"lines":"67B","color":"#0059a9","mode":"bus","arr":["67B"],"angle":30.2}},{"type":"Feature","geometry":{"type":"Point","coordinates":[16.344139,48.135141]},"properties":{"lines":"67B","color":"#0059a9","mode":"bus","arr":["67B"],"angle":22.1,"extra":1}},{"type":"Feature","geometry":{"type":"Point","coordinates":[16.381143,48.17403]},"properties":{"lines":"68A, 68B","color":"#0059a9","mode":"bus","arr":["68A","68B"],"angle":-79.9}},{"type":"Feature","geometry":{"type":"Point","coordinates":[16.378671,48.174744]},"properties":{"lines":"68A, 68B","color":"#0059a9","mode":"bus","arr":["68A","68B"],"angle":70.8}},{"type":"Feature","geometry":{"type":"Point","coordinates":[16.388419,48.166368]},"properties":{"lines":"68A, 68B, N68","color":"#0059a9","mode":"bus","arr":["68A","68B","N68"],"angle":45.5}},{"type":"Feature","geometry":{"type":"Point","coordinates":[16.381408,48.17263]},"properties":{"lines":"68A, 68B, N68","color":"#0059a9","mode":"bus","arr":["68A","68B","N68"],"angle":43,"extra":1}},{"type":"Feature","geometry":{"type":"Point","coordinates":[16.385508,48.168533]},"properties":{"lines":"68A, 68B, N68","color":"#0059a9","mode":"bus","arr":["68A","68B","N68"],"angle":51.9,"extra":1}},{"type":"Feature","geometry":{"type":"Point","coordinates":[16.392358,48.160457]},"properties":{"lines":"68A, 68B, N68","color":"#0059a9","mode":"bus","arr":["68A","68B","N68"],"angle":-87.4,"extra":1}},{"type":"Feature","geometry":{"type":"Point","coordinates":[16.396288,48.154536]},"properties":{"lines":"68A, 68B, N68","color":"#0059a9","mode":"bus","arr":["68A","68B","N68"],"angle":73.9}},{"type":"Feature","geometry":{"type":"Point","coordinates":[16.399516,48.152284]},"properties":{"lines":"68A","color":"#0059a9","mode":"bus","arr":["68A"],"angle":3.4}},{"type":"Feature","geometry":{"type":"Point","coordinates":[16.396619,48.149088]},"properties":{"lines":"68B, N68","color":"#0059a9","mode":"bus","arr":["68B","N68"],"angle":72.3}},{"type":"Feature","geometry":{"type":"Point","coordinates":[16.378051,48.185014]},"properties":{"lines":"69A","color":"#0059a9","mode":"bus","arr":["69A"],"angle":-77.8}},{"type":"Feature","geometry":{"type":"Point","coordinates":[16.413298,48.166725]},"properties":{"lines":"69A","color":"#0059a9","mode":"bus","arr":["69A"],"angle":50.7}},{"type":"Feature","geometry":{"type":"Point","coordinates":[16.407781,48.172358]},"properties":{"lines":"69A","color":"#0059a9","mode":"bus","arr":["69A"],"angle":62.7,"extra":1}},{"type":"Feature","geometry":{"type":"Point","coordinates":[16.416839,48.164024]},"properties":{"lines":"69A","color":"#0059a9","mode":"bus","arr":["69A"],"angle":49.5,"extra":1}},{"type":"Feature","geometry":{"type":"Point","coordinates":[16.417092,48.163821]},"properties":{"lines":"69A","color":"#0059a9","mode":"bus","arr":["69A"],"angle":-67.7}},{"type":"Feature","geometry":{"type":"Point","coordinates":[16.422289,48.16132]},"properties":{"lines":"69A","color":"#0059a9","mode":"bus","arr":["69A"],"angle":73.8}},{"type":"Feature","geometry":{"type":"Point","coordinates":[16.424418,48.15802]},"properties":{"lines":"69A","color":"#0059a9","mode":"bus","arr":["69A"],"angle":39.6,"extra":1}},{"type":"Feature","geometry":{"type":"Point","coordinates":[16.426681,48.16013]},"properties":{"lines":"69A","color":"#0059a9","mode":"bus","arr":["69A"],"angle":-65.9}},{"type":"Feature","geometry":{"type":"Point","coordinates":[16.431729,48.167846]},"properties":{"lines":"69A","color":"#0059a9","mode":"bus","arr":["69A"],"angle":-85}},{"type":"Feature","geometry":{"type":"Point","coordinates":[16.429627,48.171248]},"properties":{"lines":"69A","color":"#0059a9","mode":"bus","arr":["69A"],"angle":40.4}},{"type":"Feature","geometry":{"type":"Point","coordinates":[16.425697,48.170952]},"properties":{"lines":"69A","color":"#0059a9","mode":"bus","arr":["69A"],"angle":-58.3}},{"type":"Feature","geometry":{"type":"Point","coordinates":[16.382573,48.182955]},"properties":{"lines":"69A","color":"#0059a9","mode":"bus","arr":["69A"],"angle":-34}},{"type":"Feature","geometry":{"type":"Point","coordinates":[16.376077,48.183937]},"properties":{"lines":"69A","color":"#0059a9","mode":"bus","arr":["69A"],"angle":54.7,"extra":1}},{"type":"Feature","geometry":{"type":"Point","coordinates":[16.386591,48.182105]},"properties":{"lines":"69A","color":"#0059a9","mode":"bus","arr":["69A"],"angle":50.2,"extra":1}},{"type":"Feature","geometry":{"type":"Point","coordinates":[16.397319,48.17654]},"properties":{"lines":"69A","color":"#0059a9","mode":"bus","arr":["69A"],"angle":-82.1}},{"type":"Feature","geometry":{"type":"Point","coordinates":[16.393731,48.178943]},"properties":{"lines":"69A","color":"#0059a9","mode":"bus","arr":["69A"],"angle":50.4,"extra":1}},{"type":"Feature","geometry":{"type":"Point","coordinates":[16.430118,48.163844]},"properties":{"lines":"69A, N71","color":"#0059a9","mode":"bus","arr":["69A","N71"],"angle":-63.9}},{"type":"Feature","geometry":{"type":"Point","coordinates":[16.422455,48.169292]},"properties":{"lines":"69A, 73A","color":"#0059a9","mode":"bus","arr":["69A","73A"],"angle":-1.6}},{"type":"Feature","geometry":{"type":"Point","coordinates":[16.420483,48.169738]},"properties":{"lines":"69A, 73A","color":"#0059a9","mode":"bus","arr":["69A","73A"],"angle":-42}},{"type":"Feature","geometry":{"type":"Point","coordinates":[16.419958,48.169649]},"properties":{"lines":"69A, 71E, 73A","color":"#0059a9","mode":"bus","arr":["69A","71E","73A"],"angle":-34.6}},{"type":"Feature","geometry":{"type":"Point","coordinates":[16.399778,48.138422]},"properties":{"lines":"70A","color":"#0059a9","mode":"bus","arr":["70A"],"angle":-82.3}},{"type":"Feature","geometry":{"type":"Point","coordinates":[16.421597,48.131692]},"properties":{"lines":"70A","color":"#0059a9","mode":"bus","arr":["70A"],"angle":10.9}},{"type":"Feature","geometry":{"type":"Point","coordinates":[16.42691,48.131121]},"properties":{"lines":"70A","color":"#0059a9","mode":"bus","arr":["70A"],"angle":10.8,"extra":1}},{"type":"Feature","geometry":{"type":"Point","coordinates":[16.433773,48.132214]},"properties":{"lines":"70A","color":"#0059a9","mode":"bus","arr":["70A"],"angle":-16.1}},{"type":"Feature","geometry":{"type":"Point","coordinates":[16.413918,48.135037]},"properties":{"lines":"70A, N17","color":"#0059a9","mode":"bus","arr":["70A","N17"],"angle":41.5}},{"type":"Feature","geometry":{"type":"Point","coordinates":[16.467436,48.146106]},"properties":{"lines":"71A","color":"#0059a9","mode":"bus","arr":["71A"],"angle":30.8}},{"type":"Feature","geometry":{"type":"Point","coordinates":[16.471569,48.143962]},"properties":{"lines":"71A","color":"#0059a9","mode":"bus","arr":["71A"],"angle":43.9,"extra":1}},{"type":"Feature","geometry":{"type":"Point","coordinates":[16.482006,48.140576]},"properties":{"lines":"71A","color":"#0059a9","mode":"bus","arr":["71A"],"angle":-54.2}},{"type":"Feature","geometry":{"type":"Point","coordinates":[16.482574,48.142152]},"properties":{"lines":"71A","color":"#0059a9","mode":"bus","arr":["71A"],"angle":-74.5}},{"type":"Feature","geometry":{"type":"Point","coordinates":[16.47806,48.140852]},"properties":{"lines":"71A","color":"#0059a9","mode":"bus","arr":["71A"],"angle":7.6}},{"type":"Feature","geometry":{"type":"Point","coordinates":[16.474153,48.142248]},"properties":{"lines":"71A","color":"#0059a9","mode":"bus","arr":["71A"],"angle":51,"extra":1}},{"type":"Feature","geometry":{"type":"Point","coordinates":[16.472748,48.143217]},"properties":{"lines":"71A","color":"#0059a9","mode":"bus","arr":["71A"],"angle":-36.1}},{"type":"Feature","geometry":{"type":"Point","coordinates":[16.449417,48.152172]},"properties":{"lines":"71A, 71B, 73B","color":"#0059a9","mode":"bus","arr":["71A","71B","73B"],"angle":-62}},{"type":"Feature","geometry":{"type":"Point","coordinates":[16.461978,48.148282]},"properties":{"lines":"71A, 71B, 73B","color":"#0059a9","mode":"bus","arr":["71A","71B","73B"],"angle":31.7}},{"type":"Feature","geometry":{"type":"Point","coordinates":[16.455569,48.150738]},"properties":{"lines":"71A, 71B, 71E, N71","color":"#0059a9","mode":"bus","arr":["71A","71B","71E","N71"],"angle":30.2}},{"type":"Feature","geometry":{"type":"Point","coordinates":[16.459362,48.149264]},"properties":{"lines":"71A, 71B, 71E, N71","color":"#0059a9","mode":"bus","arr":["71A","71B","71E","N71"],"angle":29.7,"extra":1}},{"type":"Feature","geometry":{"type":"Point","coordinates":[16.452937,48.140791]},"properties":{"lines":"71B","color":"#0059a9","mode":"bus","arr":["71B"],"angle":-10.9}},{"type":"Feature","geometry":{"type":"Point","coordinates":[16.461093,48.145627]},"properties":{"lines":"71B","color":"#0059a9","mode":"bus","arr":["71B"],"angle":-55.1,"extra":1}},{"type":"Feature","geometry":{"type":"Point","coordinates":[16.458348,48.142022]},"properties":{"lines":"71B","color":"#0059a9","mode":"bus","arr":["71B"],"angle":-30.1,"extra":1}},{"type":"Feature","geometry":{"type":"Point","coordinates":[16.444606,48.140255]},"properties":{"lines":"71B","color":"#0059a9","mode":"bus","arr":["71B"],"angle":5.9,"extra":1}},{"type":"Feature","geometry":{"type":"Point","coordinates":[16.437484,48.14039]},"properties":{"lines":"71B","color":"#0059a9","mode":"bus","arr":["71B"],"angle":85.6,"extra":1}},{"type":"Feature","geometry":{"type":"Point","coordinates":[16.4309,48.146854]},"properties":{"lines":"71B","color":"#0059a9","mode":"bus","arr":["71B"],"angle":67.3}},{"type":"Feature","geometry":{"type":"Point","coordinates":[16.43427,48.142426]},"properties":{"lines":"71B","color":"#0059a9","mode":"bus","arr":["71B"],"angle":45.6,"extra":1}},{"type":"Feature","geometry":{"type":"Point","coordinates":[16.428056,48.151366]},"properties":{"lines":"71B","color":"#0059a9","mode":"bus","arr":["71B"],"angle":67.8,"extra":1}},{"type":"Feature","geometry":{"type":"Point","coordinates":[16.464855,48.146969]},"properties":{"lines":"71B, 73B","color":"#0059a9","mode":"bus","arr":["71B","73B"],"angle":24}},{"type":"Feature","geometry":{"type":"Point","coordinates":[16.468699,48.156964]},"properties":{"lines":"71E, N71","color":"#0059a9","mode":"bus","arr":["71E","N71"],"angle":-60}},{"type":"Feature","geometry":{"type":"Point","coordinates":[16.451414,48.155739]},"properties":{"lines":"71E, 73B, N71","color":"#0059a9","mode":"bus","arr":["71E","73B","N71"],"angle":-68.5}},{"type":"Feature","geometry":{"type":"Point","coordinates":[16.464184,48.160026]},"properties":{"lines":"71E, 73B, N71","color":"#0059a9","mode":"bus","arr":["71E","73B","N71"],"angle":3}},{"type":"Feature","geometry":{"type":"Point","coordinates":[16.468628,48.160091]},"properties":{"lines":"71E, 73B, N71","color":"#0059a9","mode":"bus","arr":["71E","73B","N71"],"angle":-1.5,"extra":1}},{"type":"Feature","geometry":{"type":"Point","coordinates":[16.463742,48.151293]},"properties":{"lines":"71E, 73B, N71","color":"#0059a9","mode":"bus","arr":["71E","73B","N71"],"angle":-59.3}},{"type":"Feature","geometry":{"type":"Point","coordinates":[16.456394,48.158985]},"properties":{"lines":"71E, 73A, 73B","color":"#0059a9","mode":"bus","arr":["71E","73A","73B"],"angle":-22.9}},{"type":"Feature","geometry":{"type":"Point","coordinates":[16.419096,48.165141]},"properties":{"lines":"72A","color":"#0059a9","mode":"bus","arr":["72A"],"angle":-73.8}},{"type":"Feature","geometry":{"type":"Point","coordinates":[16.418071,48.162424]},"properties":{"lines":"72A","color":"#0059a9","mode":"bus","arr":["72A"],"angle":-82}},{"type":"Feature","geometry":{"type":"Point","coordinates":[16.427274,48.167223]},"properties":{"lines":"73A","color":"#0059a9","mode":"bus","arr":["73A"],"angle":41}},{"type":"Feature","geometry":{"type":"Point","coordinates":[16.448277,48.160988]},"properties":{"lines":"73A, N71","color":"#0059a9","mode":"bus","arr":["73A","N71"],"angle":5}},{"type":"Feature","geometry":{"type":"Point","coordinates":[16.434758,48.164723]},"properties":{"lines":"73A, N71","color":"#0059a9","mode":"bus","arr":["73A","N71"],"angle":20.1,"extra":1}},{"type":"Feature","geometry":{"type":"Point","coordinates":[16.441745,48.163046]},"properties":{"lines":"73A, N71","color":"#0059a9","mode":"bus","arr":["73A","N71"],"angle":18.7,"extra":1}},{"type":"Feature","geometry":{"type":"Point","coordinates":[16.453811,48.160487]},"properties":{"lines":"73A, N71","color":"#0059a9","mode":"bus","arr":["73A","N71"],"angle":7.7,"extra":1}},{"type":"Feature","geometry":{"type":"Point","coordinates":[16.472032,48.154989]},"properties":{"lines":"73B","color":"#0059a9","mode":"bus","arr":["73B"],"angle":-61.8}},{"type":"Feature","geometry":{"type":"Point","coordinates":[16.468825,48.153046]},"properties":{"lines":"73B","color":"#0059a9","mode":"bus","arr":["73B"],"angle":34.6}},{"type":"Feature","geometry":{"type":"Point","coordinates":[16.468886,48.156873]},"properties":{"lines":"73B","color":"#0059a9","mode":"bus","arr":["73B"],"angle":-59.9}},{"type":"Feature","geometry":{"type":"Point","coordinates":[16.472053,48.15907]},"properties":{"lines":"73B, 76B, 79A, 79B","color":"#0059a9","mode":"bus","arr":["73B","76B","79A","79B"],"angle":36.5}},{"type":"Feature","geometry":{"type":"Point","coordinates":[16.473981,48.158258]},"properties":{"lines":"73B, 76B","color":"#0059a9","mode":"bus","arr":["73B","76B"],"angle":84.5}},{"type":"Feature","geometry":{"type":"Point","coordinates":[16.398067,48.193552]},"properties":{"lines":"74A","color":"#0059a9","mode":"bus","arr":["74A"],"angle":59.2}},{"type":"Feature","geometry":{"type":"Point","coordinates":[16.395492,48.197333]},"properties":{"lines":"74A","color":"#0059a9","mode":"bus","arr":["74A"],"angle":65.5,"extra":1}},{"type":"Feature","geometry":{"type":"Point","coordinates":[16.399665,48.188709]},"properties":{"lines":"74A","color":"#0059a9","mode":"bus","arr":["74A"],"angle":-72.4,"extra":1}},{"type":"Feature","geometry":{"type":"Point","coordinates":[16.401118,48.184799]},"properties":{"lines":"74A","color":"#0059a9","mode":"bus","arr":["74A"],"angle":8.1}},{"type":"Feature","geometry":{"type":"Point","coordinates":[16.400253,48.18726]},"properties":{"lines":"74A","color":"#0059a9","mode":"bus","arr":["74A"],"angle":66.7}},{"type":"Feature","geometry":{"type":"Point","coordinates":[16.382148,48.206768]},"properties":{"lines":"74A, N75","color":"#0059a9","mode":"bus","arr":["74A","N75"],"angle":22.9}},{"type":"Feature","geometry":{"type":"Point","coordinates":[16.388282,48.204524]},"properties":{"lines":"74A, N75","color":"#0059a9","mode":"bus","arr":["74A","N75"],"angle":47.2}},{"type":"Feature","geometry":{"type":"Point","coordinates":[16.420963,48.176864]},"properties":{"lines":"76A, 76B","color":"#0059a9","mode":"bus","arr":["76A","76B"],"angle":-69.2}},{"type":"Feature","geometry":{"type":"Point","coordinates":[16.416317,48.17855]},"properties":{"lines":"76A, 76B","color":"#0059a9","mode":"bus","arr":["76A","76B"],"angle":-20.7,"extra":1}},{"type":"Feature","geometry":{"type":"Point","coordinates":[16.452899,48.177374]},"properties":{"lines":"76A, 76B","color":"#0059a9","mode":"bus","arr":["76A","76B"],"angle":13.3}},{"type":"Feature","geometry":{"type":"Point","coordinates":[16.45968,48.176063]},"properties":{"lines":"76A, 76B","color":"#0059a9","mode":"bus","arr":["76A","76B"],"angle":15.9,"extra":1}},{"type":"Feature","geometry":{"type":"Point","coordinates":[16.445333,48.178609]},"properties":{"lines":"76A, 76B","color":"#0059a9","mode":"bus","arr":["76A","76B"],"angle":14.1,"extra":1}},{"type":"Feature","geometry":{"type":"Point","coordinates":[16.434754,48.177165]},"properties":{"lines":"76A, 76B","color":"#0059a9","mode":"bus","arr":["76A","76B"],"angle":23.3}},{"type":"Feature","geometry":{"type":"Point","coordinates":[16.440342,48.177024]},"properties":{"lines":"76A, 76B","color":"#0059a9","mode":"bus","arr":["76A","76B"],"angle":-67,"extra":1}},{"type":"Feature","geometry":{"type":"Point","coordinates":[16.427719,48.179228]},"properties":{"lines":"76A, 76B","color":"#0059a9","mode":"bus","arr":["76A","76B"],"angle":20.6,"extra":1}},{"type":"Feature","geometry":{"type":"Point","coordinates":[16.480062,48.164738]},"properties":{"lines":"76A","color":"#0059a9","mode":"bus","arr":["76A"],"angle":-81.1}},{"type":"Feature","geometry":{"type":"Point","coordinates":[16.483679,48.162116]},"properties":{"lines":"76A","color":"#0059a9","mode":"bus","arr":["76A"],"angle":10.4,"extra":1}},{"type":"Feature","geometry":{"type":"Point","coordinates":[16.479957,48.169128]},"properties":{"lines":"76A","color":"#0059a9","mode":"bus","arr":["76A"],"angle":35.6,"extra":1}},{"type":"Feature","geometry":{"type":"Point","coordinates":[16.474544,48.17121]},"properties":{"lines":"76A, 79A","color":"#0059a9","mode":"bus","arr":["76A","79A"],"angle":28.9}},{"type":"Feature","geometry":{"type":"Point","coordinates":[16.468199,48.174704]},"properties":{"lines":"76A, 79B","color":"#0059a9","mode":"bus","arr":["76A","79B"],"angle":33.8}},{"type":"Feature","geometry":{"type":"Point","coordinates":[16.463714,48.175279]},"properties":{"lines":"76A, 79B","color":"#0059a9","mode":"bus","arr":["76A","79B"],"angle":17.2,"extra":1}},{"type":"Feature","geometry":{"type":"Point","coordinates":[16.45944,48.169258]},"properties":{"lines":"76B","color":"#0059a9","mode":"bus","arr":["76B"],"angle":34.7}},{"type":"Feature","geometry":{"type":"Point","coordinates":[16.461702,48.173131]},"properties":{"lines":"76B","color":"#0059a9","mode":"bus","arr":["76B"],"angle":-63.8,"extra":1}},{"type":"Feature","geometry":{"type":"Point","coordinates":[16.467118,48.167943]},"properties":{"lines":"76B","color":"#0059a9","mode":"bus","arr":["76B"],"angle":22.9,"extra":1}},{"type":"Feature","geometry":{"type":"Point","coordinates":[16.48257,48.156162]},"properties":{"lines":"76B","color":"#0059a9","mode":"bus","arr":["76B"],"angle":13.7}},{"type":"Feature","geometry":{"type":"Point","coordinates":[16.477468,48.156506]},"properties":{"lines":"76B","color":"#0059a9","mode":"bus","arr":["76B"],"angle":3.1,"extra":1}},{"type":"Feature","geometry":{"type":"Point","coordinates":[16.47294,48.16377]},"properties":{"lines":"76B, 79A, 79B","color":"#0059a9","mode":"bus","arr":["76B","79A","79B"],"angle":47.7}},{"type":"Feature","geometry":{"type":"Point","coordinates":[16.471125,48.161195]},"properties":{"lines":"76B, 79A, 79B","color":"#0059a9","mode":"bus","arr":["76B","79A","79B"],"angle":-73.2,"extra":1}},{"type":"Feature","geometry":{"type":"Point","coordinates":[16.393371,48.196649]},"properties":{"lines":"77A","color":"#0059a9","mode":"bus","arr":["77A"],"angle":-3.6}},{"type":"Feature","geometry":{"type":"Point","coordinates":[16.388378,48.196638]},"properties":{"lines":"77A","color":"#0059a9","mode":"bus","arr":["77A"],"angle":0.5,"extra":1}},{"type":"Feature","geometry":{"type":"Point","coordinates":[16.407019,48.194268]},"properties":{"lines":"77A","color":"#0059a9","mode":"bus","arr":["77A"],"angle":44.6}},{"type":"Feature","geometry":{"type":"Point","coordinates":[16.416136,48.204043]},"properties":{"lines":"77A","color":"#0059a9","mode":"bus","arr":["77A"],"angle":-62.2}},{"type":"Feature","geometry":{"type":"Point","coordinates":[16.41384,48.198832]},"properties":{"lines":"77A","color":"#0059a9","mode":"bus","arr":["77A"],"angle":-56.8,"extra":1}},{"type":"Feature","geometry":{"type":"Point","coordinates":[16.418399,48.20797]},"properties":{"lines":"77A","color":"#0059a9","mode":"bus","arr":["77A"],"angle":89.5,"extra":1}},{"type":"Feature","geometry":{"type":"Point","coordinates":[16.441928,48.195044]},"properties":{"lines":"77A","color":"#0059a9","mode":"bus","arr":["77A"],"angle":-52.6}},{"type":"Feature","geometry":{"type":"Point","coordinates":[16.438617,48.19192]},"properties":{"lines":"77A","color":"#0059a9","mode":"bus","arr":["77A"],"angle":63}},{"type":"Feature","geometry":{"type":"Point","coordinates":[16.439634,48.191365]},"properties":{"lines":"77A","color":"#0059a9","mode":"bus","arr":["77A"],"angle":61.2}},{"type":"Feature","geometry":{"type":"Point","coordinates":[16.398437,48.194947]},"properties":{"lines":"77A","color":"#0059a9","mode":"bus","arr":["77A"],"angle":-59.4}},{"type":"Feature","geometry":{"type":"Point","coordinates":[16.395159,48.19213]},"properties":{"lines":"77A","color":"#0059a9","mode":"bus","arr":["77A"],"angle":-48.1,"extra":1}},{"type":"Feature","geometry":{"type":"Point","coordinates":[16.386507,48.194802]},"properties":{"lines":"77A","color":"#0059a9","mode":"bus","arr":["77A"],"angle":-82.2}},{"type":"Feature","geometry":{"type":"Point","coordinates":[16.40311,48.197178]},"properties":{"lines":"77A, N75","color":"#0059a9","mode":"bus","arr":["77A","N75"],"angle":30.4}},{"type":"Feature","geometry":{"type":"Point","coordinates":[16.409303,48.194779]},"properties":{"lines":"77A, 80A","color":"#0059a9","mode":"bus","arr":["77A","80A"],"angle":-41.9}},{"type":"Feature","geometry":{"type":"Point","coordinates":[16.409151,48.195871]},"properties":{"lines":"77A, 80A","color":"#0059a9","mode":"bus","arr":["77A","80A"],"angle":-36.9}},{"type":"Feature","geometry":{"type":"Point","coordinates":[16.424015,48.209546]},"properties":{"lines":"77A, N81","color":"#0059a9","mode":"bus","arr":["77A","N81"],"angle":46.8}},{"type":"Feature","geometry":{"type":"Point","coordinates":[16.430537,48.206025]},"properties":{"lines":"77A, 79A, 79B, N81","color":"#0059a9","mode":"bus","arr":["77A","79A","79B","N81"],"angle":47.1}},{"type":"Feature","geometry":{"type":"Point","coordinates":[16.438279,48.20174]},"properties":{"lines":"77A, 79A, 79B","color":"#0059a9","mode":"bus","arr":["77A","79A","79B"],"angle":29.1}},{"type":"Feature","geometry":{"type":"Point","coordinates":[16.44213,48.199091]},"properties":{"lines":"77A, 79A, 79B","color":"#0059a9","mode":"bus","arr":["77A","79A","79B"],"angle":43.6}},{"type":"Feature","geometry":{"type":"Point","coordinates":[16.450439,48.193485]},"properties":{"lines":"79A, 79B","color":"#0059a9","mode":"bus","arr":["79A","79B"],"angle":45.1}},{"type":"Feature","geometry":{"type":"Point","coordinates":[16.44727,48.195634]},"properties":{"lines":"79A, 79B","color":"#0059a9","mode":"bus","arr":["79A","79B"],"angle":45.4,"extra":1}},{"type":"Feature","geometry":{"type":"Point","coordinates":[16.470964,48.169676]},"properties":{"lines":"79A, 79B","color":"#0059a9","mode":"bus","arr":["79A","79B"],"angle":-67.8}},{"type":"Feature","geometry":{"type":"Point","coordinates":[16.428226,48.208707]},"properties":{"lines":"79A, 79B","color":"#0059a9","mode":"bus","arr":["79A","79B"],"angle":46.5}},{"type":"Feature","geometry":{"type":"Point","coordinates":[16.470602,48.179679]},"properties":{"lines":"79A","color":"#0059a9","mode":"bus","arr":["79A"],"angle":42.6}},{"type":"Feature","geometry":{"type":"Point","coordinates":[16.46146,48.186105]},"properties":{"lines":"79A","color":"#0059a9","mode":"bus","arr":["79A"],"angle":44.3,"extra":1}},{"type":"Feature","geometry":{"type":"Point","coordinates":[16.456075,48.189454]},"properties":{"lines":"79A","color":"#0059a9","mode":"bus","arr":["79A"],"angle":8.9,"extra":1}},{"type":"Feature","geometry":{"type":"Point","coordinates":[16.466581,48.182282]},"properties":{"lines":"79A","color":"#0059a9","mode":"bus","arr":["79A"],"angle":44.8,"extra":1}},{"type":"Feature","geometry":{"type":"Point","coordinates":[16.477301,48.175436]},"properties":{"lines":"79A","color":"#0059a9","mode":"bus","arr":["79A"],"angle":45.4,"extra":1}},{"type":"Feature","geometry":{"type":"Point","coordinates":[16.480239,48.173161]},"properties":{"lines":"79A","color":"#0059a9","mode":"bus","arr":["79A"],"angle":79.1,"extra":1}},{"type":"Feature","geometry":{"type":"Point","coordinates":[16.475938,48.16942]},"properties":{"lines":"79A","color":"#0059a9","mode":"bus","arr":["79A"],"angle":-79.5}},{"type":"Feature","geometry":{"type":"Point","coordinates":[16.458666,48.181665]},"properties":{"lines":"79B","color":"#0059a9","mode":"bus","arr":["79B"],"angle":55.7}},{"type":"Feature","geometry":{"type":"Point","coordinates":[16.456213,48.186969]},"properties":{"lines":"79B","color":"#0059a9","mode":"bus","arr":["79B"],"angle":82.4,"extra":1}},{"type":"Feature","geometry":{"type":"Point","coordinates":[16.462887,48.178504]},"properties":{"lines":"79B","color":"#0059a9","mode":"bus","arr":["79B"],"angle":13.7,"extra":1}},{"type":"Feature","geometry":{"type":"Point","coordinates":[16.328593,48.183512]},"properties":{"lines":"7A, 9A","color":"#0059a9","mode":"bus","arr":["7A","9A"],"angle":-86.6}},{"type":"Feature","geometry":{"type":"Point","coordinates":[16.326986,48.181529]},"properties":{"lines":"7A, 9A","color":"#0059a9","mode":"bus","arr":["7A","9A"],"angle":89.9}},{"type":"Feature","geometry":{"type":"Point","coordinates":[16.326431,48.177087]},"properties":{"lines":"7A","color":"#0059a9","mode":"bus","arr":["7A"],"angle":-83.6}},{"type":"Feature","geometry":{"type":"Point","coordinates":[16.350009,48.175168]},"properties":{"lines":"7A","color":"#0059a9","mode":"bus","arr":["7A"],"angle":-17.1}},{"type":"Feature","geometry":{"type":"Point","coordinates":[16.355177,48.175919]},"properties":{"lines":"7A","color":"#0059a9","mode":"bus","arr":["7A"],"angle":27.2,"extra":1}},{"type":"Feature","geometry":{"type":"Point","coordinates":[16.357167,48.175089]},"properties":{"lines":"7A","color":"#0059a9","mode":"bus","arr":["7A"],"angle":33.3}},{"type":"Feature","geometry":{"type":"Point","coordinates":[16.368348,48.172026]},"properties":{"lines":"7A","color":"#0059a9","mode":"bus","arr":["7A"],"angle":13.6}},{"type":"Feature","geometry":{"type":"Point","coordinates":[16.365087,48.172686]},"properties":{"lines":"7A","color":"#0059a9","mode":"bus","arr":["7A"],"angle":-69.1}},{"type":"Feature","geometry":{"type":"Point","coordinates":[16.36075,48.173222]},"properties":{"lines":"7A","color":"#0059a9","mode":"bus","arr":["7A"],"angle":13.3,"extra":1}},{"type":"Feature","geometry":{"type":"Point","coordinates":[16.326199,48.1741]},"properties":{"lines":"7A, 8A","color":"#0059a9","mode":"bus","arr":["7A","8A"],"angle":10}},{"type":"Feature","geometry":{"type":"Point","coordinates":[16.327914,48.173762]},"properties":{"lines":"7A, 8A, N62","color":"#0059a9","mode":"bus","arr":["7A","8A","N62"],"angle":-22.7}},{"type":"Feature","geometry":{"type":"Point","coordinates":[16.329336,48.171905]},"properties":{"lines":"7A, N62","color":"#0059a9","mode":"bus","arr":["7A","N62"],"angle":15.2}},{"type":"Feature","geometry":{"type":"Point","coordinates":[16.377385,48.170355]},"properties":{"lines":"7A, N65","color":"#0059a9","mode":"bus","arr":["7A","N65"],"angle":14.5}},{"type":"Feature","geometry":{"type":"Point","coordinates":[16.374237,48.173325]},"properties":{"lines":"7A, N6, N65, N66, N68","color":"#0059a9","mode":"bus","arr":["7A","N6","N65","N66","N68"],"angle":7.1}},{"type":"Feature","geometry":{"type":"Point","coordinates":[16.343028,48.169196]},"properties":{"lines":"7B","color":"#0059a9","mode":"bus","arr":["7B"],"angle":22.6}},{"type":"Feature","geometry":{"type":"Point","coordinates":[16.334671,48.17277]},"properties":{"lines":"7B","color":"#0059a9","mode":"bus","arr":["7B"],"angle":2.9}},{"type":"Feature","geometry":{"type":"Point","coordinates":[16.393605,48.214307]},"properties":{"lines":"80A","color":"#0059a9","mode":"bus","arr":["80A"],"angle":-12.1}},{"type":"Feature","geometry":{"type":"Point","coordinates":[16.398024,48.20944]},"properties":{"lines":"80A","color":"#0059a9","mode":"bus","arr":["80A"],"angle":77.4,"extra":1}},{"type":"Feature","geometry":{"type":"Point","coordinates":[16.403561,48.201603]},"properties":{"lines":"80A","color":"#0059a9","mode":"bus","arr":["80A"],"angle":17.6}},{"type":"Feature","geometry":{"type":"Point","coordinates":[16.397445,48.203631]},"properties":{"lines":"80A","color":"#0059a9","mode":"bus","arr":["80A"],"angle":55.4,"extra":1}},{"type":"Feature","geometry":{"type":"Point","coordinates":[16.408619,48.197988]},"properties":{"lines":"80A","color":"#0059a9","mode":"bus","arr":["80A"],"angle":62.5,"extra":1}},{"type":"Feature","geometry":{"type":"Point","coordinates":[16.40544,48.20234]},"properties":{"lines":"80A","color":"#0059a9","mode":"bus","arr":["80A"],"angle":23.2}},{"type":"Feature","geometry":{"type":"Point","coordinates":[16.409685,48.199202]},"properties":{"lines":"80A","color":"#0059a9","mode":"bus","arr":["80A"],"angle":64.4,"extra":1}},{"type":"Feature","geometry":{"type":"Point","coordinates":[16.398425,48.204819]},"properties":{"lines":"80A","color":"#0059a9","mode":"bus","arr":["80A"],"angle":65.1,"extra":1}},{"type":"Feature","geometry":{"type":"Point","coordinates":[16.387204,48.213577]},"properties":{"lines":"N29","color":"#0059a9","mode":"bus","arr":["N29"],"angle":-31.4}},{"type":"Feature","geometry":{"type":"Point","coordinates":[16.387095,48.212585]},"properties":{"lines":"N29","color":"#0059a9","mode":"bus","arr":["N29"],"angle":-41.9}},{"type":"Feature","geometry":{"type":"Point","coordinates":[16.379334,48.212867]},"properties":{"lines":"N29","color":"#0059a9","mode":"bus","arr":["N29"],"angle":-73.2}},{"type":"Feature","geometry":{"type":"Point","coordinates":[16.373353,48.242478]},"properties":{"lines":"N29","color":"#0059a9","mode":"bus","arr":["N29"],"angle":3.7}},{"type":"Feature","geometry":{"type":"Point","coordinates":[16.369335,48.24387]},"properties":{"lines":"N29","color":"#0059a9","mode":"bus","arr":["N29"],"angle":31.6}},{"type":"Feature","geometry":{"type":"Point","coordinates":[16.398819,48.222373]},"properties":{"lines":"82A","color":"#0059a9","mode":"bus","arr":["82A"],"angle":50.9}},{"type":"Feature","geometry":{"type":"Point","coordinates":[16.401207,48.221515]},"properties":{"lines":"82A","color":"#0059a9","mode":"bus","arr":["82A"],"angle":29.5}},{"type":"Feature","geometry":{"type":"Point","coordinates":[16.40113,48.218804]},"properties":{"lines":"82A","color":"#0059a9","mode":"bus","arr":["82A"],"angle":-89.8,"extra":1}},{"type":"Feature","geometry":{"type":"Point","coordinates":[16.413271,48.213582]},"properties":{"lines":"82A","color":"#0059a9","mode":"bus","arr":["82A"],"angle":-43.5}},{"type":"Feature","geometry":{"type":"Point","coordinates":[16.407971,48.212781]},"properties":{"lines":"82A","color":"#0059a9","mode":"bus","arr":["82A"],"angle":39.9}},{"type":"Feature","geometry":{"type":"Point","coordinates":[16.40538,48.216192]},"properties":{"lines":"82A","color":"#0059a9","mode":"bus","arr":["82A"],"angle":76.2}},{"type":"Feature","geometry":{"type":"Point","coordinates":[16.393363,48.221474]},"properties":{"lines":"82A","color":"#0059a9","mode":"bus","arr":["82A"],"angle":-43.2}},{"type":"Feature","geometry":{"type":"Point","coordinates":[16.396604,48.223244]},"properties":{"lines":"82A","color":"#0059a9","mode":"bus","arr":["82A"],"angle":-80.8}},{"type":"Feature","geometry":{"type":"Point","coordinates":[16.407522,48.217907]},"properties":{"lines":"82A, N81","color":"#0059a9","mode":"bus","arr":["82A","N81"],"angle":-0.2}},{"type":"Feature","geometry":{"type":"Point","coordinates":[16.476983,48.223573]},"properties":{"lines":"84A, 93A, 97A, 98A","color":"#0059a9","mode":"bus","arr":["84A","93A","97A","98A"],"angle":52.7}},{"type":"Feature","geometry":{"type":"Point","coordinates":[16.479886,48.222936]},"properties":{"lines":"84A, 97A","color":"#0059a9","mode":"bus","arr":["84A","97A"],"angle":30.9}},{"type":"Feature","geometry":{"type":"Point","coordinates":[16.484589,48.227331]},"properties":{"lines":"84A, N84","color":"#0059a9","mode":"bus","arr":["84A","N84"],"angle":-37.2}},{"type":"Feature","geometry":{"type":"Point","coordinates":[16.500649,48.22424]},"properties":{"lines":"84A, N84","color":"#0059a9","mode":"bus","arr":["84A","N84"],"angle":-13}},{"type":"Feature","geometry":{"type":"Point","coordinates":[16.495272,48.225397]},"properties":{"lines":"84A, N84","color":"#0059a9","mode":"bus","arr":["84A","N84"],"angle":18.1,"extra":1}},{"type":"Feature","geometry":{"type":"Point","coordinates":[16.508647,48.224184]},"properties":{"lines":"84A, N84","color":"#0059a9","mode":"bus","arr":["84A","N84"],"angle":-31.9,"extra":1}},{"type":"Feature","geometry":{"type":"Point","coordinates":[16.51244,48.22915]},"properties":{"lines":"84A, N84","color":"#0059a9","mode":"bus","arr":["84A","N84"],"angle":-82}},{"type":"Feature","geometry":{"type":"Point","coordinates":[16.510994,48.231787]},"properties":{"lines":"84A, N84","color":"#0059a9","mode":"bus","arr":["84A","N84"],"angle":54,"extra":1}},{"type":"Feature","geometry":{"type":"Point","coordinates":[16.490261,48.226306]},"properties":{"lines":"84A, 97A, N84","color":"#0059a9","mode":"bus","arr":["84A","97A","N84"],"angle":15.8}},{"type":"Feature","geometry":{"type":"Point","coordinates":[16.508396,48.224615]},"properties":{"lines":"84A, 88A, 88B, N84","color":"#0059a9","mode":"bus","arr":["84A","88A","88B","N84"],"angle":51.5}},{"type":"Feature","geometry":{"type":"Point","coordinates":[16.508893,48.23348]},"properties":{"lines":"84A, 89A, 99A, 99B, N84","color":"#0059a9","mode":"bus","arr":["84A","89A","99A","99B","N84"],"angle":15.5}},{"type":"Feature","geometry":{"type":"Point","coordinates":[16.504727,48.233677]},"properties":{"lines":"84A, 89A, 99A, 99B, N84","color":"#0059a9","mode":"bus","arr":["84A","89A","99A","99B","N84"],"angle":-83.6}},{"type":"Feature","geometry":{"type":"Point","coordinates":[16.482345,48.240044]},"properties":{"lines":"85A, 95A, 95B, N23, N24","color":"#0059a9","mode":"bus","arr":["85A","95A","95B","N23","N24"],"angle":-21.7}},{"type":"Feature","geometry":{"type":"Point","coordinates":[16.479138,48.241082]},"properties":{"lines":"85A","color":"#0059a9","mode":"bus","arr":["85A"],"angle":-65.2}},{"type":"Feature","geometry":{"type":"Point","coordinates":[16.482111,48.250467]},"properties":{"lines":"85A","color":"#0059a9","mode":"bus","arr":["85A"],"angle":-57.9}},{"type":"Feature","geometry":{"type":"Point","coordinates":[16.48485,48.254643]},"properties":{"lines":"85A","color":"#0059a9","mode":"bus","arr":["85A"],"angle":-68.7,"extra":1}},{"type":"Feature","geometry":{"type":"Point","coordinates":[16.481026,48.246432]},"properties":{"lines":"85A","color":"#0059a9","mode":"bus","arr":["85A"],"angle":31.8,"extra":1}},{"type":"Feature","geometry":{"type":"Point","coordinates":[16.485456,48.247665]},"properties":{"lines":"85A","color":"#0059a9","mode":"bus","arr":["85A"],"angle":-55.5}},{"type":"Feature","geometry":{"type":"Point","coordinates":[16.48989,48.25364]},"properties":{"lines":"85A","color":"#0059a9","mode":"bus","arr":["85A"],"angle":-71.9,"extra":1}},{"type":"Feature","geometry":{"type":"Point","coordinates":[16.482778,48.245034]},"properties":{"lines":"85A","color":"#0059a9","mode":"bus","arr":["85A"],"angle":-57.7,"extra":1}},{"type":"Feature","geometry":{"type":"Point","coordinates":[16.483927,48.241839]},"properties":{"lines":"85A","color":"#0059a9","mode":"bus","arr":["85A"],"angle":25.7,"extra":1}},{"type":"Feature","geometry":{"type":"Point","coordinates":[16.484647,48.240698]},"properties":{"lines":"85A, 95A, 97A","color":"#0059a9","mode":"bus","arr":["85A","95A","97A"],"angle":-37.8}},{"type":"Feature","geometry":{"type":"Point","coordinates":[16.449527,48.220202]},"properties":{"lines":"86A, 87A","color":"#0059a9","mode":"bus","arr":["86A","87A"],"angle":-77.3}},{"type":"Feature","geometry":{"type":"Point","coordinates":[16.450416,48.221626]},"properties":{"lines":"86A, 87A","color":"#0059a9","mode":"bus","arr":["86A","87A"],"angle":24}},{"type":"Feature","geometry":{"type":"Point","coordinates":[16.448484,48.21803]},"properties":{"lines":"86A, 87A, 94A","color":"#0059a9","mode":"bus","arr":["86A","87A","94A"],"angle":16.1}},{"type":"Feature","geometry":{"type":"Point","coordinates":[16.452696,48.228232]},"properties":{"lines":"86A, 87A, 95A, 96A","color":"#0059a9","mode":"bus","arr":["86A","87A","95A","96A"],"angle":-68.8}},{"type":"Feature","geometry":{"type":"Point","coordinates":[16.458322,48.232556]},"properties":{"lines":"86A, 87A, 95A","color":"#0059a9","mode":"bus","arr":["86A","87A","95A"],"angle":-82.8}},{"type":"Feature","geometry":{"type":"Point","coordinates":[16.461394,48.235023]},"properties":{"lines":"86A, 87A, 95A","color":"#0059a9","mode":"bus","arr":["86A","87A","95A"],"angle":-38.3,"extra":1}},{"type":"Feature","geometry":{"type":"Point","coordinates":[16.476117,48.250255]},"properties":{"lines":"86A","color":"#0059a9","mode":"bus","arr":["86A"],"angle":-56.4}},{"type":"Feature","geometry":{"type":"Point","coordinates":[16.470671,48.244904]},"properties":{"lines":"86A","color":"#0059a9","mode":"bus","arr":["86A"],"angle":-56.5}},{"type":"Feature","geometry":{"type":"Point","coordinates":[16.478146,48.249372]},"properties":{"lines":"86A","color":"#0059a9","mode":"bus","arr":["86A"],"angle":-57.2,"extra":1}},{"type":"Feature","geometry":{"type":"Point","coordinates":[16.473319,48.247513]},"properties":{"lines":"86A","color":"#0059a9","mode":"bus","arr":["86A"],"angle":-55.1,"extra":1}},{"type":"Feature","geometry":{"type":"Point","coordinates":[16.465213,48.239242]},"properties":{"lines":"86A","color":"#0059a9","mode":"bus","arr":["86A"],"angle":-59.1,"extra":1}},{"type":"Feature","geometry":{"type":"Point","coordinates":[16.511952,48.219877]},"properties":{"lines":"88A, 88B","color":"#0059a9","mode":"bus","arr":["88A","88B"],"angle":-73.5}},{"type":"Feature","geometry":{"type":"Point","coordinates":[16.523941,48.211418]},"properties":{"lines":"88B","color":"#0059a9","mode":"bus","arr":["88B"],"angle":-82.6}},{"type":"Feature","geometry":{"type":"Point","coordinates":[16.518056,48.202571]},"properties":{"lines":"88B","color":"#0059a9","mode":"bus","arr":["88B"],"angle":-86.7}},{"type":"Feature","geometry":{"type":"Point","coordinates":[16.523335,48.204856]},"properties":{"lines":"88B","color":"#0059a9","mode":"bus","arr":["88B"],"angle":-85.1,"extra":1}},{"type":"Feature","geometry":{"type":"Point","coordinates":[16.52472,48.208304]},"properties":{"lines":"88B","color":"#0059a9","mode":"bus","arr":["88B"],"angle":3.2}},{"type":"Feature","geometry":{"type":"Point","coordinates":[16.522224,48.206066]},"properties":{"lines":"88B","color":"#0059a9","mode":"bus","arr":["88B"],"angle":0.3,"extra":1}},{"type":"Feature","geometry":{"type":"Point","coordinates":[16.529649,48.212588]},"properties":{"lines":"88B","color":"#0059a9","mode":"bus","arr":["88B"],"angle":-64.8,"extra":1}},{"type":"Feature","geometry":{"type":"Point","coordinates":[16.516992,48.206132]},"properties":{"lines":"88B, 98A","color":"#0059a9","mode":"bus","arr":["88B","98A"],"angle":2.9}},{"type":"Feature","geometry":{"type":"Point","coordinates":[16.515369,48.231206]},"properties":{"lines":"89A, 99A, 99B","color":"#0059a9","mode":"bus","arr":["89A","99A","99B"],"angle":2.8}},{"type":"Feature","geometry":{"type":"Point","coordinates":[16.528288,48.23587]},"properties":{"lines":"89A","color":"#0059a9","mode":"bus","arr":["89A"],"angle":-3.2}},{"type":"Feature","geometry":{"type":"Point","coordinates":[16.521236,48.233402]},"properties":{"lines":"89A","color":"#0059a9","mode":"bus","arr":["89A"],"angle":-75.7,"extra":1}},{"type":"Feature","geometry":{"type":"Point","coordinates":[16.529767,48.238985]},"properties":{"lines":"89A","color":"#0059a9","mode":"bus","arr":["89A"],"angle":-79.6,"extra":1}},{"type":"Feature","geometry":{"type":"Point","coordinates":[16.531078,48.243853]},"properties":{"lines":"89A","color":"#0059a9","mode":"bus","arr":["89A"],"angle":-79.7,"extra":1}},{"type":"Feature","geometry":{"type":"Point","coordinates":[16.530826,48.24426]},"properties":{"lines":"89A","color":"#0059a9","mode":"bus","arr":["89A"],"angle":11.8}},{"type":"Feature","geometry":{"type":"Point","coordinates":[16.533606,48.25177]},"properties":{"lines":"89A","color":"#0059a9","mode":"bus","arr":["89A"],"angle":-75.4,"extra":1}},{"type":"Feature","geometry":{"type":"Point","coordinates":[16.535482,48.256556]},"properties":{"lines":"89A","color":"#0059a9","mode":"bus","arr":["89A"],"angle":-75,"extra":1}},{"type":"Feature","geometry":{"type":"Point","coordinates":[16.535992,48.258673]},"properties":{"lines":"89A","color":"#0059a9","mode":"bus","arr":["89A"],"angle":4.2}},{"type":"Feature","geometry":{"type":"Point","coordinates":[16.535798,48.261457]},"properties":{"lines":"89A","color":"#0059a9","mode":"bus","arr":["89A"],"angle":-49,"extra":1}},{"type":"Feature","geometry":{"type":"Point","coordinates":[16.32459,48.174488]},"properties":{"lines":"8A","color":"#0059a9","mode":"bus","arr":["8A"],"angle":20.1}},{"type":"Feature","geometry":{"type":"Point","coordinates":[16.30059,48.173202]},"properties":{"lines":"8A","color":"#0059a9","mode":"bus","arr":["8A"],"angle":52.3}},{"type":"Feature","geometry":{"type":"Point","coordinates":[16.302199,48.171601]},"properties":{"lines":"8A","color":"#0059a9","mode":"bus","arr":["8A"],"angle":59.2}},{"type":"Feature","geometry":{"type":"Point","coordinates":[16.415564,48.232062]},"properties":{"lines":"92A, 92B, N90","color":"#0059a9","mode":"bus","arr":["92A","92B","N90"],"angle":48}},{"type":"Feature","geometry":{"type":"Point","coordinates":[16.420317,48.228535]},"properties":{"lines":"92A, 92B, N90","color":"#0059a9","mode":"bus","arr":["92A","92B","N90"],"angle":48.1}},{"type":"Feature","geometry":{"type":"Point","coordinates":[16.423499,48.226121]},"properties":{"lines":"92A, 92B, N90","color":"#0059a9","mode":"bus","arr":["92A","92B","N90"],"angle":48.2,"extra":1}},{"type":"Feature","geometry":{"type":"Point","coordinates":[16.431349,48.21774]},"properties":{"lines":"92A, 92B, N90","color":"#0059a9","mode":"bus","arr":["92A","92B","N90"],"angle":46.9}},{"type":"Feature","geometry":{"type":"Point","coordinates":[16.436471,48.214128]},"properties":{"lines":"92A, 92B, N90","color":"#0059a9","mode":"bus","arr":["92A","92B","N90"],"angle":44.4,"extra":1}},{"type":"Feature","geometry":{"type":"Point","coordinates":[16.426382,48.221381]},"properties":{"lines":"92A, 92B, N90","color":"#0059a9","mode":"bus","arr":["92A","92B","N90"],"angle":47.2,"extra":1}},{"type":"Feature","geometry":{"type":"Point","coordinates":[16.423845,48.223289]},"properties":{"lines":"92A, 92B, N90","color":"#0059a9","mode":"bus","arr":["92A","92B","N90"],"angle":7.3}},{"type":"Feature","geometry":{"type":"Point","coordinates":[16.440111,48.212926]},"properties":{"lines":"92A, 92B, 93A, N90, N91","color":"#0059a9","mode":"bus","arr":["92A","92B","93A","N90","N91"],"angle":-26}},{"type":"Feature","geometry":{"type":"Point","coordinates":[16.440284,48.212126]},"properties":{"lines":"92A, 92B, 93A, N90, N91","color":"#0059a9","mode":"bus","arr":["92A","92B","93A","N90","N91"],"angle":-44.8}},{"type":"Feature","geometry":{"type":"Point","coordinates":[16.448158,48.213684]},"properties":{"lines":"92A, 93A, N91","color":"#0059a9","mode":"bus","arr":["92A","93A","N91"],"angle":-13}},{"type":"Feature","geometry":{"type":"Point","coordinates":[16.444182,48.214427]},"properties":{"lines":"92A, 93A, N91","color":"#0059a9","mode":"bus","arr":["92A","93A","N91"],"angle":-27.9,"extra":1}},{"type":"Feature","geometry":{"type":"Point","coordinates":[16.481087,48.213841]},"properties":{"lines":"92A, 93A, N91","color":"#0059a9","mode":"bus","arr":["92A","93A","N91"],"angle":-40.9}},{"type":"Feature","geometry":{"type":"Point","coordinates":[16.456244,48.213888]},"properties":{"lines":"92A, 96A","color":"#0059a9","mode":"bus","arr":["92A","96A"],"angle":-84.1}},{"type":"Feature","geometry":{"type":"Point","coordinates":[16.457617,48.217907]},"properties":{"lines":"92A, 96A","color":"#0059a9","mode":"bus","arr":["92A","96A"],"angle":-77.1}},{"type":"Feature","geometry":{"type":"Point","coordinates":[16.457371,48.22114]},"properties":{"lines":"92A, 96A","color":"#0059a9","mode":"bus","arr":["92A","96A"],"angle":-34.5}},{"type":"Feature","geometry":{"type":"Point","coordinates":[16.462797,48.217329]},"properties":{"lines":"92A","color":"#0059a9","mode":"bus","arr":["92A"],"angle":28.6}},{"type":"Feature","geometry":{"type":"Point","coordinates":[16.467045,48.215781]},"properties":{"lines":"92A","color":"#0059a9","mode":"bus","arr":["92A"],"angle":28.7,"extra":1}},{"type":"Feature","geometry":{"type":"Point","coordinates":[16.471777,48.214084]},"properties":{"lines":"92A","color":"#0059a9","mode":"bus","arr":["92A"],"angle":26.2,"extra":1}},{"type":"Feature","geometry":{"type":"Point","coordinates":[16.478872,48.212698]},"properties":{"lines":"92A","color":"#0059a9","mode":"bus","arr":["92A"],"angle":22.3,"extra":1}},{"type":"Feature","geometry":{"type":"Point","coordinates":[16.482873,48.216046]},"properties":{"lines":"92A, 93A, 98A, N91","color":"#0059a9","mode":"bus","arr":["92A","93A","98A","N91"],"angle":-75.6}},{"type":"Feature","geometry":{"type":"Point","coordinates":[16.483392,48.217374]},"properties":{"lines":"92A, 97A, N20, N91","color":"#0059a9","mode":"bus","arr":["92A","97A","N20","N91"],"angle":-72.5}},{"type":"Feature","geometry":{"type":"Point","coordinates":[16.487075,48.217196]},"properties":{"lines":"92A, N84, N91","color":"#0059a9","mode":"bus","arr":["92A","N84","N91"],"angle":23.8}},{"type":"Feature","geometry":{"type":"Point","coordinates":[16.473376,48.189192]},"properties":{"lines":"92B","color":"#0059a9","mode":"bus","arr":["92B"],"angle":44.7}},{"type":"Feature","geometry":{"type":"Point","coordinates":[16.441878,48.210876]},"properties":{"lines":"92B","color":"#0059a9","mode":"bus","arr":["92B"],"angle":47.9,"extra":1}},{"type":"Feature","geometry":{"type":"Point","coordinates":[16.446965,48.207393]},"properties":{"lines":"92B","color":"#0059a9","mode":"bus","arr":["92B"],"angle":37.6,"extra":1}},{"type":"Feature","geometry":{"type":"Point","coordinates":[16.451513,48.203835]},"properties":{"lines":"92B","color":"#0059a9","mode":"bus","arr":["92B"],"angle":45.4,"extra":1}},{"type":"Feature","geometry":{"type":"Point","coordinates":[16.456724,48.20031]},"properties":{"lines":"92B","color":"#0059a9","mode":"bus","arr":["92B"],"angle":45.5,"extra":1}},{"type":"Feature","geometry":{"type":"Point","coordinates":[16.461949,48.196795]},"properties":{"lines":"92B","color":"#0059a9","mode":"bus","arr":["92B"],"angle":45.1,"extra":1}},{"type":"Feature","geometry":{"type":"Point","coordinates":[16.46717,48.193277]},"properties":{"lines":"92B","color":"#0059a9","mode":"bus","arr":["92B"],"angle":44,"extra":1}},{"type":"Feature","geometry":{"type":"Point","coordinates":[16.477749,48.186333]},"properties":{"lines":"92B","color":"#0059a9","mode":"bus","arr":["92B"],"angle":44.3,"extra":1}},{"type":"Feature","geometry":{"type":"Point","coordinates":[16.483075,48.182885]},"properties":{"lines":"92B","color":"#0059a9","mode":"bus","arr":["92B"],"angle":44.3,"extra":1}},{"type":"Feature","geometry":{"type":"Point","coordinates":[16.488409,48.179444]},"properties":{"lines":"92B","color":"#0059a9","mode":"bus","arr":["92B"],"angle":43.9,"extra":1}},{"type":"Feature","geometry":{"type":"Point","coordinates":[16.493754,48.17601]},"properties":{"lines":"92B","color":"#0059a9","mode":"bus","arr":["92B"],"angle":43.4,"extra":1}},{"type":"Feature","geometry":{"type":"Point","coordinates":[16.49918,48.172632]},"properties":{"lines":"92B","color":"#0059a9","mode":"bus","arr":["92B"],"angle":43.5,"extra":1}},{"type":"Feature","geometry":{"type":"Point","coordinates":[16.504607,48.169255]},"properties":{"lines":"92B","color":"#0059a9","mode":"bus","arr":["92B"],"angle":42.7,"extra":1}},{"type":"Feature","geometry":{"type":"Point","coordinates":[16.509662,48.166366]},"properties":{"lines":"92B","color":"#0059a9","mode":"bus","arr":["92B"],"angle":12.5}},{"type":"Feature","geometry":{"type":"Point","coordinates":[16.438429,48.234787]},"properties":{"lines":"93A","color":"#0059a9","mode":"bus","arr":["93A"],"angle":80.7}},{"type":"Feature","geometry":{"type":"Point","coordinates":[16.433146,48.238024]},"properties":{"lines":"93A","color":"#0059a9","mode":"bus","arr":["93A"],"angle":31.8,"extra":1}},{"type":"Feature","geometry":{"type":"Point","coordinates":[16.439499,48.230412]},"properties":{"lines":"93A","color":"#0059a9","mode":"bus","arr":["93A"],"angle":80.4,"extra":1}},{"type":"Feature","geometry":{"type":"Point","coordinates":[16.487918,48.207023]},"properties":{"lines":"93A","color":"#0059a9","mode":"bus","arr":["93A"],"angle":-72.5}},{"type":"Feature","geometry":{"type":"Point","coordinates":[16.480564,48.206868]},"properties":{"lines":"93A","color":"#0059a9","mode":"bus","arr":["93A"],"angle":19.3,"extra":1}},{"type":"Feature","geometry":{"type":"Point","coordinates":[16.479263,48.210925]},"properties":{"lines":"93A","color":"#0059a9","mode":"bus","arr":["93A"],"angle":19.6,"extra":1}},{"type":"Feature","geometry":{"type":"Point","coordinates":[16.440898,48.220101]},"properties":{"lines":"93A, N90","color":"#0059a9","mode":"bus","arr":["93A","N90"],"angle":89.5}},{"type":"Feature","geometry":{"type":"Point","coordinates":[16.440862,48.224511]},"properties":{"lines":"93A, N90","color":"#0059a9","mode":"bus","arr":["93A","N90"],"angle":89.1,"extra":1}},{"type":"Feature","geometry":{"type":"Point","coordinates":[16.440942,48.214619]},"properties":{"lines":"93A, N90","color":"#0059a9","mode":"bus","arr":["93A","N90"],"angle":90,"extra":1}},{"type":"Feature","geometry":{"type":"Point","coordinates":[16.455401,48.210118]},"properties":{"lines":"93A, 96A, N91","color":"#0059a9","mode":"bus","arr":["93A","96A","N91"],"angle":-78.3}},{"type":"Feature","geometry":{"type":"Point","coordinates":[16.454482,48.207631]},"properties":{"lines":"93A, 96A, N91","color":"#0059a9","mode":"bus","arr":["93A","96A","N91"],"angle":18.9}},{"type":"Feature","geometry":{"type":"Point","coordinates":[16.464419,48.202875]},"properties":{"lines":"93A, N91","color":"#0059a9","mode":"bus","arr":["93A","N91"],"angle":36}},{"type":"Feature","geometry":{"type":"Point","coordinates":[16.470571,48.200005]},"properties":{"lines":"93A, N91","color":"#0059a9","mode":"bus","arr":["93A","N91"],"angle":-49.1,"extra":1}},{"type":"Feature","geometry":{"type":"Point","coordinates":[16.459762,48.204341]},"properties":{"lines":"93A, N91","color":"#0059a9","mode":"bus","arr":["93A","N91"],"angle":8.3,"extra":1}},{"type":"Feature","geometry":{"type":"Point","coordinates":[16.452609,48.205546]},"properties":{"lines":"93A, N91","color":"#0059a9","mode":"bus","arr":["93A","N91"],"angle":59,"extra":1}},{"type":"Feature","geometry":{"type":"Point","coordinates":[16.474449,48.203081]},"properties":{"lines":"93A, 95A, N91","color":"#0059a9","mode":"bus","arr":["93A","95A","N91"],"angle":-49.7}},{"type":"Feature","geometry":{"type":"Point","coordinates":[16.481814,48.217154]},"properties":{"lines":"93A, 97A, 98A, N20","color":"#0059a9","mode":"bus","arr":["93A","97A","98A","N20"],"angle":21.7}},{"type":"Feature","geometry":{"type":"Point","coordinates":[16.480741,48.220292]},"properties":{"lines":"93A, 97A, 98A","color":"#0059a9","mode":"bus","arr":["93A","97A","98A"],"angle":53}},{"type":"Feature","geometry":{"type":"Point","coordinates":[16.475107,48.222438]},"properties":{"lines":"93A, 98A","color":"#0059a9","mode":"bus","arr":["93A","98A"],"angle":-62.9}},{"type":"Feature","geometry":{"type":"Point","coordinates":[16.481679,48.217135]},"properties":{"lines":"93A, 98A, N20","color":"#0059a9","mode":"bus","arr":["93A","98A","N20"],"angle":16.7}},{"type":"Feature","geometry":{"type":"Point","coordinates":[16.44976,48.2415]},"properties":{"lines":"94A","color":"#0059a9","mode":"bus","arr":["94A"],"angle":-71.3}},{"type":"Feature","geometry":{"type":"Point","coordinates":[16.442674,48.244709]},"properties":{"lines":"94A","color":"#0059a9","mode":"bus","arr":["94A"],"angle":16.3,"extra":1}},{"type":"Feature","geometry":{"type":"Point","coordinates":[16.448283,48.238428]},"properties":{"lines":"94A","color":"#0059a9","mode":"bus","arr":["94A"],"angle":-73.6,"extra":1}},{"type":"Feature","geometry":{"type":"Point","coordinates":[16.446762,48.233591]},"properties":{"lines":"94A","color":"#0059a9","mode":"bus","arr":["94A"],"angle":-81.3,"extra":1}},{"type":"Feature","geometry":{"type":"Point","coordinates":[16.443722,48.221248]},"properties":{"lines":"94A","color":"#0059a9","mode":"bus","arr":["94A"],"angle":-80.8}},{"type":"Feature","geometry":{"type":"Point","coordinates":[16.444611,48.224891]},"properties":{"lines":"94A","color":"#0059a9","mode":"bus","arr":["94A"],"angle":-81.4,"extra":1}},{"type":"Feature","geometry":{"type":"Point","coordinates":[16.436079,48.24269]},"properties":{"lines":"94A","color":"#0059a9","mode":"bus","arr":["94A"],"angle":-43.5}},{"type":"Feature","geometry":{"type":"Point","coordinates":[16.437363,48.243804]},"properties":{"lines":"94A, N20, N25","color":"#0059a9","mode":"bus","arr":["94A","N20","N25"],"angle":-44.6}},{"type":"Feature","geometry":{"type":"Point","coordinates":[16.451684,48.228017]},"properties":{"lines":"94A, N90","color":"#0059a9","mode":"bus","arr":["94A","N90"],"angle":-71}},{"type":"Feature","geometry":{"type":"Point","coordinates":[16.447222,48.228613]},"properties":{"lines":"94A, N90","color":"#0059a9","mode":"bus","arr":["94A","N90"],"angle":-73.3}},{"type":"Feature","geometry":{"type":"Point","coordinates":[16.473511,48.206844]},"properties":{"lines":"95A","color":"#0059a9","mode":"bus","arr":["95A"],"angle":65.8}},{"type":"Feature","geometry":{"type":"Point","coordinates":[16.46863,48.208912]},"properties":{"lines":"95A","color":"#0059a9","mode":"bus","arr":["95A"],"angle":6.4}},{"type":"Feature","geometry":{"type":"Point","coordinates":[16.467106,48.212897]},"properties":{"lines":"95A","color":"#0059a9","mode":"bus","arr":["95A"],"angle":-70.3,"extra":1}},{"type":"Feature","geometry":{"type":"Point","coordinates":[16.471189,48.203163]},"properties":{"lines":"95A","color":"#0059a9","mode":"bus","arr":["95A"],"angle":47.4,"extra":1}},{"type":"Feature","geometry":{"type":"Point","coordinates":[16.487421,48.240624]},"properties":{"lines":"95A","color":"#0059a9","mode":"bus","arr":["95A"],"angle":27.2}},{"type":"Feature","geometry":{"type":"Point","coordinates":[16.48968,48.239991]},"properties":{"lines":"95A","color":"#0059a9","mode":"bus","arr":["95A"],"angle":0.3}},{"type":"Feature","geometry":{"type":"Point","coordinates":[16.499517,48.240607]},"properties":{"lines":"95A","color":"#0059a9","mode":"bus","arr":["95A"],"angle":-36.5}},{"type":"Feature","geometry":{"type":"Point","coordinates":[16.495146,48.239883]},"properties":{"lines":"95A","color":"#0059a9","mode":"bus","arr":["95A"],"angle":14.2,"extra":1}},{"type":"Feature","geometry":{"type":"Point","coordinates":[16.504136,48.236324]},"properties":{"lines":"95A","color":"#0059a9","mode":"bus","arr":["95A"],"angle":-81.9}},{"type":"Feature","geometry":{"type":"Point","coordinates":[16.464264,48.234141]},"properties":{"lines":"95A","color":"#0059a9","mode":"bus","arr":["95A"],"angle":-4.8}},{"type":"Feature","geometry":{"type":"Point","coordinates":[16.477446,48.237216]},"properties":{"lines":"95A, 95B, N23, N24","color":"#0059a9","mode":"bus","arr":["95A","95B","N23","N24"],"angle":-15.7}},{"type":"Feature","geometry":{"type":"Point","coordinates":[16.480678,48.239582]},"properties":{"lines":"95A, 95B, N23, N24","color":"#0059a9","mode":"bus","arr":["95A","95B","N23","N24"],"angle":-31.2,"extra":1}},{"type":"Feature","geometry":{"type":"Point","coordinates":[16.48182,48.238055]},"properties":{"lines":"N23","color":"#0059a9","mode":"bus","arr":["N23"],"angle":-22.4}},{"type":"Feature","geometry":{"type":"Point","coordinates":[16.485886,48.241166]},"properties":{"lines":"95A, 97A","color":"#0059a9","mode":"bus","arr":["95A","97A"],"angle":30.1}},{"type":"Feature","geometry":{"type":"Point","coordinates":[16.491264,48.240018]},"properties":{"lines":"95A, N24","color":"#0059a9","mode":"bus","arr":["95A","N24"],"angle":-65}},{"type":"Feature","geometry":{"type":"Point","coordinates":[16.468672,48.231599]},"properties":{"lines":"95B","color":"#0059a9","mode":"bus","arr":["95B"],"angle":69.3}},{"type":"Feature","geometry":{"type":"Point","coordinates":[16.458318,48.221398]},"properties":{"lines":"96A","color":"#0059a9","mode":"bus","arr":["96A"],"angle":-69.1}},{"type":"Feature","geometry":{"type":"Point","coordinates":[16.482205,48.221997]},"properties":{"lines":"97A, N84","color":"#0059a9","mode":"bus","arr":["97A","N84"],"angle":-69.6}},{"type":"Feature","geometry":{"type":"Point","coordinates":[16.484169,48.221184]},"properties":{"lines":"97A","color":"#0059a9","mode":"bus","arr":["97A"],"angle":17.4}},{"type":"Feature","geometry":{"type":"Point","coordinates":[16.489396,48.223279]},"properties":{"lines":"97A","color":"#0059a9","mode":"bus","arr":["97A"],"angle":-72.6}},{"type":"Feature","geometry":{"type":"Point","coordinates":[16.491424,48.230108]},"properties":{"lines":"97A","color":"#0059a9","mode":"bus","arr":["97A"],"angle":-73.5}},{"type":"Feature","geometry":{"type":"Point","coordinates":[16.49293,48.233503]},"properties":{"lines":"97A","color":"#0059a9","mode":"bus","arr":["97A"],"angle":-76.9,"extra":1}},{"type":"Feature","geometry":{"type":"Point","coordinates":[16.495086,48.233783]},"properties":{"lines":"97A","color":"#0059a9","mode":"bus","arr":["97A"],"angle":82.7}},{"type":"Feature","geometry":{"type":"Point","coordinates":[16.487333,48.233033]},"properties":{"lines":"97A","color":"#0059a9","mode":"bus","arr":["97A"],"angle":-70.1,"extra":1}},{"type":"Feature","geometry":{"type":"Point","coordinates":[16.493279,48.229636]},"properties":{"lines":"97A","color":"#0059a9","mode":"bus","arr":["97A"],"angle":-73.7,"extra":1}},{"type":"Feature","geometry":{"type":"Point","coordinates":[16.488518,48.242462]},"properties":{"lines":"97A","color":"#0059a9","mode":"bus","arr":["97A"],"angle":25.5}},{"type":"Feature","geometry":{"type":"Point","coordinates":[16.486579,48.220663]},"properties":{"lines":"97A","color":"#0059a9","mode":"bus","arr":["97A"],"angle":21.8}},{"type":"Feature","geometry":{"type":"Point","coordinates":[16.48779,48.2242]},"properties":{"lines":"97A","color":"#0059a9","mode":"bus","arr":["97A"],"angle":-73.7,"extra":1}},{"type":"Feature","geometry":{"type":"Point","coordinates":[16.492805,48.217587]},"properties":{"lines":"97A","color":"#0059a9","mode":"bus","arr":["97A"],"angle":80.9,"extra":1}},{"type":"Feature","geometry":{"type":"Point","coordinates":[16.492188,48.217332]},"properties":{"lines":"97A","color":"#0059a9","mode":"bus","arr":["97A"],"angle":-7.2}},{"type":"Feature","geometry":{"type":"Point","coordinates":[16.495168,48.246575]},"properties":{"lines":"97A, N24","color":"#0059a9","mode":"bus","arr":["97A","N24"],"angle":-63.4}},{"type":"Feature","geometry":{"type":"Point","coordinates":[16.490722,48.213342]},"properties":{"lines":"98A","color":"#0059a9","mode":"bus","arr":["98A"],"angle":19.4}},{"type":"Feature","geometry":{"type":"Point","coordinates":[16.486068,48.214432]},"properties":{"lines":"98A","color":"#0059a9","mode":"bus","arr":["98A"],"angle":19.4,"extra":1}},{"type":"Feature","geometry":{"type":"Point","coordinates":[16.515709,48.208019]},"properties":{"lines":"98A","color":"#0059a9","mode":"bus","arr":["98A"],"angle":-84.8}},{"type":"Feature","geometry":{"type":"Point","coordinates":[16.516207,48.212078]},"properties":{"lines":"98A","color":"#0059a9","mode":"bus","arr":["98A"],"angle":-86.6,"extra":1}},{"type":"Feature","geometry":{"type":"Point","coordinates":[16.51055,48.207026]},"properties":{"lines":"98A","color":"#0059a9","mode":"bus","arr":["98A"],"angle":88.8,"extra":1}},{"type":"Feature","geometry":{"type":"Point","coordinates":[16.540601,48.214609]},"properties":{"lines":"98A","color":"#0059a9","mode":"bus","arr":["98A"],"angle":15.5}},{"type":"Feature","geometry":{"type":"Point","coordinates":[16.535234,48.215625]},"properties":{"lines":"98A","color":"#0059a9","mode":"bus","arr":["98A"],"angle":15,"extra":1}},{"type":"Feature","geometry":{"type":"Point","coordinates":[16.544253,48.219235]},"properties":{"lines":"98A","color":"#0059a9","mode":"bus","arr":["98A"],"angle":-73.9,"extra":1}},{"type":"Feature","geometry":{"type":"Point","coordinates":[16.533621,48.219713]},"properties":{"lines":"98A","color":"#0059a9","mode":"bus","arr":["98A"],"angle":2.9}},{"type":"Feature","geometry":{"type":"Point","coordinates":[16.540743,48.219466]},"properties":{"lines":"98A","color":"#0059a9","mode":"bus","arr":["98A"],"angle":2.5,"extra":1}},{"type":"Feature","geometry":{"type":"Point","coordinates":[16.528431,48.217664]},"properties":{"lines":"98A","color":"#0059a9","mode":"bus","arr":["98A"],"angle":-75.4,"extra":1}},{"type":"Feature","geometry":{"type":"Point","coordinates":[16.519053,48.210296]},"properties":{"lines":"98A","color":"#0059a9","mode":"bus","arr":["98A"],"angle":-85.2}},{"type":"Feature","geometry":{"type":"Point","coordinates":[16.518633,48.207121]},"properties":{"lines":"98A","color":"#0059a9","mode":"bus","arr":["98A"],"angle":-85.5,"extra":1}},{"type":"Feature","geometry":{"type":"Point","coordinates":[16.510499,48.208709]},"properties":{"lines":"98A","color":"#0059a9","mode":"bus","arr":["98A"],"angle":59.4}},{"type":"Feature","geometry":{"type":"Point","coordinates":[16.49931,48.2104]},"properties":{"lines":"98A","color":"#0059a9","mode":"bus","arr":["98A"],"angle":12.3,"extra":1}},{"type":"Feature","geometry":{"type":"Point","coordinates":[16.480581,48.217302]},"properties":{"lines":"98A, N20","color":"#0059a9","mode":"bus","arr":["98A","N20"],"angle":10.2}},{"type":"Feature","geometry":{"type":"Point","coordinates":[16.529693,48.216127]},"properties":{"lines":"98A, 99A, 99B","color":"#0059a9","mode":"bus","arr":["98A","99A","99B"],"angle":-6.7}},{"type":"Feature","geometry":{"type":"Point","coordinates":[16.521517,48.230973]},"properties":{"lines":"99A, 99B","color":"#0059a9","mode":"bus","arr":["99A","99B"],"angle":2.7}},{"type":"Feature","geometry":{"type":"Point","coordinates":[16.532597,48.218644]},"properties":{"lines":"99A, 99B","color":"#0059a9","mode":"bus","arr":["99A","99B"],"angle":-75.5}},{"type":"Feature","geometry":{"type":"Point","coordinates":[16.534031,48.22232]},"properties":{"lines":"99A, 99B","color":"#0059a9","mode":"bus","arr":["99A","99B"],"angle":-75.3,"extra":1}},{"type":"Feature","geometry":{"type":"Point","coordinates":[16.529789,48.21285]},"properties":{"lines":"99A, 99B","color":"#0059a9","mode":"bus","arr":["99A","99B"],"angle":-71.8,"extra":1}},{"type":"Feature","geometry":{"type":"Point","coordinates":[16.521103,48.226772]},"properties":{"lines":"99A","color":"#0059a9","mode":"bus","arr":["99A"],"angle":-75.4}},{"type":"Feature","geometry":{"type":"Point","coordinates":[16.529858,48.224883]},"properties":{"lines":"99A","color":"#0059a9","mode":"bus","arr":["99A"],"angle":2.7}},{"type":"Feature","geometry":{"type":"Point","coordinates":[16.536536,48.230476]},"properties":{"lines":"99B","color":"#0059a9","mode":"bus","arr":["99B"],"angle":1.7}},{"type":"Feature","geometry":{"type":"Point","coordinates":[16.530694,48.230666]},"properties":{"lines":"99B","color":"#0059a9","mode":"bus","arr":["99B"],"angle":2.9,"extra":1}},{"type":"Feature","geometry":{"type":"Point","coordinates":[16.535119,48.22507]},"properties":{"lines":"99B","color":"#0059a9","mode":"bus","arr":["99B"],"angle":-75.4,"extra":1}},{"type":"Feature","geometry":{"type":"Point","coordinates":[16.324502,48.180302]},"properties":{"lines":"9A","color":"#0059a9","mode":"bus","arr":["9A"],"angle":6.4}},{"type":"Feature","geometry":{"type":"Point","coordinates":[16.320952,48.180328]},"properties":{"lines":"9A","color":"#0059a9","mode":"bus","arr":["9A"],"angle":-84.1}},{"type":"Feature","geometry":{"type":"Point","coordinates":[16.332396,48.17817]},"properties":{"lines":"9A","color":"#0059a9","mode":"bus","arr":["9A"],"angle":-4.3,"extra":1}},{"type":"Feature","geometry":{"type":"Point","coordinates":[16.325038,48.17858]},"properties":{"lines":"9A","color":"#0059a9","mode":"bus","arr":["9A"],"angle":7.3,"extra":1}},{"type":"Feature","geometry":{"type":"Point","coordinates":[16.329185,48.175139]},"properties":{"lines":"9A","color":"#0059a9","mode":"bus","arr":["9A"],"angle":86.7,"extra":1}},{"type":"Feature","geometry":{"type":"Point","coordinates":[16.334231,48.175858]},"properties":{"lines":"9A","color":"#0059a9","mode":"bus","arr":["9A"],"angle":78.5}},{"type":"Feature","geometry":{"type":"Point","coordinates":[16.41525,48.133366]},"properties":{"lines":"N17","color":"#0059a9","mode":"bus","arr":["N17"],"angle":39.3}},{"type":"Feature","geometry":{"type":"Point","coordinates":[16.441452,48.247775]},"properties":{"lines":"N20, N25","color":"#0059a9","mode":"bus","arr":["N20","N25"],"angle":-56.1}},{"type":"Feature","geometry":{"type":"Point","coordinates":[16.434564,48.243882]},"properties":{"lines":"N20, N25","color":"#0059a9","mode":"bus","arr":["N20","N25"],"angle":-54.1}},{"type":"Feature","geometry":{"type":"Point","coordinates":[16.378119,48.212718]},"properties":{"lines":"N25, N29, N31","color":"#0059a9","mode":"bus","arr":["N25","N29","N31"],"angle":22.9}},{"type":"Feature","geometry":{"type":"Point","coordinates":[16.383011,48.211857]},"properties":{"lines":"N25, N29","color":"#0059a9","mode":"bus","arr":["N25","N29"],"angle":-80.3}},{"type":"Feature","geometry":{"type":"Point","coordinates":[16.382909,48.213776]},"properties":{"lines":"N25","color":"#0059a9","mode":"bus","arr":["N25"],"angle":-66.7}},{"type":"Feature","geometry":{"type":"Point","coordinates":[16.388828,48.216968]},"properties":{"lines":"N25","color":"#0059a9","mode":"bus","arr":["N25"],"angle":-37.2}},{"type":"Feature","geometry":{"type":"Point","coordinates":[16.404279,48.225441]},"properties":{"lines":"N25","color":"#0059a9","mode":"bus","arr":["N25"],"angle":-38.8}},{"type":"Feature","geometry":{"type":"Point","coordinates":[16.395556,48.220725]},"properties":{"lines":"N25","color":"#0059a9","mode":"bus","arr":["N25"],"angle":-37.9,"extra":1}},{"type":"Feature","geometry":{"type":"Point","coordinates":[16.412858,48.230073]},"properties":{"lines":"N25","color":"#0059a9","mode":"bus","arr":["N25"],"angle":-39,"extra":1}},{"type":"Feature","geometry":{"type":"Point","coordinates":[16.423,48.235394]},"properties":{"lines":"N25","color":"#0059a9","mode":"bus","arr":["N25"],"angle":-39.3}},{"type":"Feature","geometry":{"type":"Point","coordinates":[16.427142,48.23777]},"properties":{"lines":"N25","color":"#0059a9","mode":"bus","arr":["N25"],"angle":-39,"extra":1}},{"type":"Feature","geometry":{"type":"Point","coordinates":[16.415992,48.231647]},"properties":{"lines":"N25","color":"#0059a9","mode":"bus","arr":["N25"],"angle":4.2,"extra":1}},{"type":"Feature","geometry":{"type":"Point","coordinates":[16.445972,48.253214]},"properties":{"lines":"N25","color":"#0059a9","mode":"bus","arr":["N25"],"angle":-63.5,"extra":1}},{"type":"Feature","geometry":{"type":"Point","coordinates":[16.460507,48.258051]},"properties":{"lines":"N25","color":"#0059a9","mode":"bus","arr":["N25"],"angle":26.4}},{"type":"Feature","geometry":{"type":"Point","coordinates":[16.443024,48.271655]},"properties":{"lines":"N25","color":"#0059a9","mode":"bus","arr":["N25"],"angle":71.7}},{"type":"Feature","geometry":{"type":"Point","coordinates":[16.373741,48.214746]},"properties":{"lines":"N25, N31","color":"#0059a9","mode":"bus","arr":["N25","N31"],"angle":67.2}},{"type":"Feature","geometry":{"type":"Point","coordinates":[16.378575,48.244272]},"properties":{"lines":"N29, N31, N8","color":"#0059a9","mode":"bus","arr":["N29","N31","N8"],"angle":-33.9}},{"type":"Feature","geometry":{"type":"Point","coordinates":[16.385487,48.247648]},"properties":{"lines":"N29, N31","color":"#0059a9","mode":"bus","arr":["N29","N31"],"angle":-33.8}},{"type":"Feature","geometry":{"type":"Point","coordinates":[16.388795,48.249241]},"properties":{"lines":"N29, N31","color":"#0059a9","mode":"bus","arr":["N29","N31"],"angle":-33.8,"extra":1}},{"type":"Feature","geometry":{"type":"Point","coordinates":[16.375787,48.24291]},"properties":{"lines":"N31, N8","color":"#0059a9","mode":"bus","arr":["N31","N8"],"angle":-33.9}},{"type":"Feature","geometry":{"type":"Point","coordinates":[16.342944,48.226547]},"properties":{"lines":"N41","color":"#0059a9","mode":"bus","arr":["N41"],"angle":7.6}},{"type":"Feature","geometry":{"type":"Point","coordinates":[16.338637,48.227515]},"properties":{"lines":"N41","color":"#0059a9","mode":"bus","arr":["N41"],"angle":18.5,"extra":1}},{"type":"Feature","geometry":{"type":"Point","coordinates":[16.330912,48.23046]},"properties":{"lines":"N41","color":"#0059a9","mode":"bus","arr":["N41"],"angle":40}},{"type":"Feature","geometry":{"type":"Point","coordinates":[16.331608,48.228942]},"properties":{"lines":"N41","color":"#0059a9","mode":"bus","arr":["N41"],"angle":27.6}},{"type":"Feature","geometry":{"type":"Point","coordinates":[16.335207,48.228754]},"properties":{"lines":"N41","color":"#0059a9","mode":"bus","arr":["N41"],"angle":-6.7}},{"type":"Feature","geometry":{"type":"Point","coordinates":[16.349489,48.223726]},"properties":{"lines":"N8","color":"#0059a9","mode":"bus","arr":["N8"],"angle":-73}},{"type":"Feature","geometry":{"type":"Point","coordinates":[16.343413,48.219612]},"properties":{"lines":"N8","color":"#0059a9","mode":"bus","arr":["N8"],"angle":-74.8,"extra":1}},{"type":"Feature","geometry":{"type":"Point","coordinates":[16.350351,48.227536]},"properties":{"lines":"N8","color":"#0059a9","mode":"bus","arr":["N8"],"angle":-81.6,"extra":1}},{"type":"Feature","geometry":{"type":"Point","coordinates":[16.384907,48.242807]},"properties":{"lines":"N8","color":"#0059a9","mode":"bus","arr":["N8"],"angle":55.5}},{"type":"Feature","geometry":{"type":"Point","coordinates":[16.388087,48.239797]},"properties":{"lines":"N8","color":"#0059a9","mode":"bus","arr":["N8"],"angle":53.6,"extra":1}},{"type":"Feature","geometry":{"type":"Point","coordinates":[16.375707,48.24299]},"properties":{"lines":"N8","color":"#0059a9","mode":"bus","arr":["N8"],"angle":-31.8}},{"type":"Feature","geometry":{"type":"Point","coordinates":[16.342606,48.219666]},"properties":{"lines":"N8","color":"#0059a9","mode":"bus","arr":["N8"],"angle":-75.4}},{"type":"Feature","geometry":{"type":"Point","coordinates":[16.338766,48.211946]},"properties":{"lines":"N8","color":"#0059a9","mode":"bus","arr":["N8"],"angle":-71.9}},{"type":"Feature","geometry":{"type":"Point","coordinates":[16.338228,48.207449]},"properties":{"lines":"N8","color":"#0059a9","mode":"bus","arr":["N8"],"angle":-67.4}},{"type":"Feature","geometry":{"type":"Point","coordinates":[16.337016,48.201713]},"properties":{"lines":"N8","color":"#0059a9","mode":"bus","arr":["N8"],"angle":83.6,"extra":1}},{"type":"Feature","geometry":{"type":"Point","coordinates":[16.339411,48.210412]},"properties":{"lines":"N8","color":"#0059a9","mode":"bus","arr":["N8"],"angle":-83.2,"extra":1}},{"type":"Feature","geometry":{"type":"Point","coordinates":[16.341323,48.215162]},"properties":{"lines":"N8","color":"#0059a9","mode":"bus","arr":["N8"],"angle":-70.2,"extra":1}},{"type":"Feature","geometry":{"type":"Point","coordinates":[16.337701,48.182547]},"properties":{"lines":"N8","color":"#0059a9","mode":"bus","arr":["N8"],"angle":60.5}},{"type":"Feature","geometry":{"type":"Point","coordinates":[16.338882,48.179049]},"properties":{"lines":"N8","color":"#0059a9","mode":"bus","arr":["N8"],"angle":-21.7}},{"type":"Feature","geometry":{"type":"Point","coordinates":[16.341104,48.216248]},"properties":{"lines":"N43, N8","color":"#0059a9","mode":"bus","arr":["N43","N8"],"angle":-70.3}},{"type":"Feature","geometry":{"type":"Point","coordinates":[16.364264,48.201177]},"properties":{"lines":"N46","color":"#0059a9","mode":"bus","arr":["N46"],"angle":23.4}},{"type":"Feature","geometry":{"type":"Point","coordinates":[16.285242,48.20536]},"properties":{"lines":"N46","color":"#0059a9","mode":"bus","arr":["N46"],"angle":-16.2}},{"type":"Feature","geometry":{"type":"Point","coordinates":[16.361831,48.202268]},"properties":{"lines":"N46","color":"#0059a9","mode":"bus","arr":["N46"],"angle":38.3}},{"type":"Feature","geometry":{"type":"Point","coordinates":[16.365806,48.199958]},"properties":{"lines":"N46","color":"#0059a9","mode":"bus","arr":["N46"],"angle":42.9,"extra":1}},{"type":"Feature","geometry":{"type":"Point","coordinates":[16.336756,48.206462]},"properties":{"lines":"N46, N8","color":"#0059a9","mode":"bus","arr":["N46","N8"],"angle":-66.9}},{"type":"Feature","geometry":{"type":"Point","coordinates":[16.338178,48.192989]},"properties":{"lines":"N6, N8","color":"#0059a9","mode":"bus","arr":["N6","N8"],"angle":-69.2}},{"type":"Feature","geometry":{"type":"Point","coordinates":[16.358573,48.180581]},"properties":{"lines":"N6","color":"#0059a9","mode":"bus","arr":["N6"],"angle":-36.7}},{"type":"Feature","geometry":{"type":"Point","coordinates":[16.339108,48.188151]},"properties":{"lines":"N6","color":"#0059a9","mode":"bus","arr":["N6"],"angle":62.6,"extra":1}},{"type":"Feature","geometry":{"type":"Point","coordinates":[16.344024,48.185554]},"properties":{"lines":"N6","color":"#0059a9","mode":"bus","arr":["N6"],"angle":60.2,"extra":1}},{"type":"Feature","geometry":{"type":"Point","coordinates":[16.347721,48.181265]},"properties":{"lines":"N6","color":"#0059a9","mode":"bus","arr":["N6"],"angle":61.6,"extra":1}},{"type":"Feature","geometry":{"type":"Point","coordinates":[16.354362,48.179793]},"properties":{"lines":"N6","color":"#0059a9","mode":"bus","arr":["N6"],"angle":-1.9,"extra":1}},{"type":"Feature","geometry":{"type":"Point","coordinates":[16.413802,48.174458]},"properties":{"lines":"N6","color":"#0059a9","mode":"bus","arr":["N6"],"angle":-87.6}},{"type":"Feature","geometry":{"type":"Point","coordinates":[16.373564,48.176958]},"properties":{"lines":"N6, N68","color":"#0059a9","mode":"bus","arr":["N6","N68"],"angle":-87.5}},{"type":"Feature","geometry":{"type":"Point","coordinates":[16.376252,48.174689]},"properties":{"lines":"N6, N65, N68","color":"#0059a9","mode":"bus","arr":["N6","N65","N68"],"angle":-84.4}},{"type":"Feature","geometry":{"type":"Point","coordinates":[16.278006,48.161447]},"properties":{"lines":"N60","color":"#0059a9","mode":"bus","arr":["N60"],"angle":-59.1}},{"type":"Feature","geometry":{"type":"Point","coordinates":[16.281955,48.165887]},"properties":{"lines":"N60","color":"#0059a9","mode":"bus","arr":["N60"],"angle":-59.1,"extra":1}},{"type":"Feature","geometry":{"type":"Point","coordinates":[16.27437,48.157387]},"properties":{"lines":"N60","color":"#0059a9","mode":"bus","arr":["N60"],"angle":-59.2,"extra":1}},{"type":"Feature","geometry":{"type":"Point","coordinates":[16.264774,48.149161]},"properties":{"lines":"N60","color":"#0059a9","mode":"bus","arr":["N60"],"angle":-82.6}},{"type":"Feature","geometry":{"type":"Point","coordinates":[16.262247,48.146319]},"properties":{"lines":"N60","color":"#0059a9","mode":"bus","arr":["N60"],"angle":84.5}},{"type":"Feature","geometry":{"type":"Point","coordinates":[16.266823,48.137495]},"properties":{"lines":"N60","color":"#0059a9","mode":"bus","arr":["N60"],"angle":-89.2}},{"type":"Feature","geometry":{"type":"Point","coordinates":[16.266201,48.133886]},"properties":{"lines":"N60","color":"#0059a9","mode":"bus","arr":["N60"],"angle":-15.8,"extra":1}},{"type":"Feature","geometry":{"type":"Point","coordinates":[16.260454,48.138444]},"properties":{"lines":"N60","color":"#0059a9","mode":"bus","arr":["N60"],"angle":-13,"extra":1}},{"type":"Feature","geometry":{"type":"Point","coordinates":[16.249874,48.137301]},"properties":{"lines":"N61","color":"#0059a9","mode":"bus","arr":["N61"],"angle":5}},{"type":"Feature","geometry":{"type":"Point","coordinates":[16.254267,48.137436]},"properties":{"lines":"N61","color":"#0059a9","mode":"bus","arr":["N61"],"angle":-15.6,"extra":1}},{"type":"Feature","geometry":{"type":"Point","coordinates":[16.237769,48.138285]},"properties":{"lines":"N61","color":"#0059a9","mode":"bus","arr":["N61"],"angle":-11.5}},{"type":"Feature","geometry":{"type":"Point","coordinates":[16.324205,48.137773]},"properties":{"lines":"N64","color":"#0059a9","mode":"bus","arr":["N64"],"angle":-0.8}},{"type":"Feature","geometry":{"type":"Point","coordinates":[16.310069,48.132955]},"properties":{"lines":"N64","color":"#0059a9","mode":"bus","arr":["N64"],"angle":-71.1}},{"type":"Feature","geometry":{"type":"Point","coordinates":[16.308494,48.130029]},"properties":{"lines":"N64","color":"#0059a9","mode":"bus","arr":["N64"],"angle":-7.7,"extra":1}},{"type":"Feature","geometry":{"type":"Point","coordinates":[16.349363,48.153415]},"properties":{"lines":"N65","color":"#0059a9","mode":"bus","arr":["N65"],"angle":-71.9}},{"type":"Feature","geometry":{"type":"Point","coordinates":[16.332999,48.159619]},"properties":{"lines":"N65","color":"#0059a9","mode":"bus","arr":["N65"],"angle":28.3}},{"type":"Feature","geometry":{"type":"Point","coordinates":[16.38242,48.157089]},"properties":{"lines":"N67","color":"#0059a9","mode":"bus","arr":["N67"],"angle":-75.4}},{"type":"Feature","geometry":{"type":"Point","coordinates":[16.358411,48.139674]},"properties":{"lines":"N67","color":"#0059a9","mode":"bus","arr":["N67"],"angle":17.3}},{"type":"Feature","geometry":{"type":"Point","coordinates":[16.357428,48.1367]},"properties":{"lines":"N67","color":"#0059a9","mode":"bus","arr":["N67"],"angle":-72,"extra":1}},{"type":"Feature","geometry":{"type":"Point","coordinates":[16.380018,48.174855]},"properties":{"lines":"N68","color":"#0059a9","mode":"bus","arr":["N68"],"angle":-82.6}},{"type":"Feature","geometry":{"type":"Point","coordinates":[16.379198,48.173396]},"properties":{"lines":"N68","color":"#0059a9","mode":"bus","arr":["N68"],"angle":-38.6}},{"type":"Feature","geometry":{"type":"Point","coordinates":[16.381473,48.20301]},"properties":{"lines":"N75","color":"#0059a9","mode":"bus","arr":["N75"],"angle":-48.1}},{"type":"Feature","geometry":{"type":"Point","coordinates":[16.382573,48.205657]},"properties":{"lines":"N75","color":"#0059a9","mode":"bus","arr":["N75"],"angle":66,"extra":1}},{"type":"Feature","geometry":{"type":"Point","coordinates":[16.41244,48.192142]},"properties":{"lines":"N75","color":"#0059a9","mode":"bus","arr":["N75"],"angle":42.3}},{"type":"Feature","geometry":{"type":"Point","coordinates":[16.395413,48.202261]},"properties":{"lines":"N75","color":"#0059a9","mode":"bus","arr":["N75"],"angle":32.8,"extra":1}},{"type":"Feature","geometry":{"type":"Point","coordinates":[16.413943,48.18796]},"properties":{"lines":"N75","color":"#0059a9","mode":"bus","arr":["N75"],"angle":-58.8,"extra":1}},{"type":"Feature","geometry":{"type":"Point","coordinates":[16.415644,48.185962]},"properties":{"lines":"N75","color":"#0059a9","mode":"bus","arr":["N75"],"angle":-56.4}},{"type":"Feature","geometry":{"type":"Point","coordinates":[16.397294,48.21792]},"properties":{"lines":"N81","color":"#0059a9","mode":"bus","arr":["N81"],"angle":-0.3}},{"type":"Feature","geometry":{"type":"Point","coordinates":[16.411596,48.217579]},"properties":{"lines":"N81","color":"#0059a9","mode":"bus","arr":["N81"],"angle":-41.8}},{"type":"Feature","geometry":{"type":"Point","coordinates":[16.433522,48.204929]},"properties":{"lines":"N81","color":"#0059a9","mode":"bus","arr":["N81"],"angle":46}},{"type":"Feature","geometry":{"type":"Point","coordinates":[16.481668,48.220713]},"properties":{"lines":"N84","color":"#0059a9","mode":"bus","arr":["N84"],"angle":-73.5}},{"type":"Feature","geometry":{"type":"Point","coordinates":[16.509738,48.224636]},"properties":{"lines":"N84","color":"#0059a9","mode":"bus","arr":["N84"],"angle":-48.4}},{"type":"Feature","geometry":{"type":"Point","coordinates":[16.442384,48.22715]},"properties":{"lines":"N90","color":"#0059a9","mode":"bus","arr":["N90"],"angle":-8.1}},{"type":"Feature","geometry":{"type":"Point","coordinates":[16.477863,48.209385]},"properties":{"lines":"N91","color":"#0059a9","mode":"bus","arr":["N91"],"angle":-72.1}},{"type":"Feature","geometry":{"type":"Point","coordinates":[16.441953,48.152767]},"properties":{"lines":"ZF","color":"#0059a9","mode":"bus","arr":["ZF"],"angle":36.2}},{"type":"Feature","geometry":{"type":"Point","coordinates":[16.445539,48.150032]},"properties":{"lines":"ZF","color":"#0059a9","mode":"bus","arr":["ZF"],"angle":-53.9,"extra":1}},{"type":"Feature","geometry":{"type":"Point","coordinates":[16.434369,48.155825]},"properties":{"lines":"ZF","color":"#0059a9","mode":"bus","arr":["ZF"],"angle":81.2,"extra":1}},{"type":"Feature","geometry":{"type":"Point","coordinates":[16.443699,48.14362]},"properties":{"lines":"ZF","color":"#0059a9","mode":"bus","arr":["ZF"],"angle":-54.2}},{"type":"Feature","geometry":{"type":"Point","coordinates":[16.441528,48.147507]},"properties":{"lines":"ZF","color":"#0059a9","mode":"bus","arr":["ZF"],"angle":36.2,"extra":1}},{"type":"Feature","geometry":{"type":"Point","coordinates":[16.447758,48.144938]},"properties":{"lines":"ZF","color":"#0059a9","mode":"bus","arr":["ZF"],"angle":10.9,"extra":1}},{"type":"Feature","geometry":{"type":"Point","coordinates":[16.45094,48.143076]},"properties":{"lines":"ZF","color":"#0059a9","mode":"bus","arr":["ZF"],"angle":-79.1,"extra":1}},{"type":"Feature","geometry":{"type":"Point","coordinates":[16.436479,48.14517]},"properties":{"lines":"ZF","color":"#0059a9","mode":"bus","arr":["ZF"],"angle":36,"extra":1}},{"type":"Feature","geometry":{"type":"Point","coordinates":[16.430483,48.148089]},"properties":{"lines":"ZF","color":"#0059a9","mode":"bus","arr":["ZF"],"angle":42.7,"extra":1}},{"type":"Feature","geometry":{"type":"Point","coordinates":[16.430347,48.151559]},"properties":{"lines":"ZF","color":"#0059a9","mode":"bus","arr":["ZF"],"angle":35.9,"extra":1}},{"type":"Feature","geometry":{"type":"Point","coordinates":[16.373419,48.208877]},"properties":{"lines":"3A","color":"#0059a9","mode":"bus","arr":["3A"],"angle":37.4}},{"type":"Feature","geometry":{"type":"Point","coordinates":[16.38456,48.206024]},"properties":{"lines":"74A, N75","color":"#0059a9","mode":"bus","arr":["74A","N75"],"angle":30.3}},{"type":"Feature","geometry":{"type":"Point","coordinates":[16.38456,48.206024]},"properties":{"lines":"74A, N75","color":"#0059a9","mode":"bus","arr":["74A","N75"],"angle":30.3}},{"type":"Feature","geometry":{"type":"Point","coordinates":[16.396653,48.205932]},"properties":{"lines":"1","color":"#d6212b","mode":"tram","arr":["1","4A","80A","N29"],"busLines":"4A, 80A, N29","angle":-7.1}},{"type":"Feature","geometry":{"type":"Point","coordinates":[16.404193,48.206722]},"properties":{"lines":"1","color":"#d6212b","mode":"tram","arr":["1","4A","80A","N29"],"busLines":"4A, 80A, N29","angle":-20.1,"extra":1}},{"type":"Feature","geometry":{"type":"Point","coordinates":[16.392449,48.208896]},"properties":{"lines":"1","color":"#d6212b","mode":"tram","arr":["1","4A","80A","N29"],"busLines":"4A, 80A, N29","angle":49.8,"extra":1}},{"type":"Feature","geometry":{"type":"Point","coordinates":[16.384687,48.211148]},"properties":{"lines":"1","color":"#d6212b","mode":"tram","arr":["1","N29"],"busLines":"N29","angle":2.3}},{"type":"Feature","geometry":{"type":"Point","coordinates":[16.382528,48.211272]},"properties":{"lines":"1","color":"#d6212b","mode":"tram","arr":["1","N25","N29"],"busLines":"N25, N29","angle":3.6}},{"type":"Feature","geometry":{"type":"Point","coordinates":[16.3742,48.21374]},"properties":{"lines":"1","color":"#d6212b","mode":"tram","arr":["1","2A","N25","N29","N31"],"busLines":"2A, N25, N29, N31","angle":55.5}},{"type":"Feature","geometry":{"type":"Point","coordinates":[16.369545,48.202254]},"properties":{"lines":"1","color":"#d6212b","mode":"tram","arr":["1","59A","N46","N62"],"busLines":"59A, N46, N62","angle":62.8}},{"type":"Feature","geometry":{"type":"Point","coordinates":[16.353895,48.172974]},"properties":{"lines":"1","color":"#d6212b","mode":"tram","arr":["1"],"angle":-57.5}},{"type":"Feature","geometry":{"type":"Point","coordinates":[16.356282,48.175451]},"properties":{"lines":"1","color":"#d6212b","mode":"tram","arr":["1"],"angle":-57.4,"extra":1}},{"type":"Feature","geometry":{"type":"Point","coordinates":[16.354696,48.168226]},"properties":{"lines":"1","color":"#d6212b","mode":"tram","arr":["1"],"angle":-81.5}},{"type":"Feature","geometry":{"type":"Point","coordinates":[16.359073,48.178967]},"properties":{"lines":"1","color":"#d6212b","mode":"tram","arr":["1"],"angle":-71}},{"type":"Feature","geometry":{"type":"Point","coordinates":[16.371347,48.201575]},"properties":{"lines":"1","color":"#d6212b","mode":"tram","arr":["1"],"angle":-71}},{"type":"Feature","geometry":{"type":"Point","coordinates":[16.396008,48.205849]},"properties":{"lines":"1","color":"#d6212b","mode":"tram","arr":["1","4A","80A","N29"],"busLines":"4A, 80A, N29","angle":-9.6}},{"type":"Feature","geometry":{"type":"Point","coordinates":[16.390994,48.209999]},"properties":{"lines":"1","color":"#d6212b","mode":"tram","arr":["1","4A","80A","N29"],"busLines":"4A, 80A, N29","angle":54.5,"extra":1}},{"type":"Feature","geometry":{"type":"Point","coordinates":[16.401978,48.20648]},"properties":{"lines":"1","color":"#d6212b","mode":"tram","arr":["1","4A","80A","N29"],"busLines":"4A, 80A, N29","angle":-7.3,"extra":1}},{"type":"Feature","geometry":{"type":"Point","coordinates":[16.354078,48.168232]},"properties":{"lines":"1","color":"#d6212b","mode":"tram","arr":["1"],"angle":82.6}},{"type":"Feature","geometry":{"type":"Point","coordinates":[16.388561,48.211089]},"properties":{"lines":"1, O","color":"#d6212b","mode":"tram","arr":["1","O","N29"],"busLines":"N29","angle":5.8}},{"type":"Feature","geometry":{"type":"Point","coordinates":[16.380206,48.21138]},"properties":{"lines":"1, 2","color":"#d6212b","mode":"tram","arr":["1","2","N25","N29"],"busLines":"N25, N29","angle":5}},{"type":"Feature","geometry":{"type":"Point","coordinates":[16.37929,48.211407]},"properties":{"lines":"1, 2","color":"#d6212b","mode":"tram","arr":["1","2"],"angle":5.9}},{"type":"Feature","geometry":{"type":"Point","coordinates":[16.368873,48.216947]},"properties":{"lines":"1, 71","color":"#d6212b","mode":"tram","arr":["1","71","3A","N25"],"busLines":"3A, N25","angle":-34.7}},{"type":"Feature","geometry":{"type":"Point","coordinates":[16.368974,48.21687]},"properties":{"lines":"1, 71","color":"#d6212b","mode":"tram","arr":["1","71","3A","N25"],"busLines":"3A, N25","angle":-34.6}},{"type":"Feature","geometry":{"type":"Point","coordinates":[16.361349,48.213074]},"properties":{"lines":"1, 71, D","color":"#d6212b","mode":"tram","arr":["1","71","D","3A","N25","N38"],"busLines":"3A, N25, N38","angle":-78.9}},{"type":"Feature","geometry":{"type":"Point","coordinates":[16.360505,48.210211]},"properties":{"lines":"1, 71, D","color":"#d6212b","mode":"tram","arr":["1","71","D","3A","N25","N38"],"busLines":"3A, N25, N38","angle":-78.9,"extra":1}},{"type":"Feature","geometry":{"type":"Point","coordinates":[16.361455,48.212907]},"properties":{"lines":"1, 71, D","color":"#d6212b","mode":"tram","arr":["1","71","D","3A","N25","N38"],"busLines":"3A, N25, N38","angle":-78.8}},{"type":"Feature","geometry":{"type":"Point","coordinates":[16.364416,48.214776]},"properties":{"lines":"1, 71, D","color":"#d6212b","mode":"tram","arr":["1","71","D","3A","N25","N38"],"busLines":"3A, N25, N38","angle":-34.7,"extra":1}},{"type":"Feature","geometry":{"type":"Point","coordinates":[16.362779,48.204571]},"properties":{"lines":"1, 2, 71, D","color":"#d6212b","mode":"tram","arr":["1","2","71","D","59A","N25","N46","N62"],"busLines":"59A, N25, N46, N62","angle":48.5}},{"type":"Feature","geometry":{"type":"Point","coordinates":[16.363752,48.203997]},"properties":{"lines":"1, 2, 71, D","color":"#d6212b","mode":"tram","arr":["1","2","71","D","N25","N71","N75"],"busLines":"N25, N71, N75","angle":45.2}},{"type":"Feature","geometry":{"type":"Point","coordinates":[16.367761,48.202818]},"properties":{"lines":"1, 2, 71, D","color":"#d6212b","mode":"tram","arr":["1","2","71","D","N25","N71","N75"],"busLines":"N25, N71, N75","angle":15.6,"extra":1}},{"type":"Feature","geometry":{"type":"Point","coordinates":[16.366789,48.19191]},"properties":{"lines":"1, 62, BB","color":"#d6212b","mode":"tram","arr":["1","62","BB","59A","N46","N62"],"busLines":"59A, N46, N62","angle":-83.9}},{"type":"Feature","geometry":{"type":"Point","coordinates":[16.368287,48.199664]},"properties":{"lines":"1, 62, BB","color":"#d6212b","mode":"tram","arr":["1","62","BB","59A","N46","N62"],"busLines":"59A, N46, N62","angle":-57.8,"extra":1}},{"type":"Feature","geometry":{"type":"Point","coordinates":[16.367027,48.19485]},"properties":{"lines":"1, 62, BB","color":"#d6212b","mode":"tram","arr":["1","62","BB","59A","N46","N62"],"busLines":"59A, N46, N62","angle":83.5,"extra":1}},{"type":"Feature","geometry":{"type":"Point","coordinates":[16.362732,48.185606]},"properties":{"lines":"1, 62, BB","color":"#d6212b","mode":"tram","arr":["1","62","BB","59A","N46","N62"],"busLines":"59A, N46, N62","angle":-61.7,"extra":1}},{"type":"Feature","geometry":{"type":"Point","coordinates":[16.369593,48.200427]},"properties":{"lines":"1, 62, BB","color":"#d6212b","mode":"tram","arr":["1","62","BB","4A","N71","N75"],"busLines":"4A, N71, N75","angle":-3.9}},{"type":"Feature","geometry":{"type":"Point","coordinates":[16.361667,48.181767]},"properties":{"lines":"1, 18, 62, BB","color":"#d6212b","mode":"tram","arr":["1","18","62","BB"],"angle":-33.1}},{"type":"Feature","geometry":{"type":"Point","coordinates":[16.359122,48.180764]},"properties":{"lines":"BB","color":"#d6212b","mode":"tram","arr":["BB","14A","N6","N62"],"busLines":"14A, N6, N62","angle":-23.9}},{"type":"Feature","geometry":{"type":"Point","coordinates":[16.370569,48.202019]},"properties":{"lines":"BB","color":"#d6212b","mode":"tram","arr":["BB","N25","N71","N75"],"busLines":"N25, N71, N75","angle":15.7}},{"type":"Feature","geometry":{"type":"Point","coordinates":[16.311767,48.074445]},"properties":{"lines":"BB","color":"#d6212b","mode":"tram","arr":["BB"],"angle":-79.7}},{"type":"Feature","geometry":{"type":"Point","coordinates":[16.33076,48.172437]},"properties":{"lines":"BB","color":"#d6212b","mode":"tram","arr":["BB"],"angle":-68.3,"extra":1}},{"type":"Feature","geometry":{"type":"Point","coordinates":[16.328357,48.167775]},"properties":{"lines":"BB","color":"#d6212b","mode":"tram","arr":["BB"],"angle":-87.3,"extra":1}},{"type":"Feature","geometry":{"type":"Point","coordinates":[16.331305,48.163631]},"properties":{"lines":"BB","color":"#d6212b","mode":"tram","arr":["BB"],"angle":44.1,"extra":1}},{"type":"Feature","geometry":{"type":"Point","coordinates":[16.335495,48.159611]},"properties":{"lines":"BB","color":"#d6212b","mode":"tram","arr":["BB"],"angle":67.1,"extra":1}},{"type":"Feature","geometry":{"type":"Point","coordinates":[16.338221,48.155011]},"properties":{"lines":"BB","color":"#d6212b","mode":"tram","arr":["BB"],"angle":69.8,"extra":1}},{"type":"Feature","geometry":{"type":"Point","coordinates":[16.335439,48.151039]},"properties":{"lines":"BB","color":"#d6212b","mode":"tram","arr":["BB"],"angle":-43,"extra":1}},{"type":"Feature","geometry":{"type":"Point","coordinates":[16.323149,48.132889]},"properties":{"lines":"BB","color":"#d6212b","mode":"tram","arr":["BB"],"angle":-68,"extra":1}},{"type":"Feature","geometry":{"type":"Point","coordinates":[16.326184,48.137402]},"properties":{"lines":"BB","color":"#d6212b","mode":"tram","arr":["BB"],"angle":-63.1,"extra":1}},{"type":"Feature","geometry":{"type":"Point","coordinates":[16.328102,48.142029]},"properties":{"lines":"BB","color":"#d6212b","mode":"tram","arr":["BB"],"angle":-76.6,"extra":1}},{"type":"Feature","geometry":{"type":"Point","coordinates":[16.331393,48.146457]},"properties":{"lines":"BB","color":"#d6212b","mode":"tram","arr":["BB"],"angle":-62.8,"extra":1}},{"type":"Feature","geometry":{"type":"Point","coordinates":[16.320604,48.128073]},"properties":{"lines":"BB","color":"#d6212b","mode":"tram","arr":["BB"],"angle":-70.3,"extra":1}},{"type":"Feature","geometry":{"type":"Point","coordinates":[16.318498,48.123342]},"properties":{"lines":"BB","color":"#d6212b","mode":"tram","arr":["BB"],"angle":-79.7,"extra":1}},{"type":"Feature","geometry":{"type":"Point","coordinates":[16.317226,48.11847]},"properties":{"lines":"BB","color":"#d6212b","mode":"tram","arr":["BB"],"angle":-81.7,"extra":1}},{"type":"Feature","geometry":{"type":"Point","coordinates":[16.316023,48.113589]},"properties":{"lines":"BB","color":"#d6212b","mode":"tram","arr":["BB"],"angle":-79.9,"extra":1}},{"type":"Feature","geometry":{"type":"Point","coordinates":[16.315535,48.108664]},"properties":{"lines":"BB","color":"#d6212b","mode":"tram","arr":["BB"],"angle":89.3,"extra":1}},{"type":"Feature","geometry":{"type":"Point","coordinates":[16.315262,48.103723]},"properties":{"lines":"BB","color":"#d6212b","mode":"tram","arr":["BB"],"angle":-87.1,"extra":1}},{"type":"Feature","geometry":{"type":"Point","coordinates":[16.314904,48.098783]},"properties":{"lines":"BB","color":"#d6212b","mode":"tram","arr":["BB"],"angle":-87.2,"extra":1}},{"type":"Feature","geometry":{"type":"Point","coordinates":[16.314535,48.093843]},"properties":{"lines":"BB","color":"#d6212b","mode":"tram","arr":["BB"],"angle":-85.8,"extra":1}},{"type":"Feature","geometry":{"type":"Point","coordinates":[16.314171,48.088903]},"properties":{"lines":"BB","color":"#d6212b","mode":"tram","arr":["BB"],"angle":-87.3,"extra":1}},{"type":"Feature","geometry":{"type":"Point","coordinates":[16.313952,48.083974]},"properties":{"lines":"BB","color":"#d6212b","mode":"tram","arr":["BB"],"angle":-84.6,"extra":1}},{"type":"Feature","geometry":{"type":"Point","coordinates":[16.313037,48.07909]},"properties":{"lines":"BB","color":"#d6212b","mode":"tram","arr":["BB"],"angle":-79.7,"extra":1}},{"type":"Feature","geometry":{"type":"Point","coordinates":[16.312227,48.069326]},"properties":{"lines":"BB","color":"#d6212b","mode":"tram","arr":["BB"],"angle":81.5,"extra":1}},{"type":"Feature","geometry":{"type":"Point","coordinates":[16.313616,48.064489]},"properties":{"lines":"BB","color":"#d6212b","mode":"tram","arr":["BB"],"angle":80.8,"extra":1}},{"type":"Feature","geometry":{"type":"Point","coordinates":[16.311767,48.059797]},"properties":{"lines":"BB","color":"#d6212b","mode":"tram","arr":["BB"],"angle":-69.5,"extra":1}},{"type":"Feature","geometry":{"type":"Point","coordinates":[16.309277,48.055141]},"properties":{"lines":"BB","color":"#d6212b","mode":"tram","arr":["BB"],"angle":-80.3,"extra":1}},{"type":"Feature","geometry":{"type":"Point","coordinates":[16.312164,48.050751]},"properties":{"lines":"BB","color":"#d6212b","mode":"tram","arr":["BB"],"angle":52.7,"extra":1}},{"type":"Feature","geometry":{"type":"Point","coordinates":[16.311609,48.046011]},"properties":{"lines":"BB","color":"#d6212b","mode":"tram","arr":["BB"],"angle":-78.9,"extra":1}},{"type":"Feature","geometry":{"type":"Point","coordinates":[16.306966,48.042515]},"properties":{"lines":"BB","color":"#d6212b","mode":"tram","arr":["BB"],"angle":-19.2,"extra":1}},{"type":"Feature","geometry":{"type":"Point","coordinates":[16.303792,48.038422]},"properties":{"lines":"BB","color":"#d6212b","mode":"tram","arr":["BB"],"angle":-77.1,"extra":1}},{"type":"Feature","geometry":{"type":"Point","coordinates":[16.302146,48.033599]},"properties":{"lines":"BB","color":"#d6212b","mode":"tram","arr":["BB"],"angle":-77.2,"extra":1}},{"type":"Feature","geometry":{"type":"Point","coordinates":[16.300503,48.028775]},"properties":{"lines":"BB","color":"#d6212b","mode":"tram","arr":["BB"],"angle":-77,"extra":1}},{"type":"Feature","geometry":{"type":"Point","coordinates":[16.298125,48.024133]},"properties":{"lines":"BB","color":"#d6212b","mode":"tram","arr":["BB"],"angle":-60.8,"extra":1}},{"type":"Feature","geometry":{"type":"Point","coordinates":[16.294502,48.019815]},"properties":{"lines":"BB","color":"#d6212b","mode":"tram","arr":["BB"],"angle":-60.8,"extra":1}},{"type":"Feature","geometry":{"type":"Point","coordinates":[16.29125,48.016008]},"properties":{"lines":"BB","color":"#d6212b","mode":"tram","arr":["BB"],"angle":-60.8,"extra":1}},{"type":"Feature","geometry":{"type":"Point","coordinates":[16.288363,48.012186]},"properties":{"lines":"BB","color":"#d6212b","mode":"tram","arr":["BB"],"angle":-64.7,"extra":1}},{"type":"Feature","geometry":{"type":"Point","coordinates":[16.284548,48.008024]},"properties":{"lines":"BB","color":"#d6212b","mode":"tram","arr":["BB"],"angle":-31.8,"extra":1}},{"type":"Feature","geometry":{"type":"Point","coordinates":[16.277469,48.007122]},"properties":{"lines":"BB","color":"#d6212b","mode":"tram","arr":["BB"],"angle":7.7,"extra":1}},{"type":"Feature","geometry":{"type":"Point","coordinates":[16.270108,48.007783]},"properties":{"lines":"BB","color":"#d6212b","mode":"tram","arr":["BB"],"angle":7.9,"extra":1}},{"type":"Feature","geometry":{"type":"Point","coordinates":[16.262749,48.00845]},"properties":{"lines":"BB","color":"#d6212b","mode":"tram","arr":["BB"],"angle":5.9,"extra":1}},{"type":"Feature","geometry":{"type":"Point","coordinates":[16.25898,48.004714]},"properties":{"lines":"BB","color":"#d6212b","mode":"tram","arr":["BB"],"angle":-71.3,"extra":1}},{"type":"Feature","geometry":{"type":"Point","coordinates":[16.256531,48.000047]},"properties":{"lines":"BB","color":"#d6212b","mode":"tram","arr":["BB"],"angle":-60.2,"extra":1}},{"type":"Feature","geometry":{"type":"Point","coordinates":[16.24681,48.001629]},"properties":{"lines":"BB","color":"#d6212b","mode":"tram","arr":["BB"],"angle":29.6,"extra":1}},{"type":"Feature","geometry":{"type":"Point","coordinates":[16.236355,48.004375]},"properties":{"lines":"BB","color":"#d6212b","mode":"tram","arr":["BB"],"angle":25.7,"extra":1}},{"type":"Feature","geometry":{"type":"Point","coordinates":[16.359083,48.179071]},"properties":{"lines":"1, 6","color":"#d6212b","mode":"tram","arr":["1","6"],"angle":-71.2}},{"type":"Feature","geometry":{"type":"Point","coordinates":[16.380874,48.196821]},"properties":{"lines":"71","color":"#d6212b","mode":"tram","arr":["71","N71"],"busLines":"N71","angle":35.1}},{"type":"Feature","geometry":{"type":"Point","coordinates":[16.384664,48.195135]},"properties":{"lines":"71","color":"#d6212b","mode":"tram","arr":["71","N71"],"busLines":"N71","angle":30,"extra":1}},{"type":"Feature","geometry":{"type":"Point","coordinates":[16.398388,48.18987]},"properties":{"lines":"71","color":"#d6212b","mode":"tram","arr":["71","74A","76A","76B","77A","N71"],"busLines":"74A, 76A, 76B, 77A, N71","angle":42.4}},{"type":"Feature","geometry":{"type":"Point","coordinates":[16.413314,48.1771]},"properties":{"lines":"71","color":"#d6212b","mode":"tram","arr":["71","74A","76A","76B","77A","N71"],"busLines":"74A, 76A, 76B, 77A, N71","angle":55,"extra":1}},{"type":"Feature","geometry":{"type":"Point","coordinates":[16.408844,48.181048]},"properties":{"lines":"71","color":"#d6212b","mode":"tram","arr":["71","74A","76A","76B","77A","N71"],"busLines":"74A, 76A, 76B, 77A, N71","angle":52.5,"extra":1}},{"type":"Feature","geometry":{"type":"Point","coordinates":[16.404261,48.184938]},"properties":{"lines":"71","color":"#d6212b","mode":"tram","arr":["71","74A","76A","76B","77A","N71"],"busLines":"74A, 76A, 76B, 77A, N71","angle":54.2,"extra":1}},{"type":"Feature","geometry":{"type":"Point","coordinates":[16.394336,48.192222]},"properties":{"lines":"71","color":"#d6212b","mode":"tram","arr":["71","74A","76A","76B","77A","N71"],"busLines":"74A, 76A, 76B, 77A, N71","angle":34.1,"extra":1}},{"type":"Feature","geometry":{"type":"Point","coordinates":[16.387631,48.194301]},"properties":{"lines":"71","color":"#d6212b","mode":"tram","arr":["71","74A","76A","76B","77A","N71"],"busLines":"74A, 76A, 76B, 77A, N71","angle":18.4,"extra":1}},{"type":"Feature","geometry":{"type":"Point","coordinates":[16.381196,48.196701]},"properties":{"lines":"71","color":"#d6212b","mode":"tram","arr":["71","74A","76A","76B","77A","N71"],"busLines":"74A, 76A, 76B, 77A, N71","angle":35.7,"extra":1}},{"type":"Feature","geometry":{"type":"Point","coordinates":[16.375479,48.199678]},"properties":{"lines":"71","color":"#d6212b","mode":"tram","arr":["71","74A","76A","76B","77A","N71"],"busLines":"74A, 76A, 76B, 77A, N71","angle":69.5,"extra":1}},{"type":"Feature","geometry":{"type":"Point","coordinates":[16.377578,48.213327]},"properties":{"lines":"2","color":"#d6212b","mode":"tram","arr":["2","N25","N29"],"busLines":"N25, N29","angle":-56.1}},{"type":"Feature","geometry":{"type":"Point","coordinates":[16.306804,48.224744]},"properties":{"lines":"2","color":"#d6212b","mode":"tram","arr":["2"],"angle":49.2}},{"type":"Feature","geometry":{"type":"Point","coordinates":[16.317094,48.216389]},"properties":{"lines":"2","color":"#d6212b","mode":"tram","arr":["2"],"angle":12.5}},{"type":"Feature","geometry":{"type":"Point","coordinates":[16.311092,48.217294]},"properties":{"lines":"2","color":"#d6212b","mode":"tram","arr":["2"],"angle":12.7,"extra":1}},{"type":"Feature","geometry":{"type":"Point","coordinates":[16.325765,48.215989]},"properties":{"lines":"2","color":"#d6212b","mode":"tram","arr":["2"],"angle":4.3,"extra":1}},{"type":"Feature","geometry":{"type":"Point","coordinates":[16.332683,48.211522]},"properties":{"lines":"2","color":"#d6212b","mode":"tram","arr":["2"],"angle":11.2}},{"type":"Feature","geometry":{"type":"Point","coordinates":[16.351971,48.209393]},"properties":{"lines":"2","color":"#d6212b","mode":"tram","arr":["2"],"angle":4.2}},{"type":"Feature","geometry":{"type":"Point","coordinates":[16.347192,48.209926]},"properties":{"lines":"2","color":"#d6212b","mode":"tram","arr":["2"],"angle":17.9,"extra":1}},{"type":"Feature","geometry":{"type":"Point","coordinates":[16.379459,48.206085]},"properties":{"lines":"2","color":"#d6212b","mode":"tram","arr":["2","3A","N25","N75"],"busLines":"3A, N25, N75","angle":-55.7}},{"type":"Feature","geometry":{"type":"Point","coordinates":[16.376422,48.203117]},"properties":{"lines":"2","color":"#d6212b","mode":"tram","arr":["2","3A","N25","N75"],"busLines":"3A, N25, N75","angle":-55.7,"extra":1}},{"type":"Feature","geometry":{"type":"Point","coordinates":[16.381202,48.219661]},"properties":{"lines":"2","color":"#d6212b","mode":"tram","arr":["2","5A","5B","N25","N29","N31"],"busLines":"5A, 5B, N25, N29, N31","angle":-72}},{"type":"Feature","geometry":{"type":"Point","coordinates":[16.377479,48.213157]},"properties":{"lines":"2","color":"#d6212b","mode":"tram","arr":["2","5A","5B","N25","N29","N31"],"busLines":"5A, 5B, N25, N29, N31","angle":-60.1,"extra":1}},{"type":"Feature","geometry":{"type":"Point","coordinates":[16.385127,48.22618]},"properties":{"lines":"2","color":"#d6212b","mode":"tram","arr":["2","5A","5B","N25","N29","N31"],"busLines":"5A, 5B, N25, N29, N31","angle":-38,"extra":1}},{"type":"Feature","geometry":{"type":"Point","coordinates":[16.377955,48.241231]},"properties":{"lines":"2","color":"#d6212b","mode":"tram","arr":["2"],"angle":-71.3}},{"type":"Feature","geometry":{"type":"Point","coordinates":[16.379432,48.243967]},"properties":{"lines":"2","color":"#d6212b","mode":"tram","arr":["2","11A","5A","N8"],"busLines":"11A, 5A, N8","angle":-59}},{"type":"Feature","geometry":{"type":"Point","coordinates":[16.379345,48.206159]},"properties":{"lines":"2","color":"#d6212b","mode":"tram","arr":["2","3A","N25","N75"],"busLines":"3A, N25, N75","angle":-55.6}},{"type":"Feature","geometry":{"type":"Point","coordinates":[16.382197,48.209035]},"properties":{"lines":"2","color":"#d6212b","mode":"tram","arr":["2","3A","N25","N75"],"busLines":"3A, N25, N75","angle":-73.5,"extra":1}},{"type":"Feature","geometry":{"type":"Point","coordinates":[16.308323,48.225998]},"properties":{"lines":"2","color":"#d6212b","mode":"tram","arr":["2","43A","44A","N43"],"busLines":"43A, 44A, N43","angle":30.2}},{"type":"Feature","geometry":{"type":"Point","coordinates":[16.307054,48.225539]},"properties":{"lines":"2, 10","color":"#d6212b","mode":"tram","arr":["2","10","43A","44B"],"busLines":"43A, 44B","angle":-65.1}},{"type":"Feature","geometry":{"type":"Point","coordinates":[16.306831,48.222507]},"properties":{"lines":"2, 10","color":"#d6212b","mode":"tram","arr":["2","10"],"angle":80.9}},{"type":"Feature","geometry":{"type":"Point","coordinates":[16.307017,48.22151]},"properties":{"lines":"10","color":"#d6212b","mode":"tram","arr":["10"],"angle":81.6}},{"type":"Feature","geometry":{"type":"Point","coordinates":[16.308374,48.226037]},"properties":{"lines":"10","color":"#d6212b","mode":"tram","arr":["10","43A","44A","N43"],"busLines":"43A, 44A, N43","angle":35.3}},{"type":"Feature","geometry":{"type":"Point","coordinates":[16.307228,48.215806]},"properties":{"lines":"10","color":"#d6212b","mode":"tram","arr":["10","46A","46B"],"busLines":"46A, 46B","angle":-81.1}},{"type":"Feature","geometry":{"type":"Point","coordinates":[16.308479,48.201789]},"properties":{"lines":"10","color":"#d6212b","mode":"tram","arr":["10"],"angle":41.3}},{"type":"Feature","geometry":{"type":"Point","coordinates":[16.307673,48.208011]},"properties":{"lines":"10","color":"#d6212b","mode":"tram","arr":["10"],"angle":12.8,"extra":1}},{"type":"Feature","geometry":{"type":"Point","coordinates":[16.311843,48.195762]},"properties":{"lines":"10","color":"#d6212b","mode":"tram","arr":["10"],"angle":-83.4,"extra":1}},{"type":"Feature","geometry":{"type":"Point","coordinates":[16.315042,48.190292]},"properties":{"lines":"10","color":"#d6212b","mode":"tram","arr":["10","10A"],"busLines":"10A","angle":-57.5}},{"type":"Feature","geometry":{"type":"Point","coordinates":[16.288669,48.187152]},"properties":{"lines":"10","color":"#d6212b","mode":"tram","arr":["10","N54","N60"],"busLines":"N54, N60","angle":2.8}},{"type":"Feature","geometry":{"type":"Point","coordinates":[16.296053,48.186879]},"properties":{"lines":"10","color":"#d6212b","mode":"tram","arr":["10","N54","N60"],"busLines":"N54, N60","angle":8.3,"extra":1}},{"type":"Feature","geometry":{"type":"Point","coordinates":[16.281825,48.186847]},"properties":{"lines":"10","color":"#d6212b","mode":"tram","arr":["10","N54","N60"],"busLines":"N54, N60","angle":-88.1,"extra":1}},{"type":"Feature","geometry":{"type":"Point","coordinates":[16.28917,48.187107]},"properties":{"lines":"10","color":"#d6212b","mode":"tram","arr":["10","N54"],"busLines":"N54","angle":3}},{"type":"Feature","geometry":{"type":"Point","coordinates":[16.28325,48.187313]},"properties":{"lines":"10","color":"#d6212b","mode":"tram","arr":["10","N54"],"busLines":"N54","angle":2.9,"extra":1}},{"type":"Feature","geometry":{"type":"Point","coordinates":[16.29804,48.18657]},"properties":{"lines":"10","color":"#d6212b","mode":"tram","arr":["10","N54"],"busLines":"N54","angle":13.1,"extra":1}},{"type":"Feature","geometry":{"type":"Point","coordinates":[16.325964,48.217725]},"properties":{"lines":"9","color":"#d6212b","mode":"tram","arr":["9"],"angle":-79.6}},{"type":"Feature","geometry":{"type":"Point","coordinates":[16.32901,48.231581]},"properties":{"lines":"9","color":"#d6212b","mode":"tram","arr":["9","N41"],"busLines":"N41","angle":38.2}},{"type":"Feature","geometry":{"type":"Point","coordinates":[16.331916,48.221671]},"properties":{"lines":"9","color":"#d6212b","mode":"tram","arr":["9"],"angle":-71.7}},{"type":"Feature","geometry":{"type":"Point","coordinates":[16.330814,48.21819]},"properties":{"lines":"9","color":"#d6212b","mode":"tram","arr":["9"],"angle":-42.6,"extra":1}},{"type":"Feature","geometry":{"type":"Point","coordinates":[16.327003,48.206359]},"properties":{"lines":"9","color":"#d6212b","mode":"tram","arr":["9"],"angle":12.8}},{"type":"Feature","geometry":{"type":"Point","coordinates":[16.326971,48.200458]},"properties":{"lines":"9","color":"#d6212b","mode":"tram","arr":["9"],"angle":75.3,"extra":1}},{"type":"Feature","geometry":{"type":"Point","coordinates":[16.325415,48.213072]},"properties":{"lines":"9","color":"#d6212b","mode":"tram","arr":["9"],"angle":-39.5,"extra":1}},{"type":"Feature","geometry":{"type":"Point","coordinates":[16.336961,48.200665]},"properties":{"lines":"9","color":"#d6212b","mode":"tram","arr":["9"],"angle":-17.8}},{"type":"Feature","geometry":{"type":"Point","coordinates":[16.339023,48.197748]},"properties":{"lines":"9","color":"#d6212b","mode":"tram","arr":["9"],"angle":52}},{"type":"Feature","geometry":{"type":"Point","coordinates":[16.337826,48.2002]},"properties":{"lines":"9","color":"#d6212b","mode":"tram","arr":["9"],"angle":76}},{"type":"Feature","geometry":{"type":"Point","coordinates":[16.327147,48.217384]},"properties":{"lines":"9","color":"#d6212b","mode":"tram","arr":["9"],"angle":-79.8}},{"type":"Feature","geometry":{"type":"Point","coordinates":[16.325389,48.214699]},"properties":{"lines":"2, 9","color":"#d6212b","mode":"tram","arr":["2","9"],"angle":85.1}},{"type":"Feature","geometry":{"type":"Point","coordinates":[16.326548,48.214577]},"properties":{"lines":"2, 9","color":"#d6212b","mode":"tram","arr":["2","9"],"angle":-88.9}},{"type":"Feature","geometry":{"type":"Point","coordinates":[16.340177,48.211041]},"properties":{"lines":"2, 12","color":"#d6212b","mode":"tram","arr":["2","12"],"angle":9.2}},{"type":"Feature","geometry":{"type":"Point","coordinates":[16.383235,48.2337]},"properties":{"lines":"2, 12","color":"#d6212b","mode":"tram","arr":["2","12","37A","N29"],"busLines":"37A, N29","angle":53}},{"type":"Feature","geometry":{"type":"Point","coordinates":[16.38709,48.230278]},"properties":{"lines":"2, 12","color":"#d6212b","mode":"tram","arr":["2","12","37A","N29"],"busLines":"37A, N29","angle":53.1,"extra":1}},{"type":"Feature","geometry":{"type":"Point","coordinates":[16.37817,48.238188]},"properties":{"lines":"2, 12","color":"#d6212b","mode":"tram","arr":["2","12","37A","N29"],"busLines":"37A, N29","angle":53.1,"extra":1}},{"type":"Feature","geometry":{"type":"Point","coordinates":[16.342166,48.210829]},"properties":{"lines":"2, 5, 12","color":"#d6212b","mode":"tram","arr":["2","5","12"],"angle":9.1}},{"type":"Feature","geometry":{"type":"Point","coordinates":[16.371529,48.201862]},"properties":{"lines":"2, 71, D","color":"#d6212b","mode":"tram","arr":["2","71","D","N25","N71","N75"],"busLines":"N25, N71, N75","angle":18.6}},{"type":"Feature","geometry":{"type":"Point","coordinates":[16.372587,48.20173]},"properties":{"lines":"2, 71, D","color":"#d6212b","mode":"tram","arr":["2","71","D","2A","N25","N71","N75"],"busLines":"2A, N25, N71, N75","angle":18.7}},{"type":"Feature","geometry":{"type":"Point","coordinates":[16.391645,48.218475]},"properties":{"lines":"5","color":"#d6212b","mode":"tram","arr":["5","5B","80A"],"busLines":"5B, 80A","angle":66.9}},{"type":"Feature","geometry":{"type":"Point","coordinates":[16.3809,48.22805]},"properties":{"lines":"5","color":"#d6212b","mode":"tram","arr":["5"],"angle":38.3}},{"type":"Feature","geometry":{"type":"Point","coordinates":[16.386431,48.22475]},"properties":{"lines":"5","color":"#d6212b","mode":"tram","arr":["5"],"angle":15.5,"extra":1}},{"type":"Feature","geometry":{"type":"Point","coordinates":[16.375449,48.230705]},"properties":{"lines":"5","color":"#d6212b","mode":"tram","arr":["5"],"angle":36.2,"extra":1}},{"type":"Feature","geometry":{"type":"Point","coordinates":[16.340259,48.21045]},"properties":{"lines":"5","color":"#d6212b","mode":"tram","arr":["5"],"angle":-78.5}},{"type":"Feature","geometry":{"type":"Point","coordinates":[16.340522,48.198589]},"properties":{"lines":"5","color":"#d6212b","mode":"tram","arr":["5"],"angle":-14.2}},{"type":"Feature","geometry":{"type":"Point","coordinates":[16.33971,48.205983]},"properties":{"lines":"5","color":"#d6212b","mode":"tram","arr":["5"],"angle":83.1,"extra":1}},{"type":"Feature","geometry":{"type":"Point","coordinates":[16.39059,48.219047]},"properties":{"lines":"5","color":"#d6212b","mode":"tram","arr":["5","5B","80A","N25","N81"],"busLines":"5B, 80A, N25, N81","angle":53.7}},{"type":"Feature","geometry":{"type":"Point","coordinates":[16.391756,48.217824]},"properties":{"lines":"5","color":"#d6212b","mode":"tram","arr":["5","5B","80A"],"busLines":"5B, 80A","angle":-88.8}},{"type":"Feature","geometry":{"type":"Point","coordinates":[16.390038,48.220884]},"properties":{"lines":"5, O","color":"#d6212b","mode":"tram","arr":["5","O"],"angle":82}},{"type":"Feature","geometry":{"type":"Point","coordinates":[16.363071,48.226243]},"properties":{"lines":"5, 12","color":"#d6212b","mode":"tram","arr":["5","12"],"angle":-32.7}},{"type":"Feature","geometry":{"type":"Point","coordinates":[16.367796,48.228401]},"properties":{"lines":"5, 12","color":"#d6212b","mode":"tram","arr":["5","12"],"angle":-35.5,"extra":1}},{"type":"Feature","geometry":{"type":"Point","coordinates":[16.354452,48.224689]},"properties":{"lines":"5, 12","color":"#d6212b","mode":"tram","arr":["5","12"],"angle":-24.7,"extra":1}},{"type":"Feature","geometry":{"type":"Point","coordinates":[16.351651,48.218828]},"properties":{"lines":"5, 12","color":"#d6212b","mode":"tram","arr":["5","12"],"angle":-71.5}},{"type":"Feature","geometry":{"type":"Point","coordinates":[16.351015,48.215216]},"properties":{"lines":"5, 12","color":"#d6212b","mode":"tram","arr":["5","12"],"angle":-84.6,"extra":1}},{"type":"Feature","geometry":{"type":"Point","coordinates":[16.347295,48.21318]},"properties":{"lines":"5, 12","color":"#d6212b","mode":"tram","arr":["5","12"],"angle":-3}},{"type":"Feature","geometry":{"type":"Point","coordinates":[16.343942,48.211249]},"properties":{"lines":"5, 12","color":"#d6212b","mode":"tram","arr":["5","12"],"angle":87.8,"extra":1}},{"type":"Feature","geometry":{"type":"Point","coordinates":[16.353782,48.223494]},"properties":{"lines":"5, 12, 37, 38","color":"#d6212b","mode":"tram","arr":["5","12","37","38"],"angle":-77.4}},{"type":"Feature","geometry":{"type":"Point","coordinates":[16.339706,48.209268]},"properties":{"lines":"5, 46","color":"#d6212b","mode":"tram","arr":["5","46"],"angle":-69.1}},{"type":"Feature","geometry":{"type":"Point","coordinates":[16.356722,48.21444]},"properties":{"lines":"43, 44","color":"#d6212b","mode":"tram","arr":["43","44","N43"],"busLines":"N43","angle":12.9}},{"type":"Feature","geometry":{"type":"Point","coordinates":[16.361785,48.214291]},"properties":{"lines":"43, 44","color":"#d6212b","mode":"tram","arr":["43","44","N43"],"busLines":"N43","angle":14.2,"extra":1}},{"type":"Feature","geometry":{"type":"Point","coordinates":[16.348348,48.215238]},"properties":{"lines":"43, 44","color":"#d6212b","mode":"tram","arr":["43","44","N43"],"busLines":"N43","angle":6.6}},{"type":"Feature","geometry":{"type":"Point","coordinates":[16.361388,48.213791]},"properties":{"lines":"43, 44","color":"#d6212b","mode":"tram","arr":["43","44"],"angle":17.6}},{"type":"Feature","geometry":{"type":"Point","coordinates":[16.365515,48.176158]},"properties":{"lines":"6","color":"#d6212b","mode":"tram","arr":["6","N6"],"busLines":"N6","angle":6.1}},{"type":"Feature","geometry":{"type":"Point","coordinates":[16.361202,48.176458]},"properties":{"lines":"6","color":"#d6212b","mode":"tram","arr":["6","N6"],"busLines":"N6","angle":5.8,"extra":1}},{"type":"Feature","geometry":{"type":"Point","coordinates":[16.39929,48.175322]},"properties":{"lines":"6","color":"#d6212b","mode":"tram","arr":["6"],"angle":-72.9}},{"type":"Feature","geometry":{"type":"Point","coordinates":[16.400035,48.175917]},"properties":{"lines":"6","color":"#d6212b","mode":"tram","arr":["6"],"angle":77.7}},{"type":"Feature","geometry":{"type":"Point","coordinates":[16.337314,48.201292]},"properties":{"lines":"6, 18","color":"#d6212b","mode":"tram","arr":["6","18","N8"],"busLines":"N8","angle":79}},{"type":"Feature","geometry":{"type":"Point","coordinates":[16.338925,48.196691]},"properties":{"lines":"6, 18","color":"#d6212b","mode":"tram","arr":["6","18","N54","N6","N8"],"busLines":"N54, N6, N8","angle":78.7}},{"type":"Feature","geometry":{"type":"Point","coordinates":[16.339655,48.188461]},"properties":{"lines":"6, 18","color":"#d6212b","mode":"tram","arr":["6","18","N6","N8"],"busLines":"N6, N8","angle":0.5}},{"type":"Feature","geometry":{"type":"Point","coordinates":[16.339281,48.195649]},"properties":{"lines":"6, 18","color":"#d6212b","mode":"tram","arr":["6","18","N6","N8"],"busLines":"N6, N8","angle":80.4,"extra":1}},{"type":"Feature","geometry":{"type":"Point","coordinates":[16.337868,48.190956]},"properties":{"lines":"6, 18","color":"#d6212b","mode":"tram","arr":["6","18","N6","N8"],"busLines":"N6, N8","angle":-89.5,"extra":1}},{"type":"Feature","geometry":{"type":"Point","coordinates":[16.346193,48.183914]},"properties":{"lines":"6, 18","color":"#d6212b","mode":"tram","arr":["6","18","N6","N8"],"busLines":"N6, N8","angle":57.3,"extra":1}},{"type":"Feature","geometry":{"type":"Point","coordinates":[16.33751,48.200783]},"properties":{"lines":"6, 18","color":"#d6212b","mode":"tram","arr":["6","18","N8"],"busLines":"N8","angle":79.6}},{"type":"Feature","geometry":{"type":"Point","coordinates":[16.338144,48.198993]},"properties":{"lines":"6, 9, 18","color":"#d6212b","mode":"tram","arr":["6","9","18","N8"],"busLines":"N8","angle":76}},{"type":"Feature","geometry":{"type":"Point","coordinates":[16.338269,48.19878]},"properties":{"lines":"6, 9, 18","color":"#d6212b","mode":"tram","arr":["6","9","18","N8"],"busLines":"N8","angle":75.8}},{"type":"Feature","geometry":{"type":"Point","coordinates":[16.339222,48.196435]},"properties":{"lines":"52","color":"#d6212b","mode":"tram","arr":["52"],"angle":-15.5}},{"type":"Feature","geometry":{"type":"Point","coordinates":[16.29076,48.194481]},"properties":{"lines":"52","color":"#d6212b","mode":"tram","arr":["52"],"angle":18.5}},{"type":"Feature","geometry":{"type":"Point","coordinates":[16.274552,48.197727]},"properties":{"lines":"52","color":"#d6212b","mode":"tram","arr":["52"],"angle":28.9,"extra":1}},{"type":"Feature","geometry":{"type":"Point","coordinates":[16.280989,48.195567]},"properties":{"lines":"52","color":"#d6212b","mode":"tram","arr":["52"],"angle":8,"extra":1}},{"type":"Feature","geometry":{"type":"Point","coordinates":[16.295499,48.194331]},"properties":{"lines":"52","color":"#d6212b","mode":"tram","arr":["52"],"angle":1,"extra":1}},{"type":"Feature","geometry":{"type":"Point","coordinates":[16.302786,48.19365]},"properties":{"lines":"52","color":"#d6212b","mode":"tram","arr":["52"],"angle":-6.8,"extra":1}},{"type":"Feature","geometry":{"type":"Point","coordinates":[16.310163,48.193423]},"properties":{"lines":"52","color":"#d6212b","mode":"tram","arr":["52"],"angle":9.4,"extra":1}},{"type":"Feature","geometry":{"type":"Point","coordinates":[16.328446,48.191419]},"properties":{"lines":"52, 60","color":"#d6212b","mode":"tram","arr":["52","60","N54"],"busLines":"N54","angle":-6.3}},{"type":"Feature","geometry":{"type":"Point","coordinates":[16.319194,48.190046]},"properties":{"lines":"52, 60","color":"#d6212b","mode":"tram","arr":["52","60","N54"],"busLines":"N54","angle":4.6,"extra":1}},{"type":"Feature","geometry":{"type":"Point","coordinates":[16.333162,48.192553]},"properties":{"lines":"52, 60","color":"#d6212b","mode":"tram","arr":["52","60","N54"],"busLines":"N54","angle":-55.1,"extra":1}},{"type":"Feature","geometry":{"type":"Point","coordinates":[16.338763,48.19568]},"properties":{"lines":"52, 60","color":"#d6212b","mode":"tram","arr":["52","60","N54"],"busLines":"N54","angle":-41.1,"extra":1}},{"type":"Feature","geometry":{"type":"Point","coordinates":[16.353865,48.179961]},"properties":{"lines":"6, 18, 62, BB","color":"#d6212b","mode":"tram","arr":["6","18","62","BB","N6"],"busLines":"N6","angle":6.1}},{"type":"Feature","geometry":{"type":"Point","coordinates":[16.387823,48.17414]},"properties":{"lines":"6, 11","color":"#d6212b","mode":"tram","arr":["6","11","14A","68A","68B","N6","N65","N68"],"busLines":"14A, 68A, 68B, N6, N65, N68","angle":14.6}},{"type":"Feature","geometry":{"type":"Point","coordinates":[16.377215,48.175383]},"properties":{"lines":"6, 11","color":"#d6212b","mode":"tram","arr":["6","11","14A","68A","68B","N6","N65","N68"],"busLines":"14A, 68A, 68B, N6, N65, N68","angle":5.6,"extra":1}},{"type":"Feature","geometry":{"type":"Point","coordinates":[16.396721,48.175362]},"properties":{"lines":"6, 11","color":"#d6212b","mode":"tram","arr":["6","11","14A","68A","68B","N6","N65","N68"],"busLines":"14A, 68A, 68B, N6, N65, N68","angle":16.2,"extra":1}},{"type":"Feature","geometry":{"type":"Point","coordinates":[16.359256,48.155619]},"properties":{"lines":"11","color":"#d6212b","mode":"tram","arr":["11","N65"],"busLines":"N65","angle":89.5}},{"type":"Feature","geometry":{"type":"Point","coordinates":[16.350399,48.154764]},"properties":{"lines":"11","color":"#d6212b","mode":"tram","arr":["11","N65"],"busLines":"N65","angle":-65.8,"extra":1}},{"type":"Feature","geometry":{"type":"Point","coordinates":[16.362062,48.161906]},"properties":{"lines":"11","color":"#d6212b","mode":"tram","arr":["11","N65"],"busLines":"N65","angle":-69.5,"extra":1}},{"type":"Feature","geometry":{"type":"Point","coordinates":[16.407731,48.174677]},"properties":{"lines":"11","color":"#d6212b","mode":"tram","arr":["11","69A","N6"],"busLines":"69A, N6","angle":5.4}},{"type":"Feature","geometry":{"type":"Point","coordinates":[16.403375,48.174844]},"properties":{"lines":"11","color":"#d6212b","mode":"tram","arr":["11","69A","N6"],"busLines":"69A, N6","angle":4.6,"extra":1}},{"type":"Feature","geometry":{"type":"Point","coordinates":[16.35934,48.156645]},"properties":{"lines":"11","color":"#d6212b","mode":"tram","arr":["11","N65"],"busLines":"N65","angle":-68}},{"type":"Feature","geometry":{"type":"Point","coordinates":[16.362979,48.163532]},"properties":{"lines":"11","color":"#d6212b","mode":"tram","arr":["11","N65"],"busLines":"N65","angle":-75.9,"extra":1}},{"type":"Feature","geometry":{"type":"Point","coordinates":[16.350878,48.155838]},"properties":{"lines":"11","color":"#d6212b","mode":"tram","arr":["11","N65"],"busLines":"N65","angle":-67.7,"extra":1}},{"type":"Feature","geometry":{"type":"Point","coordinates":[16.32711,48.232038]},"properties":{"lines":"9, 37, 40","color":"#d6212b","mode":"tram","arr":["9","37","40"],"angle":13.9}},{"type":"Feature","geometry":{"type":"Point","coordinates":[16.327441,48.231666]},"properties":{"lines":"9, 40","color":"#d6212b","mode":"tram","arr":["9","40"],"angle":-71.2}},{"type":"Feature","geometry":{"type":"Point","coordinates":[16.329453,48.228844]},"properties":{"lines":"9, 37, 40, 41","color":"#d6212b","mode":"tram","arr":["9","37","40","41","42A"],"busLines":"42A","angle":-75.4}},{"type":"Feature","geometry":{"type":"Point","coordinates":[16.332211,48.22602]},"properties":{"lines":"9, 37, 40, 41, 42","color":"#d6212b","mode":"tram","arr":["9","37","40","41","42"],"angle":22.8}},{"type":"Feature","geometry":{"type":"Point","coordinates":[16.328539,48.218567]},"properties":{"lines":"9, 43","color":"#d6212b","mode":"tram","arr":["9","43","N43"],"busLines":"N43","angle":23.7}},{"type":"Feature","geometry":{"type":"Point","coordinates":[16.307874,48.226322]},"properties":{"lines":"43","color":"#d6212b","mode":"tram","arr":["43","42A","43A","44A","N43"],"busLines":"42A, 43A, 44A, N43","angle":33.6}},{"type":"Feature","geometry":{"type":"Point","coordinates":[16.323572,48.220698]},"properties":{"lines":"43","color":"#d6212b","mode":"tram","arr":["43","42A","43A","44A","N43"],"busLines":"42A, 43A, 44A, N43","angle":31.2,"extra":1}},{"type":"Feature","geometry":{"type":"Point","coordinates":[16.317012,48.223013]},"properties":{"lines":"43","color":"#d6212b","mode":"tram","arr":["43","42A","43A","44A","N43"],"busLines":"42A, 43A, 44A, N43","angle":26.4,"extra":1}},{"type":"Feature","geometry":{"type":"Point","coordinates":[16.30419,48.227468]},"properties":{"lines":"43","color":"#d6212b","mode":"tram","arr":["43","42A","43A","44A","N43"],"busLines":"42A, 43A, 44A, N43","angle":24.8,"extra":1}},{"type":"Feature","geometry":{"type":"Point","coordinates":[16.298781,48.230044]},"properties":{"lines":"43","color":"#d6212b","mode":"tram","arr":["43","42A","43A","44A","N43"],"busLines":"42A, 43A, 44A, N43","angle":17,"extra":1}},{"type":"Feature","geometry":{"type":"Point","coordinates":[16.292524,48.232513]},"properties":{"lines":"43","color":"#d6212b","mode":"tram","arr":["43","42A","43A","44A","N43"],"busLines":"42A, 43A, 44A, N43","angle":36,"extra":1}},{"type":"Feature","geometry":{"type":"Point","coordinates":[16.338918,48.217606]},"properties":{"lines":"43","color":"#d6212b","mode":"tram","arr":["43","N43"],"busLines":"N43","angle":9.9}},{"type":"Feature","geometry":{"type":"Point","coordinates":[16.343546,48.2169]},"properties":{"lines":"43","color":"#d6212b","mode":"tram","arr":["43","N43"],"busLines":"N43","angle":47.8,"extra":1}},{"type":"Feature","geometry":{"type":"Point","coordinates":[16.332935,48.199578]},"properties":{"lines":"9, 49","color":"#d6212b","mode":"tram","arr":["9","49"],"angle":-22.7}},{"type":"Feature","geometry":{"type":"Point","coordinates":[16.337702,48.20148]},"properties":{"lines":"49","color":"#d6212b","mode":"tram","arr":["49"],"angle":-60.3}},{"type":"Feature","geometry":{"type":"Point","coordinates":[16.358933,48.206611]},"properties":{"lines":"49","color":"#d6212b","mode":"tram","arr":["49","48A","N46"],"busLines":"48A, N46","angle":-41.7}},{"type":"Feature","geometry":{"type":"Point","coordinates":[16.349574,48.202186]},"properties":{"lines":"49","color":"#d6212b","mode":"tram","arr":["49"],"angle":-5.4}},{"type":"Feature","geometry":{"type":"Point","coordinates":[16.356529,48.204236]},"properties":{"lines":"49","color":"#d6212b","mode":"tram","arr":["49"],"angle":85.5,"extra":1}},{"type":"Feature","geometry":{"type":"Point","coordinates":[16.34484,48.201839]},"properties":{"lines":"49","color":"#d6212b","mode":"tram","arr":["49"],"angle":-1,"extra":1}},{"type":"Feature","geometry":{"type":"Point","coordinates":[16.337647,48.201417]},"properties":{"lines":"49","color":"#d6212b","mode":"tram","arr":["49"],"angle":-69.8,"extra":1}},{"type":"Feature","geometry":{"type":"Point","coordinates":[16.300494,48.197854]},"properties":{"lines":"49","color":"#d6212b","mode":"tram","arr":["49","12A","47A","N49"],"busLines":"12A, 47A, N49","angle":-13.1}},{"type":"Feature","geometry":{"type":"Point","coordinates":[16.32523,48.197793]},"properties":{"lines":"49","color":"#d6212b","mode":"tram","arr":["49","12A","47A","N49"],"busLines":"12A, 47A, N49","angle":63.4,"extra":1}},{"type":"Feature","geometry":{"type":"Point","coordinates":[16.318654,48.199122]},"properties":{"lines":"49","color":"#d6212b","mode":"tram","arr":["49","12A","47A","N49"],"busLines":"12A, 47A, N49","angle":6.9,"extra":1}},{"type":"Feature","geometry":{"type":"Point","coordinates":[16.311237,48.199001]},"properties":{"lines":"49","color":"#d6212b","mode":"tram","arr":["49","12A","47A","N49"],"busLines":"12A, 47A, N49","angle":-0.6,"extra":1}},{"type":"Feature","geometry":{"type":"Point","coordinates":[16.289275,48.196882]},"properties":{"lines":"49","color":"#d6212b","mode":"tram","arr":["49","12A","47A","N49"],"busLines":"12A, 47A, N49","angle":-5.6,"extra":1}},{"type":"Feature","geometry":{"type":"Point","coordinates":[16.281928,48.197454]},"properties":{"lines":"49","color":"#d6212b","mode":"tram","arr":["49","12A","47A","N49"],"busLines":"12A, 47A, N49","angle":10.1,"extra":1}},{"type":"Feature","geometry":{"type":"Point","coordinates":[16.274654,48.198426]},"properties":{"lines":"49","color":"#d6212b","mode":"tram","arr":["49","12A","47A","N49"],"busLines":"12A, 47A, N49","angle":18.1,"extra":1}},{"type":"Feature","geometry":{"type":"Point","coordinates":[16.263723,48.201294]},"properties":{"lines":"49","color":"#d6212b","mode":"tram","arr":["49","47B"],"busLines":"47B","angle":20.7}},{"type":"Feature","geometry":{"type":"Point","coordinates":[16.258868,48.201844]},"properties":{"lines":"49","color":"#d6212b","mode":"tram","arr":["49","47B"],"busLines":"47B","angle":4.5,"extra":1}},{"type":"Feature","geometry":{"type":"Point","coordinates":[16.263175,48.201386]},"properties":{"lines":"49","color":"#d6212b","mode":"tram","arr":["49","47B","49A","50A","50B","N49"],"busLines":"47B, 49A, 50A, 50B, N49","angle":17.7}},{"type":"Feature","geometry":{"type":"Point","coordinates":[16.258254,48.201856]},"properties":{"lines":"49","color":"#d6212b","mode":"tram","arr":["49","47B","49A","50A","50B","N49"],"busLines":"47B, 49A, 50A, 50B, N49","angle":7.2,"extra":1}},{"type":"Feature","geometry":{"type":"Point","coordinates":[16.318246,48.21346]},"properties":{"lines":"44","color":"#d6212b","mode":"tram","arr":["44"],"angle":-5.8}},{"type":"Feature","geometry":{"type":"Point","coordinates":[16.305165,48.21369]},"properties":{"lines":"44","color":"#d6212b","mode":"tram","arr":["44","45A","46A","46B"],"busLines":"45A, 46A, 46B","angle":50}},{"type":"Feature","geometry":{"type":"Point","coordinates":[16.325645,48.213163]},"properties":{"lines":"44","color":"#d6212b","mode":"tram","arr":["44"],"angle":-1.2}},{"type":"Feature","geometry":{"type":"Point","coordinates":[16.342147,48.215216]},"properties":{"lines":"44","color":"#d6212b","mode":"tram","arr":["44"],"angle":-2.4,"extra":1}},{"type":"Feature","geometry":{"type":"Point","coordinates":[16.334801,48.214616]},"properties":{"lines":"44","color":"#d6212b","mode":"tram","arr":["44"],"angle":-9.8,"extra":1}},{"type":"Feature","geometry":{"type":"Point","coordinates":[16.320275,48.213514]},"properties":{"lines":"44","color":"#d6212b","mode":"tram","arr":["44"],"angle":-0.3,"extra":1}},{"type":"Feature","geometry":{"type":"Point","coordinates":[16.312917,48.213586]},"properties":{"lines":"44","color":"#d6212b","mode":"tram","arr":["44"],"angle":10.5,"extra":1}},{"type":"Feature","geometry":{"type":"Point","coordinates":[16.30609,48.214423]},"properties":{"lines":"44","color":"#d6212b","mode":"tram","arr":["44"],"angle":-5.3,"extra":1}},{"type":"Feature","geometry":{"type":"Point","coordinates":[16.305823,48.211246]},"properties":{"lines":"10, 46","color":"#d6212b","mode":"tram","arr":["10","46","48A","N46"],"busLines":"48A, N46","angle":-77.2}},{"type":"Feature","geometry":{"type":"Point","coordinates":[16.325688,48.210546]},"properties":{"lines":"46","color":"#d6212b","mode":"tram","arr":["46","N46"],"busLines":"N46","angle":12.8}},{"type":"Feature","geometry":{"type":"Point","coordinates":[16.315644,48.212081]},"properties":{"lines":"46","color":"#d6212b","mode":"tram","arr":["46","N46"],"busLines":"N46","angle":12.9,"extra":1}},{"type":"Feature","geometry":{"type":"Point","coordinates":[16.330122,48.209869]},"properties":{"lines":"46","color":"#d6212b","mode":"tram","arr":["46","N46"],"busLines":"N46","angle":13.3,"extra":1}},{"type":"Feature","geometry":{"type":"Point","coordinates":[16.337361,48.20876]},"properties":{"lines":"46","color":"#d6212b","mode":"tram","arr":["46","N46"],"busLines":"N46","angle":12.9,"extra":1}},{"type":"Feature","geometry":{"type":"Point","coordinates":[16.3396,48.21028]},"properties":{"lines":"46","color":"#d6212b","mode":"tram","arr":["46"],"angle":37.2}},{"type":"Feature","geometry":{"type":"Point","coordinates":[16.349191,48.206445]},"properties":{"lines":"46","color":"#d6212b","mode":"tram","arr":["46"],"angle":10.1}},{"type":"Feature","geometry":{"type":"Point","coordinates":[16.34284,48.207703]},"properties":{"lines":"46","color":"#d6212b","mode":"tram","arr":["46"],"angle":17.4,"extra":1}},{"type":"Feature","geometry":{"type":"Point","coordinates":[16.357205,48.207215]},"properties":{"lines":"46","color":"#d6212b","mode":"tram","arr":["46"],"angle":21,"extra":1}},{"type":"Feature","geometry":{"type":"Point","coordinates":[16.304039,48.208747]},"properties":{"lines":"46","color":"#d6212b","mode":"tram","arr":["46","48A","N46"],"busLines":"48A, N46","angle":71.9}},{"type":"Feature","geometry":{"type":"Point","coordinates":[16.309351,48.213044]},"properties":{"lines":"44, 46","color":"#d6212b","mode":"tram","arr":["44","46","45A","46A","46B","N46"],"busLines":"45A, 46A, 46B, N46","angle":12.9}},{"type":"Feature","geometry":{"type":"Point","coordinates":[16.315414,48.192649]},"properties":{"lines":"10, 52","color":"#d6212b","mode":"tram","arr":["10","52"],"angle":15.5}},{"type":"Feature","geometry":{"type":"Point","coordinates":[16.306773,48.18809]},"properties":{"lines":"10, 60","color":"#d6212b","mode":"tram","arr":["10","60","56A","56B","58A","58B","N54","N60"],"busLines":"56A, 56B, 58A, 58B, N54, N60","angle":4}},{"type":"Feature","geometry":{"type":"Point","coordinates":[16.312893,48.188097]},"properties":{"lines":"10, 60","color":"#d6212b","mode":"tram","arr":["10","60","56A","56B","58A","58B","N54","N60"],"busLines":"56A, 56B, 58A, 58B, N54, N60","angle":-7.3,"extra":1}},{"type":"Feature","geometry":{"type":"Point","coordinates":[16.299826,48.186311]},"properties":{"lines":"10, 60","color":"#d6212b","mode":"tram","arr":["10","60","56A","56B","58A","58B","N54","N60"],"busLines":"56A, 56B, 58A, 58B, N54, N60","angle":9.4,"extra":1}},{"type":"Feature","geometry":{"type":"Point","coordinates":[16.303684,48.187953]},"properties":{"lines":"10, 60","color":"#d6212b","mode":"tram","arr":["10","60"],"angle":-55.6}},{"type":"Feature","geometry":{"type":"Point","coordinates":[16.28484,48.180653]},"properties":{"lines":"60","color":"#d6212b","mode":"tram","arr":["60","56A","56B","N60"],"busLines":"56A, 56B, N60","angle":-56.4}},{"type":"Feature","geometry":{"type":"Point","coordinates":[16.295977,48.185195]},"properties":{"lines":"60","color":"#d6212b","mode":"tram","arr":["60","56A","56B","N60"],"busLines":"56A, 56B, N60","angle":-34.4,"extra":1}},{"type":"Feature","geometry":{"type":"Point","coordinates":[16.289891,48.18293]},"properties":{"lines":"60","color":"#d6212b","mode":"tram","arr":["60","56A","56B","N60"],"busLines":"56A, 56B, N60","angle":-6,"extra":1}},{"type":"Feature","geometry":{"type":"Point","coordinates":[16.284118,48.175277]},"properties":{"lines":"60","color":"#d6212b","mode":"tram","arr":["60","56A","56B","N60"],"busLines":"56A, 56B, N60","angle":84.5,"extra":1}},{"type":"Feature","geometry":{"type":"Point","coordinates":[16.287185,48.171318]},"properties":{"lines":"60","color":"#d6212b","mode":"tram","arr":["60","56A","56B","N60"],"busLines":"56A, 56B, N60","angle":86.9,"extra":1}},{"type":"Feature","geometry":{"type":"Point","coordinates":[16.270107,48.141815]},"properties":{"lines":"60","color":"#d6212b","mode":"tram","arr":["60"],"angle":-69.5}},{"type":"Feature","geometry":{"type":"Point","coordinates":[16.2822,48.166134]},"properties":{"lines":"60","color":"#d6212b","mode":"tram","arr":["60"],"angle":-59.1,"extra":1}},{"type":"Feature","geometry":{"type":"Point","coordinates":[16.278417,48.161878]},"properties":{"lines":"60","color":"#d6212b","mode":"tram","arr":["60"],"angle":-59.1,"extra":1}},{"type":"Feature","geometry":{"type":"Point","coordinates":[16.274611,48.15763]},"properties":{"lines":"60","color":"#d6212b","mode":"tram","arr":["60"],"angle":-59.2,"extra":1}},{"type":"Feature","geometry":{"type":"Point","coordinates":[16.270382,48.153646]},"properties":{"lines":"60","color":"#d6212b","mode":"tram","arr":["60"],"angle":-71.7,"extra":1}},{"type":"Feature","geometry":{"type":"Point","coordinates":[16.268461,48.148882]},"properties":{"lines":"60","color":"#d6212b","mode":"tram","arr":["60"],"angle":-81.3,"extra":1}},{"type":"Feature","geometry":{"type":"Point","coordinates":[16.266718,48.135001]},"properties":{"lines":"60","color":"#d6212b","mode":"tram","arr":["60"],"angle":-85.8,"extra":1}},{"type":"Feature","geometry":{"type":"Point","coordinates":[16.262669,48.132841]},"properties":{"lines":"60","color":"#d6212b","mode":"tram","arr":["60"],"angle":58.2,"extra":1}},{"type":"Feature","geometry":{"type":"Point","coordinates":[16.270058,48.144811]},"properties":{"lines":"60","color":"#d6212b","mode":"tram","arr":["60"],"angle":82.8,"extra":1}},{"type":"Feature","geometry":{"type":"Point","coordinates":[16.369201,48.169326]},"properties":{"lines":"11, O","color":"#d6212b","mode":"tram","arr":["11","O","65A","7A","N6","N65","N66","N68"],"busLines":"65A, 7A, N6, N65, N66, N68","angle":12.4}},{"type":"Feature","geometry":{"type":"Point","coordinates":[16.364098,48.168273]},"properties":{"lines":"11, O","color":"#d6212b","mode":"tram","arr":["11","O","65A","7A","N6","N65","N66","N68"],"busLines":"65A, 7A, N6, N65, N66, N68","angle":-84.5,"extra":1}},{"type":"Feature","geometry":{"type":"Point","coordinates":[16.372359,48.173007]},"properties":{"lines":"11, O","color":"#d6212b","mode":"tram","arr":["11","O","65A","7A","N6","N65","N66","N68"],"busLines":"65A, 7A, N6, N65, N66, N68","angle":-73.7,"extra":1}},{"type":"Feature","geometry":{"type":"Point","coordinates":[16.365157,48.16592]},"properties":{"lines":"O","color":"#d6212b","mode":"tram","arr":["O"],"angle":-76}},{"type":"Feature","geometry":{"type":"Point","coordinates":[16.369933,48.169194]},"properties":{"lines":"O","color":"#d6212b","mode":"tram","arr":["O","65A","7A","N6","N65","N66","N68"],"busLines":"65A, 7A, N6, N65, N66, N68","angle":12}},{"type":"Feature","geometry":{"type":"Point","coordinates":[16.37247,48.173164]},"properties":{"lines":"O","color":"#d6212b","mode":"tram","arr":["O","65A","7A","N6","N65","N66","N68"],"busLines":"65A, 7A, N6, N65, N66, N68","angle":-74.1,"extra":1}},{"type":"Feature","geometry":{"type":"Point","coordinates":[16.364164,48.168436]},"properties":{"lines":"O","color":"#d6212b","mode":"tram","arr":["O","65A","7A","N6","N65","N66","N68"],"busLines":"65A, 7A, N6, N65, N66, N68","angle":-84.5,"extra":1}},{"type":"Feature","geometry":{"type":"Point","coordinates":[16.373762,48.181806]},"properties":{"lines":"O","color":"#d6212b","mode":"tram","arr":["O"],"angle":88.2}},{"type":"Feature","geometry":{"type":"Point","coordinates":[16.373767,48.178075]},"properties":{"lines":"O","color":"#d6212b","mode":"tram","arr":["O"],"angle":-87.5,"extra":1}},{"type":"Feature","geometry":{"type":"Point","coordinates":[16.376669,48.186783]},"properties":{"lines":"O","color":"#d6212b","mode":"tram","arr":["O"],"angle":-36.3,"extra":1}},{"type":"Feature","geometry":{"type":"Point","coordinates":[16.385793,48.191361]},"properties":{"lines":"O","color":"#d6212b","mode":"tram","arr":["O"],"angle":-82.3}},{"type":"Feature","geometry":{"type":"Point","coordinates":[16.386666,48.203394]},"properties":{"lines":"O","color":"#d6212b","mode":"tram","arr":["O"],"angle":44.2}},{"type":"Feature","geometry":{"type":"Point","coordinates":[16.387112,48.197003]},"properties":{"lines":"O","color":"#d6212b","mode":"tram","arr":["O"],"angle":-78.6,"extra":1}},{"type":"Feature","geometry":{"type":"Point","coordinates":[16.38691,48.210691]},"properties":{"lines":"O","color":"#d6212b","mode":"tram","arr":["O"],"angle":-88.3,"extra":1}},{"type":"Feature","geometry":{"type":"Point","coordinates":[16.391288,48.214772]},"properties":{"lines":"O","color":"#d6212b","mode":"tram","arr":["O","5B","80A"],"busLines":"5B, 80A","angle":81.5}},{"type":"Feature","geometry":{"type":"Point","coordinates":[16.391529,48.217903]},"properties":{"lines":"O","color":"#d6212b","mode":"tram","arr":["O","5B","80A"],"busLines":"5B, 80A","angle":89.5,"extra":1}},{"type":"Feature","geometry":{"type":"Point","coordinates":[16.391625,48.21811]},"properties":{"lines":"O","color":"#d6212b","mode":"tram","arr":["O","5B","80A"],"busLines":"5B, 80A","angle":83.6}},{"type":"Feature","geometry":{"type":"Point","coordinates":[16.393083,48.224897]},"properties":{"lines":"O","color":"#d6212b","mode":"tram","arr":["O"],"angle":76.8}},{"type":"Feature","geometry":{"type":"Point","coordinates":[16.429088,48.161747]},"properties":{"lines":"11, 71","color":"#d6212b","mode":"tram","arr":["11","71","15A","69A","71E","73A","76A","76B","N6","N71"],"busLines":"15A, 69A, 71E, 73A, 76A, 76B, N6, N71","angle":53.3}},{"type":"Feature","geometry":{"type":"Point","coordinates":[16.417529,48.173028]},"properties":{"lines":"11, 71","color":"#d6212b","mode":"tram","arr":["11","71","15A","69A","71E","73A","76A","76B","N6","N71"],"busLines":"15A, 69A, 71E, 73A, 76A, 76B, N6, N71","angle":56.3,"extra":1}},{"type":"Feature","geometry":{"type":"Point","coordinates":[16.421697,48.168934]},"properties":{"lines":"11, 71","color":"#d6212b","mode":"tram","arr":["11","71","15A","69A","71E","73A","76A","76B","N6","N71"],"busLines":"15A, 69A, 71E, 73A, 76A, 76B, N6, N71","angle":54.9,"extra":1}},{"type":"Feature","geometry":{"type":"Point","coordinates":[16.425921,48.164867]},"properties":{"lines":"11, 71","color":"#d6212b","mode":"tram","arr":["11","71","15A","69A","71E","73A","76A","76B","N6","N71"],"busLines":"15A, 69A, 71E, 73A, 76A, 76B, N6, N71","angle":56.5,"extra":1}},{"type":"Feature","geometry":{"type":"Point","coordinates":[16.435803,48.157571]},"properties":{"lines":"11, 71","color":"#d6212b","mode":"tram","arr":["11","71","15A","69A","71E","73A","76A","76B","N6","N71"],"busLines":"15A, 69A, 71E, 73A, 76A, 76B, N6, N71","angle":41.4,"extra":1}},{"type":"Feature","geometry":{"type":"Point","coordinates":[16.441756,48.154617]},"properties":{"lines":"11, 71","color":"#d6212b","mode":"tram","arr":["11","71","15A","69A","71E","73A","76A","76B","N6","N71"],"busLines":"15A, 69A, 71E, 73A, 76A, 76B, N6, N71","angle":35.6,"extra":1}},{"type":"Feature","geometry":{"type":"Point","coordinates":[16.448594,48.152718]},"properties":{"lines":"11, 71","color":"#d6212b","mode":"tram","arr":["11","71","15A","69A","71E","73A","76A","76B","N6","N71"],"busLines":"15A, 69A, 71E, 73A, 76A, 76B, N6, N71","angle":22,"extra":1}},{"type":"Feature","geometry":{"type":"Point","coordinates":[16.44955,48.152463]},"properties":{"lines":"11, 71","color":"#d6212b","mode":"tram","arr":["11","71"],"angle":21.8}},{"type":"Feature","geometry":{"type":"Point","coordinates":[16.468795,48.157199]},"properties":{"lines":"11, 71","color":"#d6212b","mode":"tram","arr":["11","71"],"angle":-60.1,"extra":1}},{"type":"Feature","geometry":{"type":"Point","coordinates":[16.463878,48.154587]},"properties":{"lines":"11, 71","color":"#d6212b","mode":"tram","arr":["11","71"],"angle":14.7,"extra":1}},{"type":"Feature","geometry":{"type":"Point","coordinates":[16.456691,48.15571]},"properties":{"lines":"11, 71","color":"#d6212b","mode":"tram","arr":["11","71"],"angle":15.8,"extra":1}},{"type":"Feature","geometry":{"type":"Point","coordinates":[16.470396,48.159862]},"properties":{"lines":"11, 71","color":"#d6212b","mode":"tram","arr":["11","71"],"angle":65.8,"extra":1}},{"type":"Feature","geometry":{"type":"Point","coordinates":[16.400583,48.22517]},"properties":{"lines":"12","color":"#d6212b","mode":"tram","arr":["12"],"angle":51.4}},{"type":"Feature","geometry":{"type":"Point","coordinates":[16.405408,48.221366]},"properties":{"lines":"12","color":"#d6212b","mode":"tram","arr":["12"],"angle":49,"extra":1}},{"type":"Feature","geometry":{"type":"Point","coordinates":[16.395978,48.229007]},"properties":{"lines":"12","color":"#d6212b","mode":"tram","arr":["12"],"angle":51.7,"extra":1}},{"type":"Feature","geometry":{"type":"Point","coordinates":[16.400237,48.225419]},"properties":{"lines":"12","color":"#d6212b","mode":"tram","arr":["12"],"angle":51.7}},{"type":"Feature","geometry":{"type":"Point","coordinates":[16.395807,48.229108]},"properties":{"lines":"12","color":"#d6212b","mode":"tram","arr":["12"],"angle":51.7,"extra":1}},{"type":"Feature","geometry":{"type":"Point","coordinates":[16.405218,48.221461]},"properties":{"lines":"12","color":"#d6212b","mode":"tram","arr":["12"],"angle":49.3,"extra":1}},{"type":"Feature","geometry":{"type":"Point","coordinates":[16.390099,48.228]},"properties":{"lines":"12","color":"#d6212b","mode":"tram","arr":["12"],"angle":-7.5}},{"type":"Feature","geometry":{"type":"Point","coordinates":[16.370247,48.233074]},"properties":{"lines":"12","color":"#d6212b","mode":"tram","arr":["12","5B","N31"],"busLines":"5B, N31","angle":85.9}},{"type":"Feature","geometry":{"type":"Point","coordinates":[16.339455,48.211356]},"properties":{"lines":"12","color":"#d6212b","mode":"tram","arr":["12","N8"],"busLines":"N8","angle":84.6}},{"type":"Feature","geometry":{"type":"Point","coordinates":[16.339522,48.211048]},"properties":{"lines":"12","color":"#d6212b","mode":"tram","arr":["12"],"angle":-30.7}},{"type":"Feature","geometry":{"type":"Point","coordinates":[16.392466,48.228449]},"properties":{"lines":"12, O","color":"#d6212b","mode":"tram","arr":["12","O"],"angle":-38.4}},{"type":"Feature","geometry":{"type":"Point","coordinates":[16.373702,48.23777]},"properties":{"lines":"12, 31","color":"#d6212b","mode":"tram","arr":["12","31","N31"],"busLines":"N31","angle":-34.8}},{"type":"Feature","geometry":{"type":"Point","coordinates":[16.33885,48.211603]},"properties":{"lines":"12, 46","color":"#d6212b","mode":"tram","arr":["12","46","N8"],"busLines":"N8","angle":-86.5}},{"type":"Feature","geometry":{"type":"Point","coordinates":[16.370379,48.184867]},"properties":{"lines":"18","color":"#d6212b","mode":"tram","arr":["18"],"angle":-22.4}},{"type":"Feature","geometry":{"type":"Point","coordinates":[16.374166,48.186009]},"properties":{"lines":"18","color":"#d6212b","mode":"tram","arr":["18"],"angle":-25.4,"extra":1}},{"type":"Feature","geometry":{"type":"Point","coordinates":[16.398817,48.187832]},"properties":{"lines":"18","color":"#d6212b","mode":"tram","arr":["18"],"angle":-50.8}},{"type":"Feature","geometry":{"type":"Point","coordinates":[16.388659,48.188099]},"properties":{"lines":"18","color":"#d6212b","mode":"tram","arr":["18"],"angle":4.3,"extra":1}},{"type":"Feature","geometry":{"type":"Point","coordinates":[16.395305,48.186319]},"properties":{"lines":"18","color":"#d6212b","mode":"tram","arr":["18"],"angle":49.5,"extra":1}},{"type":"Feature","geometry":{"type":"Point","coordinates":[16.40436,48.193049]},"properties":{"lines":"18","color":"#d6212b","mode":"tram","arr":["18"],"angle":-48.8,"extra":1}},{"type":"Feature","geometry":{"type":"Point","coordinates":[16.40321,48.192125]},"properties":{"lines":"18","color":"#d6212b","mode":"tram","arr":["18"],"angle":-49.1}},{"type":"Feature","geometry":{"type":"Point","coordinates":[16.406661,48.19453]},"properties":{"lines":"18","color":"#d6212b","mode":"tram","arr":["18"],"angle":-1.8,"extra":1}},{"type":"Feature","geometry":{"type":"Point","coordinates":[16.380752,48.187913]},"properties":{"lines":"18, O","color":"#d6212b","mode":"tram","arr":["18","O"],"angle":-28}},{"type":"Feature","geometry":{"type":"Point","coordinates":[16.377691,48.19389]},"properties":{"lines":"D","color":"#d6212b","mode":"tram","arr":["D"],"angle":60.4}},{"type":"Feature","geometry":{"type":"Point","coordinates":[16.380139,48.190244]},"properties":{"lines":"D","color":"#d6212b","mode":"tram","arr":["D"],"angle":69.3,"extra":1}},{"type":"Feature","geometry":{"type":"Point","coordinates":[16.375582,48.199356]},"properties":{"lines":"D","color":"#d6212b","mode":"tram","arr":["D"],"angle":-88.5,"extra":1}},{"type":"Feature","geometry":{"type":"Point","coordinates":[16.382338,48.180267]},"properties":{"lines":"D","color":"#d6212b","mode":"tram","arr":["D"],"angle":-87.7}},{"type":"Feature","geometry":{"type":"Point","coordinates":[16.382017,48.185985]},"properties":{"lines":"D","color":"#d6212b","mode":"tram","arr":["D"],"angle":-42.2,"extra":1}},{"type":"Feature","geometry":{"type":"Point","coordinates":[16.385631,48.178199]},"properties":{"lines":"D","color":"#d6212b","mode":"tram","arr":["D"],"angle":29.9,"extra":1}},{"type":"Feature","geometry":{"type":"Point","coordinates":[16.390942,48.17656]},"properties":{"lines":"D","color":"#d6212b","mode":"tram","arr":["D"],"angle":20.6,"extra":1}},{"type":"Feature","geometry":{"type":"Point","coordinates":[16.358254,48.238146]},"properties":{"lines":"D","color":"#d6212b","mode":"tram","arr":["D","10A","37A","38A","39A","N36","N38","N8"],"busLines":"10A, 37A, 38A, 39A, N36, N38, N8","angle":-61.4}},{"type":"Feature","geometry":{"type":"Point","coordinates":[16.36484,48.217818]},"properties":{"lines":"D","color":"#d6212b","mode":"tram","arr":["D","10A","37A","38A","39A","N36","N38","N8"],"busLines":"10A, 37A, 38A, 39A, N36, N38, N8","angle":71.6,"extra":1}},{"type":"Feature","geometry":{"type":"Point","coordinates":[16.360765,48.221544]},"properties":{"lines":"D","color":"#d6212b","mode":"tram","arr":["D","10A","37A","38A","39A","N36","N38","N8"],"busLines":"10A, 37A, 38A, 39A, N36, N38, N8","angle":-80.4,"extra":1}},{"type":"Feature","geometry":{"type":"Point","coordinates":[16.36068,48.225798]},"properties":{"lines":"D","color":"#d6212b","mode":"tram","arr":["D","10A","37A","38A","39A","N36","N38","N8"],"busLines":"10A, 37A, 38A, 39A, N36, N38, N8","angle":29.5,"extra":1}},{"type":"Feature","geometry":{"type":"Point","coordinates":[16.35746,48.229701]},"properties":{"lines":"D","color":"#d6212b","mode":"tram","arr":["D","10A","37A","38A","39A","N36","N38","N8"],"busLines":"10A, 37A, 38A, 39A, N36, N38, N8","angle":75.3,"extra":1}},{"type":"Feature","geometry":{"type":"Point","coordinates":[16.356395,48.234468]},"properties":{"lines":"D","color":"#d6212b","mode":"tram","arr":["D","10A","37A","38A","39A","N36","N38","N8"],"busLines":"10A, 37A, 38A, 39A, N36, N38, N8","angle":-79.5,"extra":1}},{"type":"Feature","geometry":{"type":"Point","coordinates":[16.36157,48.243622]},"properties":{"lines":"D","color":"#d6212b","mode":"tram","arr":["D","10A","37A","38A","39A","N36","N38","N8"],"busLines":"10A, 37A, 38A, 39A, N36, N38, N8","angle":-81.9,"extra":1}},{"type":"Feature","geometry":{"type":"Point","coordinates":[16.362615,48.248511]},"properties":{"lines":"D","color":"#d6212b","mode":"tram","arr":["D","10A","37A","38A","39A","N36","N38","N8"],"busLines":"10A, 37A, 38A, 39A, N36, N38, N8","angle":-75.6,"extra":1}},{"type":"Feature","geometry":{"type":"Point","coordinates":[16.364596,48.253274]},"properties":{"lines":"D","color":"#d6212b","mode":"tram","arr":["D","10A","37A","38A","39A","N36","N38","N8"],"busLines":"10A, 37A, 38A, 39A, N36, N38, N8","angle":-69.6,"extra":1}},{"type":"Feature","geometry":{"type":"Point","coordinates":[16.36703,48.257944]},"properties":{"lines":"D","color":"#d6212b","mode":"tram","arr":["D","10A","37A","38A","39A","N36","N38","N8"],"busLines":"10A, 37A, 38A, 39A, N36, N38, N8","angle":-73.6,"extra":1}},{"type":"Feature","geometry":{"type":"Point","coordinates":[16.363299,48.25958]},"properties":{"lines":"D","color":"#d6212b","mode":"tram","arr":["D","10A","37A","38A","39A","N36","N38","N8"],"busLines":"10A, 37A, 38A, 39A, N36, N38, N8","angle":12.1,"extra":1}},{"type":"Feature","geometry":{"type":"Point","coordinates":[16.448832,48.231631]},"properties":{"lines":"25, 26","color":"#d6212b","mode":"tram","arr":["25","26","26A","27A","27B","86A","87A","93A","94A","95A","96A","N20","N25","N90"],"busLines":"26A, 27A, 27B, 86A, 87A, 93A, 94A, 95A, 96A, N20, N25, N90","angle":32.3}},{"type":"Feature","geometry":{"type":"Point","coordinates":[16.476693,48.21795]},"properties":{"lines":"25, 26","color":"#d6212b","mode":"tram","arr":["25","26","26A","27A","27B","86A","87A","93A","94A","95A","96A","N20","N25","N90"],"busLines":"26A, 27A, 27B, 86A, 87A, 93A, 94A, 95A, 96A, N20, N25, N90","angle":11.3,"extra":1}},{"type":"Feature","geometry":{"type":"Point","coordinates":[16.46941,48.21892]},"properties":{"lines":"25, 26","color":"#d6212b","mode":"tram","arr":["25","26","26A","27A","27B","86A","87A","93A","94A","95A","96A","N20","N25","N90"],"busLines":"26A, 27A, 27B, 86A, 87A, 93A, 94A, 95A, 96A, N20, N25, N90","angle":11.4,"extra":1}},{"type":"Feature","geometry":{"type":"Point","coordinates":[16.462643,48.220188]},"properties":{"lines":"25, 26","color":"#d6212b","mode":"tram","arr":["25","26","26A","27A","27B","86A","87A","93A","94A","95A","96A","N20","N25","N90"],"busLines":"26A, 27A, 27B, 86A, 87A, 93A, 94A, 95A, 96A, N20, N25, N90","angle":28.9,"extra":1}},{"type":"Feature","geometry":{"type":"Point","coordinates":[16.456781,48.223065]},"properties":{"lines":"25, 26","color":"#d6212b","mode":"tram","arr":["25","26","26A","27A","27B","86A","87A","93A","94A","95A","96A","N20","N25","N90"],"busLines":"26A, 27A, 27B, 86A, 87A, 93A, 94A, 95A, 96A, N20, N25, N90","angle":46.7,"extra":1}},{"type":"Feature","geometry":{"type":"Point","coordinates":[16.457075,48.227103]},"properties":{"lines":"25, 26","color":"#d6212b","mode":"tram","arr":["25","26","26A","27A","27B","86A","87A","93A","94A","95A","96A","N20","N25","N90"],"busLines":"26A, 27A, 27B, 86A, 87A, 93A, 94A, 95A, 96A, N20, N25, N90","angle":-62,"extra":1}},{"type":"Feature","geometry":{"type":"Point","coordinates":[16.452554,48.229871]},"properties":{"lines":"25, 26","color":"#d6212b","mode":"tram","arr":["25","26","26A","27A","27B","86A","87A","93A","94A","95A","96A","N20","N25","N90"],"busLines":"26A, 27A, 27B, 86A, 87A, 93A, 94A, 95A, 96A, N20, N25, N90","angle":34,"extra":1}},{"type":"Feature","geometry":{"type":"Point","coordinates":[16.440098,48.235246]},"properties":{"lines":"25, 26","color":"#d6212b","mode":"tram","arr":["25","26","26A","27A","27B","86A","87A","93A","94A","95A","96A","N20","N25","N90"],"busLines":"26A, 27A, 27B, 86A, 87A, 93A, 94A, 95A, 96A, N20, N25, N90","angle":31.8,"extra":1}},{"type":"Feature","geometry":{"type":"Point","coordinates":[16.433791,48.237856]},"properties":{"lines":"25, 26","color":"#d6212b","mode":"tram","arr":["25","26","26A","27A","27B","86A","87A","93A","94A","95A","96A","N20","N25","N90"],"busLines":"26A, 27A, 27B, 86A, 87A, 93A, 94A, 95A, 96A, N20, N25, N90","angle":31.8,"extra":1}},{"type":"Feature","geometry":{"type":"Point","coordinates":[16.432881,48.240813]},"properties":{"lines":"25, 26","color":"#d6212b","mode":"tram","arr":["25","26","26A","27A","27B","86A","87A","93A","94A","95A","96A","N20","N25","N90"],"busLines":"26A, 27A, 27B, 86A, 87A, 93A, 94A, 95A, 96A, N20, N25, N90","angle":-40.3,"extra":1}},{"type":"Feature","geometry":{"type":"Point","coordinates":[16.434349,48.244575]},"properties":{"lines":"25, 26","color":"#d6212b","mode":"tram","arr":["25","26","26A","27A","27B","86A","87A","93A","94A","95A","96A","N20","N25","N90"],"busLines":"26A, 27A, 27B, 86A, 87A, 93A, 94A, 95A, 96A, N20, N25, N90","angle":89.5,"extra":1}},{"type":"Feature","geometry":{"type":"Point","coordinates":[16.429979,48.247986]},"properties":{"lines":"25, 26","color":"#d6212b","mode":"tram","arr":["25","26","26A","27A","27B","86A","87A","93A","94A","95A","96A","N20","N25","N90"],"busLines":"26A, 27A, 27B, 86A, 87A, 93A, 94A, 95A, 96A, N20, N25, N90","angle":-87.7,"extra":1}},{"type":"Feature","geometry":{"type":"Point","coordinates":[16.399431,48.256966]},"properties":{"lines":"25, 26","color":"#d6212b","mode":"tram","arr":["25","26"],"angle":-64.5}},{"type":"Feature","geometry":{"type":"Point","coordinates":[16.46494,48.21949]},"properties":{"lines":"25","color":"#d6212b","mode":"tram","arr":["25","95A","N20"],"busLines":"95A, N20","angle":14.8}},{"type":"Feature","geometry":{"type":"Point","coordinates":[16.433032,48.243417]},"properties":{"lines":"25","color":"#d6212b","mode":"tram","arr":["25","26A","27A","27B","93A","94A","N20","N25"],"busLines":"26A, 27A, 27B, 93A, 94A, N20, N25","angle":-67.6}},{"type":"Feature","geometry":{"type":"Point","coordinates":[16.414354,48.253236]},"properties":{"lines":"25, 26, 27","color":"#d6212b","mode":"tram","arr":["25","26","27","27A","29A","29B","33A","N20","N30","N31"],"busLines":"27A, 29A, 29B, 33A, N20, N30, N31","angle":3.1}},{"type":"Feature","geometry":{"type":"Point","coordinates":[16.4266,48.252329]},"properties":{"lines":"25, 26, 27","color":"#d6212b","mode":"tram","arr":["25","26","27","27A","29A","29B","33A","N20","N30","N31"],"busLines":"27A, 29A, 29B, 33A, N20, N30, N31","angle":14.2,"extra":1}},{"type":"Feature","geometry":{"type":"Point","coordinates":[16.419319,48.253192]},"properties":{"lines":"25, 26, 27","color":"#d6212b","mode":"tram","arr":["25","26","27","27A","29A","29B","33A","N20","N30","N31"],"busLines":"27A, 29A, 29B, 33A, N20, N30, N31","angle":0.8,"extra":1}},{"type":"Feature","geometry":{"type":"Point","coordinates":[16.405128,48.255476]},"properties":{"lines":"25, 26, 27","color":"#d6212b","mode":"tram","arr":["25","26","27","27A","29A","29B","33A","N20","N30","N31"],"busLines":"27A, 29A, 29B, 33A, N20, N30, N31","angle":24.7,"extra":1}},{"type":"Feature","geometry":{"type":"Point","coordinates":[16.398786,48.256409]},"properties":{"lines":"25, 30, 31","color":"#d6212b","mode":"tram","arr":["25","30","31","29A","29B","33A","34A","N29","N30","N31"],"busLines":"29A, 29B, 33A, 34A, N29, N30, N31","angle":-49.1}},{"type":"Feature","geometry":{"type":"Point","coordinates":[16.398374,48.25504]},"properties":{"lines":"25, 30","color":"#d6212b","mode":"tram","arr":["25","30"],"angle":11.8}},{"type":"Feature","geometry":{"type":"Point","coordinates":[16.399097,48.255985]},"properties":{"lines":"25, 26, 30","color":"#d6212b","mode":"tram","arr":["25","26","30"],"angle":59.8}},{"type":"Feature","geometry":{"type":"Point","coordinates":[16.494894,48.238077]},"properties":{"lines":"27","color":"#d6212b","mode":"tram","arr":["27"],"angle":31}},{"type":"Feature","geometry":{"type":"Point","coordinates":[16.48638,48.240994]},"properties":{"lines":"27","color":"#d6212b","mode":"tram","arr":["27"],"angle":28.4,"extra":1}},{"type":"Feature","geometry":{"type":"Point","coordinates":[16.499686,48.236731]},"properties":{"lines":"27","color":"#d6212b","mode":"tram","arr":["27"],"angle":13.8,"extra":1}},{"type":"Feature","geometry":{"type":"Point","coordinates":[16.503955,48.233458]},"properties":{"lines":"27","color":"#d6212b","mode":"tram","arr":["27"],"angle":48.5,"extra":1}},{"type":"Feature","geometry":{"type":"Point","coordinates":[16.505878,48.233957]},"properties":{"lines":"27","color":"#d6212b","mode":"tram","arr":["27"],"angle":-3.9}},{"type":"Feature","geometry":{"type":"Point","coordinates":[16.488542,48.236671]},"properties":{"lines":"26","color":"#d6212b","mode":"tram","arr":["26","85A","95B","97A","N23","N24"],"busLines":"85A, 95B, 97A, N23, N24","angle":73.9}},{"type":"Feature","geometry":{"type":"Point","coordinates":[16.48736,48.233977]},"properties":{"lines":"26","color":"#d6212b","mode":"tram","arr":["26","85A","95B","97A","N23","N24"],"busLines":"85A, 95B, 97A, N23, N24","angle":-74,"extra":1}},{"type":"Feature","geometry":{"type":"Point","coordinates":[16.45791,48.246303]},"properties":{"lines":"26, 27","color":"#d6212b","mode":"tram","arr":["26","27"],"angle":11.4}},{"type":"Feature","geometry":{"type":"Point","coordinates":[16.480052,48.240433]},"properties":{"lines":"26, 27","color":"#d6212b","mode":"tram","arr":["26","27"],"angle":30.5,"extra":1}},{"type":"Feature","geometry":{"type":"Point","coordinates":[16.473944,48.240969]},"properties":{"lines":"26, 27","color":"#d6212b","mode":"tram","arr":["26","27"],"angle":29.8,"extra":1}},{"type":"Feature","geometry":{"type":"Point","coordinates":[16.467591,48.243517]},"properties":{"lines":"26, 27","color":"#d6212b","mode":"tram","arr":["26","27"],"angle":36.9,"extra":1}},{"type":"Feature","geometry":{"type":"Point","coordinates":[16.454223,48.247466]},"properties":{"lines":"26, 27","color":"#d6212b","mode":"tram","arr":["26","27"],"angle":36.7,"extra":1}},{"type":"Feature","geometry":{"type":"Point","coordinates":[16.447341,48.249069]},"properties":{"lines":"26, 27","color":"#d6212b","mode":"tram","arr":["26","27"],"angle":20.8,"extra":1}},{"type":"Feature","geometry":{"type":"Point","coordinates":[16.440201,48.250241]},"properties":{"lines":"26, 27","color":"#d6212b","mode":"tram","arr":["26","27"],"angle":8.2,"extra":1}},{"type":"Feature","geometry":{"type":"Point","coordinates":[16.43286,48.250993]},"properties":{"lines":"26, 27","color":"#d6212b","mode":"tram","arr":["26","27"],"angle":8.9,"extra":1}},{"type":"Feature","geometry":{"type":"Point","coordinates":[16.389018,48.275313]},"properties":{"lines":"26, 27","color":"#d6212b","mode":"tram","arr":["26","27","32A","34A","36A","36B","N20"],"busLines":"32A, 34A, 36A, 36B, N20","angle":73.1}},{"type":"Feature","geometry":{"type":"Point","coordinates":[16.396085,48.259612]},"properties":{"lines":"26, 27","color":"#d6212b","mode":"tram","arr":["26","27","32A","34A","36A","36B","N20"],"busLines":"32A, 34A, 36A, 36B, N20","angle":73.4,"extra":1}},{"type":"Feature","geometry":{"type":"Point","coordinates":[16.394013,48.264359]},"properties":{"lines":"26, 27","color":"#d6212b","mode":"tram","arr":["26","27","32A","34A","36A","36B","N20"],"busLines":"32A, 34A, 36A, 36B, N20","angle":73.4,"extra":1}},{"type":"Feature","geometry":{"type":"Point","coordinates":[16.391834,48.269087]},"properties":{"lines":"26, 27","color":"#d6212b","mode":"tram","arr":["26","27","32A","34A","36A","36B","N20"],"busLines":"32A, 34A, 36A, 36B, N20","angle":72.7,"extra":1}},{"type":"Feature","geometry":{"type":"Point","coordinates":[16.387548,48.278558]},"properties":{"lines":"26, 27","color":"#d6212b","mode":"tram","arr":["26","27","32A","34A","36A","36B","N20"],"busLines":"32A, 34A, 36A, 36B, N20","angle":73,"extra":1}},{"type":"Feature","geometry":{"type":"Point","coordinates":[16.385443,48.283302]},"properties":{"lines":"26, 27","color":"#d6212b","mode":"tram","arr":["26","27","32A","34A","36A","36B","N20"],"busLines":"32A, 34A, 36A, 36B, N20","angle":73.8,"extra":1}},{"type":"Feature","geometry":{"type":"Point","coordinates":[16.383751,48.287892]},"properties":{"lines":"26, 27","color":"#d6212b","mode":"tram","arr":["26","27","32A","34A","36A","36B","N20"],"busLines":"32A, 34A, 36A, 36B, N20","angle":-61,"extra":1}},{"type":"Feature","geometry":{"type":"Point","coordinates":[16.387467,48.291539]},"properties":{"lines":"26, 27","color":"#d6212b","mode":"tram","arr":["26","27","32A","34A","36A","36B","N20"],"busLines":"32A, 34A, 36A, 36B, N20","angle":46.7,"extra":1}},{"type":"Feature","geometry":{"type":"Point","coordinates":[16.39897,48.258072]},"properties":{"lines":"26, 27, 30, 31","color":"#d6212b","mode":"tram","arr":["26","27","30","31","33A","34A","N20","N29","N31"],"busLines":"33A, 34A, N20, N29, N31","angle":33.2}},{"type":"Feature","geometry":{"type":"Point","coordinates":[16.409958,48.278687]},"properties":{"lines":"30, 31","color":"#d6212b","mode":"tram","arr":["30","31","36A","36B","N31"],"busLines":"36A, 36B, N31","angle":-69.1}},{"type":"Feature","geometry":{"type":"Point","coordinates":[16.399418,48.260612]},"properties":{"lines":"30, 31","color":"#d6212b","mode":"tram","arr":["30","31","36A","36B","N31"],"busLines":"36A, 36B, N31","angle":-68.7,"extra":1}},{"type":"Feature","geometry":{"type":"Point","coordinates":[16.402152,48.265208]},"properties":{"lines":"30, 31","color":"#d6212b","mode":"tram","arr":["30","31","36A","36B","N31"],"busLines":"36A, 36B, N31","angle":-65.8,"extra":1}},{"type":"Feature","geometry":{"type":"Point","coordinates":[16.404846,48.269814]},"properties":{"lines":"30, 31","color":"#d6212b","mode":"tram","arr":["30","31","36A","36B","N31"],"busLines":"36A, 36B, N31","angle":-68.6,"extra":1}},{"type":"Feature","geometry":{"type":"Point","coordinates":[16.407481,48.274433]},"properties":{"lines":"30, 31","color":"#d6212b","mode":"tram","arr":["30","31","36A","36B","N31"],"busLines":"36A, 36B, N31","angle":-70.3,"extra":1}},{"type":"Feature","geometry":{"type":"Point","coordinates":[16.412666,48.283687]},"properties":{"lines":"30, 31","color":"#d6212b","mode":"tram","arr":["30","31","36A","36B","N31"],"busLines":"36A, 36B, N31","angle":-69.5,"extra":1}},{"type":"Feature","geometry":{"type":"Point","coordinates":[16.415298,48.288312]},"properties":{"lines":"30, 31","color":"#d6212b","mode":"tram","arr":["30","31","36A","36B","N31"],"busLines":"36A, 36B, N31","angle":-69.2,"extra":1}},{"type":"Feature","geometry":{"type":"Point","coordinates":[16.417952,48.292931]},"properties":{"lines":"30, 31","color":"#d6212b","mode":"tram","arr":["30","31","36A","36B","N31"],"busLines":"36A, 36B, N31","angle":-69.9,"extra":1}},{"type":"Feature","geometry":{"type":"Point","coordinates":[16.419639,48.297506]},"properties":{"lines":"30, 31","color":"#d6212b","mode":"tram","arr":["30","31","36A","36B","N31"],"busLines":"36A, 36B, N31","angle":20.4,"extra":1}},{"type":"Feature","geometry":{"type":"Point","coordinates":[16.399412,48.257089]},"properties":{"lines":"30, 31","color":"#d6212b","mode":"tram","arr":["30","31","29A","29B","34A","N29","N30","N31"],"busLines":"29A, 29B, 34A, N29, N30, N31","angle":-64.8}},{"type":"Feature","geometry":{"type":"Point","coordinates":[16.416512,48.290344]},"properties":{"lines":"30, 31","color":"#d6212b","mode":"tram","arr":["30","31","N31"],"busLines":"N31","angle":-69.1}},{"type":"Feature","geometry":{"type":"Point","coordinates":[16.41395,48.285918]},"properties":{"lines":"30, 31","color":"#d6212b","mode":"tram","arr":["30","31","N31"],"busLines":"N31","angle":-70.4,"extra":1}},{"type":"Feature","geometry":{"type":"Point","coordinates":[16.41917,48.295175]},"properties":{"lines":"30, 31","color":"#d6212b","mode":"tram","arr":["30","31","N31"],"busLines":"N31","angle":-74.5,"extra":1}},{"type":"Feature","geometry":{"type":"Point","coordinates":[16.398963,48.258043]},"properties":{"lines":"27, 30, 31","color":"#d6212b","mode":"tram","arr":["27","30","31","33A","34A","N20","N29","N31"],"busLines":"33A, 34A, N20, N29, N31","angle":34.6}},{"type":"Feature","geometry":{"type":"Point","coordinates":[16.420313,48.297786]},"properties":{"lines":"30","color":"#d6212b","mode":"tram","arr":["30"],"angle":-70.2}},{"type":"Feature","geometry":{"type":"Point","coordinates":[16.369735,48.226668]},"properties":{"lines":"31","color":"#d6212b","mode":"tram","arr":["31"],"angle":65.6}},{"type":"Feature","geometry":{"type":"Point","coordinates":[16.370373,48.218827]},"properties":{"lines":"31","color":"#d6212b","mode":"tram","arr":["31"],"angle":-50.1,"extra":1}},{"type":"Feature","geometry":{"type":"Point","coordinates":[16.375113,48.222633]},"properties":{"lines":"31","color":"#d6212b","mode":"tram","arr":["31"],"angle":-53.3,"extra":1}},{"type":"Feature","geometry":{"type":"Point","coordinates":[16.367157,48.23044]},"properties":{"lines":"31","color":"#d6212b","mode":"tram","arr":["31"],"angle":65.9,"extra":1}},{"type":"Feature","geometry":{"type":"Point","coordinates":[16.365592,48.235235]},"properties":{"lines":"31","color":"#d6212b","mode":"tram","arr":["31"],"angle":82.4,"extra":1}},{"type":"Feature","geometry":{"type":"Point","coordinates":[16.386474,48.248003]},"properties":{"lines":"31","color":"#d6212b","mode":"tram","arr":["31","11A","33A","34A","5A","N29","N31"],"busLines":"11A, 33A, 34A, 5A, N29, N31","angle":-33.2}},{"type":"Feature","geometry":{"type":"Point","coordinates":[16.378051,48.24151]},"properties":{"lines":"31","color":"#d6212b","mode":"tram","arr":["31","11A","33A","34A","5A","N29","N31"],"busLines":"11A, 33A, 34A, 5A, N29, N31","angle":-71.4,"extra":1}},{"type":"Feature","geometry":{"type":"Point","coordinates":[16.381597,48.245755]},"properties":{"lines":"31","color":"#d6212b","mode":"tram","arr":["31","11A","33A","34A","5A","N29","N31"],"busLines":"11A, 33A, 34A, 5A, N29, N31","angle":-43.4,"extra":1}},{"type":"Feature","geometry":{"type":"Point","coordinates":[16.392886,48.25188]},"properties":{"lines":"31","color":"#d6212b","mode":"tram","arr":["31","11A","33A","34A","5A","N29","N31"],"busLines":"11A, 33A, 34A, 5A, N29, N31","angle":-68.1,"extra":1}},{"type":"Feature","geometry":{"type":"Point","coordinates":[16.397449,48.255066]},"properties":{"lines":"31","color":"#d6212b","mode":"tram","arr":["31","11A","33A","34A","5A","N29","N31"],"busLines":"11A, 33A, 34A, 5A, N29, N31","angle":-60.1,"extra":1}},{"type":"Feature","geometry":{"type":"Point","coordinates":[16.420396,48.2978]},"properties":{"lines":"31","color":"#d6212b","mode":"tram","arr":["31"],"angle":-70.2}},{"type":"Feature","geometry":{"type":"Point","coordinates":[16.37106,48.216972]},"properties":{"lines":"31","color":"#d6212b","mode":"tram","arr":["31"],"angle":53.9}},{"type":"Feature","geometry":{"type":"Point","coordinates":[16.372335,48.216238]},"properties":{"lines":"31, 71","color":"#d6212b","mode":"tram","arr":["31","71"],"angle":-58.4}},{"type":"Feature","geometry":{"type":"Point","coordinates":[16.358566,48.217938]},"properties":{"lines":"38, 40, 41, 42","color":"#d6212b","mode":"tram","arr":["38","40","41","42","N38","N41","N43"],"busLines":"N38, N41, N43","angle":57.4}},{"type":"Feature","geometry":{"type":"Point","coordinates":[16.360984,48.215334]},"properties":{"lines":"38, 40, 41, 42","color":"#d6212b","mode":"tram","arr":["38","40","41","42","N38","N41","N43"],"busLines":"N38, N41, N43","angle":55.4,"extra":1}},{"type":"Feature","geometry":{"type":"Point","coordinates":[16.321048,48.23779]},"properties":{"lines":"41","color":"#d6212b","mode":"tram","arr":["41","10A","N41"],"busLines":"10A, N41","angle":23}},{"type":"Feature","geometry":{"type":"Point","coordinates":[16.327596,48.234155]},"properties":{"lines":"41","color":"#d6212b","mode":"tram","arr":["41","10A","N41"],"busLines":"10A, N41","angle":74.8,"extra":1}},{"type":"Feature","geometry":{"type":"Point","coordinates":[16.315843,48.239543]},"properties":{"lines":"41","color":"#d6212b","mode":"tram","arr":["41","10A","N41"],"busLines":"10A, N41","angle":23.3,"extra":1}},{"type":"Feature","geometry":{"type":"Point","coordinates":[16.358185,48.218384]},"properties":{"lines":"37, 38, 40, 41, 42","color":"#d6212b","mode":"tram","arr":["37","38","40","41","42","N38","N41","N43"],"busLines":"N38, N41, N43","angle":58}},{"type":"Feature","geometry":{"type":"Point","coordinates":[16.351223,48.223603]},"properties":{"lines":"40, 41, 42","color":"#d6212b","mode":"tram","arr":["40","41","42","N41"],"busLines":"N41","angle":44.1}},{"type":"Feature","geometry":{"type":"Point","coordinates":[16.354632,48.228957]},"properties":{"lines":"37, 38","color":"#d6212b","mode":"tram","arr":["37","38","N38"],"busLines":"N38","angle":82}},{"type":"Feature","geometry":{"type":"Point","coordinates":[16.354174,48.231739]},"properties":{"lines":"37, 38","color":"#d6212b","mode":"tram","arr":["37","38","N38"],"busLines":"N38","angle":71.1,"extra":1}},{"type":"Feature","geometry":{"type":"Point","coordinates":[16.341881,48.254876]},"properties":{"lines":"38","color":"#d6212b","mode":"tram","arr":["38","10A","35A","38A","39A","N35","N38"],"busLines":"10A, 35A, 38A, 39A, N35, N38","angle":59.2}},{"type":"Feature","geometry":{"type":"Point","coordinates":[16.352072,48.233804]},"properties":{"lines":"38","color":"#d6212b","mode":"tram","arr":["38","10A","35A","38A","39A","N35","N38"],"busLines":"10A, 35A, 38A, 39A, N35, N38","angle":42.9,"extra":1}},{"type":"Feature","geometry":{"type":"Point","coordinates":[16.349165,48.238078]},"properties":{"lines":"38","color":"#d6212b","mode":"tram","arr":["38","10A","35A","38A","39A","N35","N38"],"busLines":"10A, 35A, 38A, 39A, N35, N38","angle":-83.8,"extra":1}},{"type":"Feature","geometry":{"type":"Point","coordinates":[16.348326,48.242863]},"properties":{"lines":"38","color":"#d6212b","mode":"tram","arr":["38","10A","35A","38A","39A","N35","N38"],"busLines":"10A, 35A, 38A, 39A, N35, N38","angle":25.2,"extra":1}},{"type":"Feature","geometry":{"type":"Point","coordinates":[16.342713,48.245887]},"properties":{"lines":"38","color":"#d6212b","mode":"tram","arr":["38","10A","35A","38A","39A","N35","N38"],"busLines":"10A, 35A, 38A, 39A, N35, N38","angle":55.3,"extra":1}},{"type":"Feature","geometry":{"type":"Point","coordinates":[16.341366,48.250737]},"properties":{"lines":"38","color":"#d6212b","mode":"tram","arr":["38","10A","35A","38A","39A","N35","N38"],"busLines":"10A, 35A, 38A, 39A, N35, N38","angle":85.7,"extra":1}},{"type":"Feature","geometry":{"type":"Point","coordinates":[16.355498,48.242287]},"properties":{"lines":"37","color":"#d6212b","mode":"tram","arr":["37"],"angle":87.4}},{"type":"Feature","geometry":{"type":"Point","coordinates":[16.353249,48.23578]},"properties":{"lines":"37","color":"#d6212b","mode":"tram","arr":["37"],"angle":-75.4,"extra":1}},{"type":"Feature","geometry":{"type":"Point","coordinates":[16.355978,48.245395]},"properties":{"lines":"37","color":"#d6212b","mode":"tram","arr":["37"],"angle":-78.8,"extra":1}},{"type":"Feature","geometry":{"type":"Point","coordinates":[16.354992,48.250234]},"properties":{"lines":"37","color":"#d6212b","mode":"tram","arr":["37"],"angle":88.1,"extra":1}},{"type":"Feature","geometry":{"type":"Point","coordinates":[16.3572,48.25274]},"properties":{"lines":"37","color":"#d6212b","mode":"tram","arr":["37"],"angle":38.6}},{"type":"Feature","geometry":{"type":"Point","coordinates":[16.349983,48.228885]},"properties":{"lines":"37","color":"#d6212b","mode":"tram","arr":["37","35A","37A","40A","N35","N36","N8"],"busLines":"35A, 37A, 40A, N35, N36, N8","angle":-81.5}},{"type":"Feature","geometry":{"type":"Point","coordinates":[16.349343,48.226005]},"properties":{"lines":"37","color":"#d6212b","mode":"tram","arr":["37","35A","37A","40A","N35","N36","N8"],"busLines":"35A, 37A, 40A, N35, N36, N8","angle":-81.1,"extra":1}},{"type":"Feature","geometry":{"type":"Point","coordinates":[16.341895,48.222254]},"properties":{"lines":"37, 40, 41, 42","color":"#d6212b","mode":"tram","arr":["37","40","41","42"],"angle":14.7}},{"type":"Feature","geometry":{"type":"Point","coordinates":[16.346721,48.222754]},"properties":{"lines":"37, 40, 41, 42","color":"#d6212b","mode":"tram","arr":["37","40","41","42"],"angle":-21.9,"extra":1}},{"type":"Feature","geometry":{"type":"Point","coordinates":[16.319503,48.232364]},"properties":{"lines":"37, 40","color":"#d6212b","mode":"tram","arr":["37","40"],"angle":5.2}},{"type":"Feature","geometry":{"type":"Point","coordinates":[16.32181,48.232044]},"properties":{"lines":"40","color":"#d6212b","mode":"tram","arr":["40"],"angle":11.9}},{"type":"Feature","geometry":{"type":"Point","coordinates":[16.329354,48.226301]},"properties":{"lines":"42","color":"#d6212b","mode":"tram","arr":["42"],"angle":89.6}},{"type":"Feature","geometry":{"type":"Point","coordinates":[16.332009,48.226048]},"properties":{"lines":"42","color":"#d6212b","mode":"tram","arr":["42"],"angle":16}},{"type":"Feature","geometry":{"type":"Point","coordinates":[16.359567,48.206074]},"properties":{"lines":"46, 49","color":"#d6212b","mode":"tram","arr":["46","49","48A","N46"],"busLines":"48A, N46","angle":-42}},{"type":"Feature","geometry":{"type":"Point","coordinates":[16.285393,48.169411]},"properties":{"lines":"60, 62","color":"#d6212b","mode":"tram","arr":["60","62","56A","56B","N60","N62"],"busLines":"56A, 56B, N60, N62","angle":-48.6}},{"type":"Feature","geometry":{"type":"Point","coordinates":[16.311025,48.166683]},"properties":{"lines":"62","color":"#d6212b","mode":"tram","arr":["62","16A","58B","62A","63A","64B","7A","N62","N8"],"busLines":"16A, 58B, 62A, 63A, 64B, 7A, N62, N8","angle":29.5}},{"type":"Feature","geometry":{"type":"Point","coordinates":[16.290533,48.170879]},"properties":{"lines":"62","color":"#d6212b","mode":"tram","arr":["62","16A","58B","62A","63A","64B","7A","N62","N8"],"busLines":"16A, 58B, 62A, 63A, 64B, 7A, N62, N8","angle":-10.6,"extra":1}},{"type":"Feature","geometry":{"type":"Point","coordinates":[16.297909,48.170387]},"properties":{"lines":"62","color":"#d6212b","mode":"tram","arr":["62","16A","58B","62A","63A","64B","7A","N62","N8"],"busLines":"16A, 58B, 62A, 63A, 64B, 7A, N62, N8","angle":7.9,"extra":1}},{"type":"Feature","geometry":{"type":"Point","coordinates":[16.304323,48.16806]},"properties":{"lines":"62","color":"#d6212b","mode":"tram","arr":["62","16A","58B","62A","63A","64B","7A","N62","N8"],"busLines":"16A, 58B, 62A, 63A, 64B, 7A, N62, N8","angle":24.6,"extra":1}},{"type":"Feature","geometry":{"type":"Point","coordinates":[16.316849,48.16578]},"properties":{"lines":"62","color":"#d6212b","mode":"tram","arr":["62","16A","58B","62A","63A","64B","7A","N62","N8"],"busLines":"16A, 58B, 62A, 63A, 64B, 7A, N62, N8","angle":-49.5,"extra":1}},{"type":"Feature","geometry":{"type":"Point","coordinates":[16.321238,48.169766]},"properties":{"lines":"62","color":"#d6212b","mode":"tram","arr":["62","16A","58B","62A","63A","64B","7A","N62","N8"],"busLines":"16A, 58B, 62A, 63A, 64B, 7A, N62, N8","angle":-51.8,"extra":1}},{"type":"Feature","geometry":{"type":"Point","coordinates":[16.327457,48.172293]},"properties":{"lines":"62","color":"#d6212b","mode":"tram","arr":["62","16A","58B","62A","63A","64B","7A","N62","N8"],"busLines":"16A, 58B, 62A, 63A, 64B, 7A, N62, N8","angle":-17.7,"extra":1}},{"type":"Feature","geometry":{"type":"Point","coordinates":[16.370553,48.201964]},"properties":{"lines":"62","color":"#d6212b","mode":"tram","arr":["62"],"angle":15.7}},{"type":"Feature","geometry":{"type":"Point","coordinates":[16.311767,48.166438]},"properties":{"lines":"62","color":"#d6212b","mode":"tram","arr":["62","16A","58B","62A","63A","64B","7A","N62","N8"],"busLines":"16A, 58B, 62A, 63A, 64B, 7A, N62, N8","angle":26.9}},{"type":"Feature","geometry":{"type":"Point","coordinates":[16.328248,48.172564]},"properties":{"lines":"62","color":"#d6212b","mode":"tram","arr":["62","16A","58B","62A","63A","64B","7A","N62","N8"],"busLines":"16A, 58B, 62A, 63A, 64B, 7A, N62, N8","angle":-31.7,"extra":1}},{"type":"Feature","geometry":{"type":"Point","coordinates":[16.321823,48.17023]},"properties":{"lines":"62","color":"#d6212b","mode":"tram","arr":["62","16A","58B","62A","63A","64B","7A","N62","N8"],"busLines":"16A, 58B, 62A, 63A, 64B, 7A, N62, N8","angle":-43.2,"extra":1}},{"type":"Feature","geometry":{"type":"Point","coordinates":[16.3174,48.166264]},"properties":{"lines":"62","color":"#d6212b","mode":"tram","arr":["62","16A","58B","62A","63A","64B","7A","N62","N8"],"busLines":"16A, 58B, 62A, 63A, 64B, 7A, N62, N8","angle":-51.2,"extra":1}},{"type":"Feature","geometry":{"type":"Point","coordinates":[16.305132,48.167859]},"properties":{"lines":"62","color":"#d6212b","mode":"tram","arr":["62","16A","58B","62A","63A","64B","7A","N62","N8"],"busLines":"16A, 58B, 62A, 63A, 64B, 7A, N62, N8","angle":22.5,"extra":1}},{"type":"Feature","geometry":{"type":"Point","coordinates":[16.298779,48.17033]},"properties":{"lines":"62","color":"#d6212b","mode":"tram","arr":["62","16A","58B","62A","63A","64B","7A","N62","N8"],"busLines":"16A, 58B, 62A, 63A, 64B, 7A, N62, N8","angle":9.7,"extra":1}},{"type":"Feature","geometry":{"type":"Point","coordinates":[16.291409,48.170935]},"properties":{"lines":"62","color":"#d6212b","mode":"tram","arr":["62","16A","58B","62A","63A","64B","7A","N62","N8"],"busLines":"16A, 58B, 62A, 63A, 64B, 7A, N62, N8","angle":3.6,"extra":1}},{"type":"Feature","geometry":{"type":"Point","coordinates":[16.277576,48.17053]},"properties":{"lines":"62","color":"#d6212b","mode":"tram","arr":["62"],"angle":64.9}},{"type":"Feature","geometry":{"type":"Point","coordinates":[16.280532,48.168386]},"properties":{"lines":"62","color":"#d6212b","mode":"tram","arr":["62"],"angle":23.1,"extra":1}},{"type":"Feature","geometry":{"type":"Point","coordinates":[16.338063,48.178004]},"properties":{"lines":"62, BB","color":"#d6212b","mode":"tram","arr":["62","BB"],"angle":72.1}},{"type":"Feature","geometry":{"type":"Point","coordinates":[16.345858,48.180908]},"properties":{"lines":"62, BB","color":"#d6212b","mode":"tram","arr":["62","BB"],"angle":-22,"extra":1}},{"type":"Feature","geometry":{"type":"Point","coordinates":[16.329895,48.174085]},"properties":{"lines":"62, BB","color":"#d6212b","mode":"tram","arr":["62","BB"],"angle":-65.9,"extra":1}},{"type":"Feature","geometry":{"type":"Point","coordinates":[16.3357,48.175666]},"properties":{"lines":"62, BB","color":"#d6212b","mode":"tram","arr":["62","BB","59A","62A","8A","9A","N8"],"busLines":"59A, 62A, 8A, 9A, N8","angle":-87.5}},{"type":"Feature","geometry":{"type":"Point","coordinates":[16.331019,48.174485]},"properties":{"lines":"62, BB","color":"#d6212b","mode":"tram","arr":["62","BB","59A","62A","8A","9A","N8"],"busLines":"59A, 62A, 8A, 9A, N8","angle":-16.9,"extra":1}},{"type":"Feature","geometry":{"type":"Point","coordinates":[16.371219,48.201512]},"properties":{"lines":"62, BB","color":"#d6212b","mode":"tram","arr":["62","BB"],"angle":-78}},{"type":"Feature","geometry":{"type":"Point","coordinates":[16.374808,48.200475]},"properties":{"lines":"71, D","color":"#d6212b","mode":"tram","arr":["71","D"],"angle":69.5}},{"type":"Feature","geometry":{"type":"Point","coordinates":[16.374782,48.200894]},"properties":{"lines":"71, D","color":"#d6212b","mode":"tram","arr":["71","D","N71"],"busLines":"N71","angle":69.2}},{"type":"Feature","geometry":{"type":"Point","coordinates":[16.383119,48.214036]},"properties":{"lines":"U1","color":"#E3000F","mode":"tram","arr":["U1"],"metro":1,"angle":-39.4}},{"type":"Feature","geometry":{"type":"Point","coordinates":[16.39637,48.143123]},"properties":{"lines":"U1","color":"#E3000F","mode":"tram","arr":["U1"],"metro":1,"angle":17.2,"extra":1}},{"type":"Feature","geometry":{"type":"Point","coordinates":[16.389416,48.144859]},"properties":{"lines":"U1","color":"#E3000F","mode":"tram","arr":["U1"],"metro":1,"angle":21.9,"extra":1}},{"type":"Feature","geometry":{"type":"Point","coordinates":[16.383018,48.147121]},"properties":{"lines":"U1","color":"#E3000F","mode":"tram","arr":["U1"],"metro":1,"angle":64,"extra":1}},{"type":"Feature","geometry":{"type":"Point","coordinates":[16.382564,48.152023]},"properties":{"lines":"U1","color":"#E3000F","mode":"tram","arr":["U1"],"metro":1,"angle":88.3,"extra":1}},{"type":"Feature","geometry":{"type":"Point","coordinates":[16.382681,48.15694]},"properties":{"lines":"U1","color":"#E3000F","mode":"tram","arr":["U1"],"metro":1,"angle":-74.7,"extra":1}},{"type":"Feature","geometry":{"type":"Point","coordinates":[16.383682,48.161759]},"properties":{"lines":"U1","color":"#E3000F","mode":"tram","arr":["U1"],"metro":1,"angle":75.1,"extra":1}},{"type":"Feature","geometry":{"type":"Point","coordinates":[16.381532,48.166489]},"properties":{"lines":"U1","color":"#E3000F","mode":"tram","arr":["U1"],"metro":1,"angle":74.5,"extra":1}},{"type":"Feature","geometry":{"type":"Point","coordinates":[16.379521,48.171251]},"properties":{"lines":"U1","color":"#E3000F","mode":"tram","arr":["U1"],"metro":1,"angle":74.5,"extra":1}},{"type":"Feature","geometry":{"type":"Point","coordinates":[16.377515,48.176013]},"properties":{"lines":"U1","color":"#E3000F","mode":"tram","arr":["U1"],"metro":1,"angle":72.1,"extra":1}},{"type":"Feature","geometry":{"type":"Point","coordinates":[16.375571,48.180785]},"properties":{"lines":"U1","color":"#E3000F","mode":"tram","arr":["U1"],"metro":1,"angle":73.2,"extra":1}},{"type":"Feature","geometry":{"type":"Point","coordinates":[16.374059,48.185617]},"properties":{"lines":"U1","color":"#E3000F","mode":"tram","arr":["U1"],"metro":1,"angle":85.1,"extra":1}},{"type":"Feature","geometry":{"type":"Point","coordinates":[16.371891,48.19033]},"properties":{"lines":"U1","color":"#E3000F","mode":"tram","arr":["U1"],"metro":1,"angle":69.2,"extra":1}},{"type":"Feature","geometry":{"type":"Point","coordinates":[16.369672,48.195035]},"properties":{"lines":"U1","color":"#E3000F","mode":"tram","arr":["U1"],"metro":1,"angle":60.4,"extra":1}},{"type":"Feature","geometry":{"type":"Point","coordinates":[16.36829,48.199669]},"properties":{"lines":"U1","color":"#E3000F","mode":"tram","arr":["U1"],"metro":1,"angle":-74.5,"extra":1}},{"type":"Feature","geometry":{"type":"Point","coordinates":[16.37053,48.204378]},"properties":{"lines":"U1","color":"#E3000F","mode":"tram","arr":["U1"],"metro":1,"angle":-83.1,"extra":1}},{"type":"Feature","geometry":{"type":"Point","coordinates":[16.372709,48.208954]},"properties":{"lines":"U1","color":"#E3000F","mode":"tram","arr":["U1"],"metro":1,"angle":-55.2,"extra":1}},{"type":"Feature","geometry":{"type":"Point","coordinates":[16.378435,48.211895]},"properties":{"lines":"U1","color":"#E3000F","mode":"tram","arr":["U1"],"metro":1,"angle":-19.8,"extra":1}},{"type":"Feature","geometry":{"type":"Point","coordinates":[16.390173,48.217826]},"properties":{"lines":"U1","color":"#E3000F","mode":"tram","arr":["U1"],"metro":1,"angle":-53.5,"extra":1}},{"type":"Feature","geometry":{"type":"Point","coordinates":[16.395809,48.220974]},"properties":{"lines":"U1","color":"#E3000F","mode":"tram","arr":["U1"],"metro":1,"angle":-39.4,"extra":1}},{"type":"Feature","geometry":{"type":"Point","coordinates":[16.401712,48.223963]},"properties":{"lines":"U1","color":"#E3000F","mode":"tram","arr":["U1"],"metro":1,"angle":-39,"extra":1}},{"type":"Feature","geometry":{"type":"Point","coordinates":[16.40751,48.227054]},"properties":{"lines":"U1","color":"#E3000F","mode":"tram","arr":["U1"],"metro":1,"angle":-39.1,"extra":1}},{"type":"Feature","geometry":{"type":"Point","coordinates":[16.413246,48.230194]},"properties":{"lines":"U1","color":"#E3000F","mode":"tram","arr":["U1"],"metro":1,"angle":-45.3,"extra":1}},{"type":"Feature","geometry":{"type":"Point","coordinates":[16.418224,48.233782]},"properties":{"lines":"U1","color":"#E3000F","mode":"tram","arr":["U1"],"metro":1,"angle":-39.1,"extra":1}},{"type":"Feature","geometry":{"type":"Point","coordinates":[16.423249,48.237383]},"properties":{"lines":"U1","color":"#E3000F","mode":"tram","arr":["U1"],"metro":1,"angle":-41.6,"extra":1}},{"type":"Feature","geometry":{"type":"Point","coordinates":[16.428945,48.240558]},"properties":{"lines":"U1","color":"#E3000F","mode":"tram","arr":["U1"],"metro":1,"angle":-39.1,"extra":1}},{"type":"Feature","geometry":{"type":"Point","coordinates":[16.434373,48.243921]},"properties":{"lines":"U1","color":"#E3000F","mode":"tram","arr":["U1"],"metro":1,"angle":-47.1,"extra":1}},{"type":"Feature","geometry":{"type":"Point","coordinates":[16.439196,48.247597]},"properties":{"lines":"U1","color":"#E3000F","mode":"tram","arr":["U1"],"metro":1,"angle":-27.9,"extra":1}},{"type":"Feature","geometry":{"type":"Point","coordinates":[16.444097,48.251116]},"properties":{"lines":"U1","color":"#E3000F","mode":"tram","arr":["U1"],"metro":1,"angle":-61.4,"extra":1}},{"type":"Feature","geometry":{"type":"Point","coordinates":[16.447939,48.255333]},"properties":{"lines":"U1","color":"#E3000F","mode":"tram","arr":["U1"],"metro":1,"angle":-63.3,"extra":1}},{"type":"Feature","geometry":{"type":"Point","coordinates":[16.451127,48.259793]},"properties":{"lines":"U1","color":"#E3000F","mode":"tram","arr":["U1"],"metro":1,"angle":-72.6,"extra":1}},{"type":"Feature","geometry":{"type":"Point","coordinates":[16.451767,48.26471]},"properties":{"lines":"U1","color":"#E3000F","mode":"tram","arr":["U1"],"metro":1,"angle":85.9,"extra":1}},{"type":"Feature","geometry":{"type":"Point","coordinates":[16.448911,48.269242]},"properties":{"lines":"U1","color":"#E3000F","mode":"tram","arr":["U1"],"metro":1,"angle":62,"extra":1}},{"type":"Feature","geometry":{"type":"Point","coordinates":[16.446793,48.273971]},"properties":{"lines":"U1","color":"#E3000F","mode":"tram","arr":["U1"],"metro":1,"angle":84.3,"extra":1}},{"type":"Feature","geometry":{"type":"Point","coordinates":[16.451201,48.277334]},"properties":{"lines":"U1","color":"#E3000F","mode":"tram","arr":["U1"],"metro":1,"angle":-18.3,"extra":1}},{"type":"Feature","geometry":{"type":"Point","coordinates":[16.431697,48.206532]},"properties":{"lines":"U2","color":"#A862A4","mode":"tram","arr":["U2"],"metro":1,"angle":-38.9}},{"type":"Feature","geometry":{"type":"Point","coordinates":[16.509348,48.22818]},"properties":{"lines":"U2","color":"#A862A4","mode":"tram","arr":["U2"],"metro":1,"angle":-73.7,"extra":1}},{"type":"Feature","geometry":{"type":"Point","coordinates":[16.510367,48.23296]},"properties":{"lines":"U2","color":"#A862A4","mode":"tram","arr":["U2"],"metro":1,"angle":65.2,"extra":1}},{"type":"Feature","geometry":{"type":"Point","coordinates":[16.503933,48.234536]},"properties":{"lines":"U2","color":"#A862A4","mode":"tram","arr":["U2"],"metro":1,"angle":-4.8,"extra":1}},{"type":"Feature","geometry":{"type":"Point","coordinates":[16.496532,48.234124]},"properties":{"lines":"U2","color":"#A862A4","mode":"tram","arr":["U2"],"metro":1,"angle":-5,"extra":1}},{"type":"Feature","geometry":{"type":"Point","coordinates":[16.489139,48.233655]},"properties":{"lines":"U2","color":"#A862A4","mode":"tram","arr":["U2"],"metro":1,"angle":-5.7,"extra":1}},{"type":"Feature","geometry":{"type":"Point","coordinates":[16.481831,48.232974]},"properties":{"lines":"U2","color":"#A862A4","mode":"tram","arr":["U2"],"metro":1,"angle":-29.5,"extra":1}},{"type":"Feature","geometry":{"type":"Point","coordinates":[16.478599,48.228687]},"properties":{"lines":"U2","color":"#A862A4","mode":"tram","arr":["U2"],"metro":1,"angle":-73.6,"extra":1}},{"type":"Feature","geometry":{"type":"Point","coordinates":[16.475996,48.224074]},"properties":{"lines":"U2","color":"#A862A4","mode":"tram","arr":["U2"],"metro":1,"angle":-62.5,"extra":1}},{"type":"Feature","geometry":{"type":"Point","coordinates":[16.472312,48.219798]},"properties":{"lines":"U2","color":"#A862A4","mode":"tram","arr":["U2"],"metro":1,"angle":-42.1,"extra":1}},{"type":"Feature","geometry":{"type":"Point","coordinates":[16.465231,48.219677]},"properties":{"lines":"U2","color":"#A862A4","mode":"tram","arr":["U2"],"metro":1,"angle":11.3,"extra":1}},{"type":"Feature","geometry":{"type":"Point","coordinates":[16.458061,48.220921]},"properties":{"lines":"U2","color":"#A862A4","mode":"tram","arr":["U2"],"metro":1,"angle":10.5,"extra":1}},{"type":"Feature","geometry":{"type":"Point","coordinates":[16.45081,48.220399]},"properties":{"lines":"U2","color":"#A862A4","mode":"tram","arr":["U2"],"metro":1,"angle":-31.3,"extra":1}},{"type":"Feature","geometry":{"type":"Point","coordinates":[16.446277,48.216779]},"properties":{"lines":"U2","color":"#A862A4","mode":"tram","arr":["U2"],"metro":1,"angle":-79.3,"extra":1}},{"type":"Feature","geometry":{"type":"Point","coordinates":[16.4419,48.212913]},"properties":{"lines":"U2","color":"#A862A4","mode":"tram","arr":["U2"],"metro":1,"angle":-43.5,"extra":1}},{"type":"Feature","geometry":{"type":"Point","coordinates":[16.436501,48.209516]},"properties":{"lines":"U2","color":"#A862A4","mode":"tram","arr":["U2"],"metro":1,"angle":-43.4,"extra":1}},{"type":"Feature","geometry":{"type":"Point","coordinates":[16.424612,48.207129]},"properties":{"lines":"U2","color":"#A862A4","mode":"tram","arr":["U2"],"metro":1,"angle":51.7,"extra":1}},{"type":"Feature","geometry":{"type":"Point","coordinates":[16.420029,48.211007]},"properties":{"lines":"U2","color":"#A862A4","mode":"tram","arr":["U2"],"metro":1,"angle":46.9,"extra":1}},{"type":"Feature","geometry":{"type":"Point","coordinates":[16.414567,48.21434]},"properties":{"lines":"U2","color":"#A862A4","mode":"tram","arr":["U2"],"metro":1,"angle":37.8,"extra":1}},{"type":"Feature","geometry":{"type":"Point","coordinates":[16.408872,48.21747]},"properties":{"lines":"U2","color":"#A862A4","mode":"tram","arr":["U2"],"metro":1,"angle":22.9,"extra":1}},{"type":"Feature","geometry":{"type":"Point","coordinates":[16.401513,48.217852]},"properties":{"lines":"U2","color":"#A862A4","mode":"tram","arr":["U2"],"metro":1,"angle":0.9,"extra":1}},{"type":"Feature","geometry":{"type":"Point","coordinates":[16.394198,48.218548]},"properties":{"lines":"U2","color":"#A862A4","mode":"tram","arr":["U2"],"metro":1,"angle":16.5,"extra":1}},{"type":"Feature","geometry":{"type":"Point","coordinates":[16.386926,48.219475]},"properties":{"lines":"U2","color":"#A862A4","mode":"tram","arr":["U2"],"metro":1,"angle":12.6,"extra":1}},{"type":"Feature","geometry":{"type":"Point","coordinates":[16.379666,48.219048]},"properties":{"lines":"U2","color":"#A862A4","mode":"tram","arr":["U2"],"metro":1,"angle":-17.3,"extra":1}},{"type":"Feature","geometry":{"type":"Point","coordinates":[16.372573,48.217583]},"properties":{"lines":"U2","color":"#A862A4","mode":"tram","arr":["U2"],"metro":1,"angle":-14.2,"extra":1}},{"type":"Feature","geometry":{"type":"Point","coordinates":[16.365588,48.216341]},"properties":{"lines":"U2","color":"#A862A4","mode":"tram","arr":["U2"],"metro":1,"angle":-35.1,"extra":1}},{"type":"Feature","geometry":{"type":"Point","coordinates":[16.359235,48.214161]},"properties":{"lines":"U2","color":"#A862A4","mode":"tram","arr":["U2"],"metro":1,"angle":18.6,"extra":1}},{"type":"Feature","geometry":{"type":"Point","coordinates":[16.355691,48.211523]},"properties":{"lines":"U2","color":"#A862A4","mode":"tram","arr":["U2"],"metro":1,"angle":-83.6,"extra":1}},{"type":"Feature","geometry":{"type":"Point","coordinates":[16.355945,48.206716]},"properties":{"lines":"U2","color":"#A862A4","mode":"tram","arr":["U2"],"metro":1,"angle":58.4,"extra":1}},{"type":"Feature","geometry":{"type":"Point","coordinates":[16.360804,48.202979]},"properties":{"lines":"U2","color":"#A862A4","mode":"tram","arr":["U2"],"metro":1,"angle":47.8,"extra":1}},{"type":"Feature","geometry":{"type":"Point","coordinates":[16.367183,48.200999]},"properties":{"lines":"U2","color":"#A862A4","mode":"tram","arr":["U2"],"metro":1,"angle":-12.3,"extra":1}},{"type":"Feature","geometry":{"type":"Point","coordinates":[16.371898,48.207911]},"properties":{"lines":"U3","color":"#EF7C00","mode":"tram","arr":["U3"],"metro":1,"angle":23}},{"type":"Feature","geometry":{"type":"Point","coordinates":[16.31067,48.20905]},"properties":{"lines":"U3","color":"#EF7C00","mode":"tram","arr":["U3"],"metro":1,"angle":-77.8,"extra":1}},{"type":"Feature","geometry":{"type":"Point","coordinates":[16.308937,48.204243]},"properties":{"lines":"U3","color":"#EF7C00","mode":"tram","arr":["U3"],"metro":1,"angle":-77.3,"extra":1}},{"type":"Feature","geometry":{"type":"Point","coordinates":[16.311199,48.199866]},"properties":{"lines":"U3","color":"#EF7C00","mode":"tram","arr":["U3"],"metro":1,"angle":49.5,"extra":1}},{"type":"Feature","geometry":{"type":"Point","coordinates":[16.317518,48.197764]},"properties":{"lines":"U3","color":"#EF7C00","mode":"tram","arr":["U3"],"metro":1,"angle":5.6,"extra":1}},{"type":"Feature","geometry":{"type":"Point","coordinates":[16.324905,48.197274]},"properties":{"lines":"U3","color":"#EF7C00","mode":"tram","arr":["U3"],"metro":1,"angle":-1.5,"extra":1}},{"type":"Feature","geometry":{"type":"Point","coordinates":[16.332194,48.197006]},"properties":{"lines":"U3","color":"#EF7C00","mode":"tram","arr":["U3"],"metro":1,"angle":28.6,"extra":1}},{"type":"Feature","geometry":{"type":"Point","coordinates":[16.339164,48.195848]},"properties":{"lines":"U3","color":"#EF7C00","mode":"tram","arr":["U3"],"metro":1,"angle":-6.5,"extra":1}},{"type":"Feature","geometry":{"type":"Point","coordinates":[16.34633,48.197125]},"properties":{"lines":"U3","color":"#EF7C00","mode":"tram","arr":["U3"],"metro":1,"angle":-18.3,"extra":1}},{"type":"Feature","geometry":{"type":"Point","coordinates":[16.352937,48.199358]},"properties":{"lines":"U3","color":"#EF7C00","mode":"tram","arr":["U3"],"metro":1,"angle":-28.6,"extra":1}},{"type":"Feature","geometry":{"type":"Point","coordinates":[16.356854,48.203137]},"properties":{"lines":"U3","color":"#EF7C00","mode":"tram","arr":["U3"],"metro":1,"angle":-77.1,"extra":1}},{"type":"Feature","geometry":{"type":"Point","coordinates":[16.360908,48.207246]},"properties":{"lines":"U3","color":"#EF7C00","mode":"tram","arr":["U3"],"metro":1,"angle":-60.5,"extra":1}},{"type":"Feature","geometry":{"type":"Point","coordinates":[16.367096,48.209404]},"properties":{"lines":"U3","color":"#EF7C00","mode":"tram","arr":["U3"],"metro":1,"angle":1.5,"extra":1}},{"type":"Feature","geometry":{"type":"Point","coordinates":[16.381084,48.206656]},"properties":{"lines":"U3","color":"#EF7C00","mode":"tram","arr":["U3"],"metro":1,"angle":10.7,"extra":1}},{"type":"Feature","geometry":{"type":"Point","coordinates":[16.387833,48.204776]},"properties":{"lines":"U3","color":"#EF7C00","mode":"tram","arr":["U3"],"metro":1,"angle":46,"extra":1}},{"type":"Feature","geometry":{"type":"Point","coordinates":[16.393317,48.20147]},"properties":{"lines":"U3","color":"#EF7C00","mode":"tram","arr":["U3"],"metro":1,"angle":38.6,"extra":1}},{"type":"Feature","geometry":{"type":"Point","coordinates":[16.398831,48.198159]},"properties":{"lines":"U3","color":"#EF7C00","mode":"tram","arr":["U3"],"metro":1,"angle":44.5,"extra":1}},{"type":"Feature","geometry":{"type":"Point","coordinates":[16.404813,48.195246]},"properties":{"lines":"U3","color":"#EF7C00","mode":"tram","arr":["U3"],"metro":1,"angle":38.4,"extra":1}},{"type":"Feature","geometry":{"type":"Point","coordinates":[16.411391,48.19306]},"properties":{"lines":"U3","color":"#EF7C00","mode":"tram","arr":["U3"],"metro":1,"angle":32.3,"extra":1}},{"type":"Feature","geometry":{"type":"Point","coordinates":[16.416813,48.189686]},"properties":{"lines":"U3","color":"#EF7C00","mode":"tram","arr":["U3"],"metro":1,"angle":42.6,"extra":1}},{"type":"Feature","geometry":{"type":"Point","coordinates":[16.417529,48.185256]},"properties":{"lines":"U3","color":"#EF7C00","mode":"tram","arr":["U3"],"metro":1,"angle":-62.1,"extra":1}},{"type":"Feature","geometry":{"type":"Point","coordinates":[16.412733,48.181565]},"properties":{"lines":"U3","color":"#EF7C00","mode":"tram","arr":["U3"],"metro":1,"angle":-51.9,"extra":1}},{"type":"Feature","geometry":{"type":"Point","coordinates":[16.411175,48.176987]},"properties":{"lines":"U3","color":"#EF7C00","mode":"tram","arr":["U3"],"metro":1,"angle":61.8,"extra":1}},{"type":"Feature","geometry":{"type":"Point","coordinates":[16.416342,48.173451]},"properties":{"lines":"U3","color":"#EF7C00","mode":"tram","arr":["U3"],"metro":1,"angle":49.2,"extra":1}},{"type":"Feature","geometry":{"type":"Point","coordinates":[16.376283,48.207346]},"properties":{"lines":"U3","color":"#EF7C00","mode":"tram","arr":["U3"],"metro":1,"angle":7.9,"extra":1}},{"type":"Feature","geometry":{"type":"Point","coordinates":[16.356935,48.196391]},"properties":{"lines":"U4","color":"#319F49","mode":"tram","arr":["U4"],"metro":1,"angle":-17.2}},{"type":"Feature","geometry":{"type":"Point","coordinates":[16.263733,48.195547]},"properties":{"lines":"U4","color":"#319F49","mode":"tram","arr":["U4"],"metro":1,"angle":65.5,"extra":1}},{"type":"Feature","geometry":{"type":"Point","coordinates":[16.269414,48.192905]},"properties":{"lines":"U4","color":"#319F49","mode":"tram","arr":["U4"],"metro":1,"angle":10.7,"extra":1}},{"type":"Feature","geometry":{"type":"Point","coordinates":[16.276758,48.19217]},"properties":{"lines":"U4","color":"#319F49","mode":"tram","arr":["U4"],"metro":1,"angle":7.3,"extra":1}},{"type":"Feature","geometry":{"type":"Point","coordinates":[16.284094,48.191418]},"properties":{"lines":"U4","color":"#319F49","mode":"tram","arr":["U4"],"metro":1,"angle":14.4,"extra":1}},{"type":"Feature","geometry":{"type":"Point","coordinates":[16.291331,48.190317]},"properties":{"lines":"U4","color":"#319F49","mode":"tram","arr":["U4"],"metro":1,"angle":15.2,"extra":1}},{"type":"Feature","geometry":{"type":"Point","coordinates":[16.298438,48.188886]},"properties":{"lines":"U4","color":"#319F49","mode":"tram","arr":["U4"],"metro":1,"angle":17.5,"extra":1}},{"type":"Feature","geometry":{"type":"Point","coordinates":[16.305543,48.187517]},"properties":{"lines":"U4","color":"#319F49","mode":"tram","arr":["U4"],"metro":1,"angle":1.8,"extra":1}},{"type":"Feature","geometry":{"type":"Point","coordinates":[16.312961,48.187334]},"properties":{"lines":"U4","color":"#319F49","mode":"tram","arr":["U4"],"metro":1,"angle":8.7,"extra":1}},{"type":"Feature","geometry":{"type":"Point","coordinates":[16.319976,48.185749]},"properties":{"lines":"U4","color":"#319F49","mode":"tram","arr":["U4"],"metro":1,"angle":22.1,"extra":1}},{"type":"Feature","geometry":{"type":"Point","coordinates":[16.326744,48.183715]},"properties":{"lines":"U4","color":"#319F49","mode":"tram","arr":["U4"],"metro":1,"angle":18.2,"extra":1}},{"type":"Feature","geometry":{"type":"Point","coordinates":[16.333958,48.184248]},"properties":{"lines":"U4","color":"#319F49","mode":"tram","arr":["U4"],"metro":1,"angle":-33.6,"extra":1}},{"type":"Feature","geometry":{"type":"Point","coordinates":[16.339053,48.187826]},"properties":{"lines":"U4","color":"#319F49","mode":"tram","arr":["U4"],"metro":1,"angle":-34.5,"extra":1}},{"type":"Feature","geometry":{"type":"Point","coordinates":[16.34627,48.188806]},"properties":{"lines":"U4","color":"#319F49","mode":"tram","arr":["U4"],"metro":1,"angle":-13.7,"extra":1}},{"type":"Feature","geometry":{"type":"Point","coordinates":[16.353002,48.190606]},"properties":{"lines":"U4","color":"#319F49","mode":"tram","arr":["U4"],"metro":1,"angle":-52.8,"extra":1}},{"type":"Feature","geometry":{"type":"Point","coordinates":[16.361258,48.197309]},"properties":{"lines":"U4","color":"#319F49","mode":"tram","arr":["U4"],"metro":1,"angle":-26.8,"extra":1}},{"type":"Feature","geometry":{"type":"Point","coordinates":[16.367087,48.200363]},"properties":{"lines":"U4","color":"#319F49","mode":"tram","arr":["U4"],"metro":1,"angle":-28.8,"extra":1}},{"type":"Feature","geometry":{"type":"Point","coordinates":[16.374266,48.199733]},"properties":{"lines":"U4","color":"#319F49","mode":"tram","arr":["U4"],"metro":1,"angle":-16.9,"extra":1}},{"type":"Feature","geometry":{"type":"Point","coordinates":[16.379748,48.202882]},"properties":{"lines":"U4","color":"#319F49","mode":"tram","arr":["U4"],"metro":1,"angle":-44.1,"extra":1}},{"type":"Feature","geometry":{"type":"Point","coordinates":[16.384566,48.206343]},"properties":{"lines":"U4","color":"#319F49","mode":"tram","arr":["U4"],"metro":1,"angle":-64.9,"extra":1}},{"type":"Feature","geometry":{"type":"Point","coordinates":[16.383489,48.210867]},"properties":{"lines":"U4","color":"#319F49","mode":"tram","arr":["U4"],"metro":1,"angle":38.1,"extra":1}},{"type":"Feature","geometry":{"type":"Point","coordinates":[16.376505,48.212375]},"properties":{"lines":"U4","color":"#319F49","mode":"tram","arr":["U4"],"metro":1,"angle":33.9,"extra":1}},{"type":"Feature","geometry":{"type":"Point","coordinates":[16.372334,48.216404]},"properties":{"lines":"U4","color":"#319F49","mode":"tram","arr":["U4"],"metro":1,"angle":53.7,"extra":1}},{"type":"Feature","geometry":{"type":"Point","coordinates":[16.367958,48.220341]},"properties":{"lines":"U4","color":"#319F49","mode":"tram","arr":["U4"],"metro":1,"angle":76.4,"extra":1}},{"type":"Feature","geometry":{"type":"Point","coordinates":[16.367102,48.225239]},"properties":{"lines":"U4","color":"#319F49","mode":"tram","arr":["U4"],"metro":1,"angle":67.5,"extra":1}},{"type":"Feature","geometry":{"type":"Point","coordinates":[16.362777,48.229239]},"properties":{"lines":"U4","color":"#319F49","mode":"tram","arr":["U4"],"metro":1,"angle":62.8,"extra":1}},{"type":"Feature","geometry":{"type":"Point","coordinates":[16.359282,48.233535]},"properties":{"lines":"U4","color":"#319F49","mode":"tram","arr":["U4"],"metro":1,"angle":57.2,"extra":1}},{"type":"Feature","geometry":{"type":"Point","coordinates":[16.359917,48.238196]},"properties":{"lines":"U4","color":"#319F49","mode":"tram","arr":["U4"],"metro":1,"angle":-63,"extra":1}},{"type":"Feature","geometry":{"type":"Point","coordinates":[16.363244,48.242617]},"properties":{"lines":"U4","color":"#319F49","mode":"tram","arr":["U4"],"metro":1,"angle":-67.2,"extra":1}},{"type":"Feature","geometry":{"type":"Point","coordinates":[16.365155,48.247375]},"properties":{"lines":"U4","color":"#319F49","mode":"tram","arr":["U4"],"metro":1,"angle":-67.9,"extra":1}},{"type":"Feature","geometry":{"type":"Point","coordinates":[16.337286,48.202186]},"properties":{"lines":"U6","color":"#9D6830","mode":"tram","arr":["U6"],"metro":1,"angle":85.1}},{"type":"Feature","geometry":{"type":"Point","coordinates":[16.310628,48.132431]},"properties":{"lines":"U6","color":"#9D6830","mode":"tram","arr":["U6"],"metro":1,"angle":-70.1,"extra":1}},{"type":"Feature","geometry":{"type":"Point","coordinates":[16.313542,48.136973]},"properties":{"lines":"U6","color":"#9D6830","mode":"tram","arr":["U6"],"metro":1,"angle":-63.3,"extra":1}},{"type":"Feature","geometry":{"type":"Point","coordinates":[16.316522,48.141436]},"properties":{"lines":"U6","color":"#9D6830","mode":"tram","arr":["U6"],"metro":1,"angle":-85.8,"extra":1}},{"type":"Feature","geometry":{"type":"Point","coordinates":[16.316904,48.146375]},"properties":{"lines":"U6","color":"#9D6830","mode":"tram","arr":["U6"],"metro":1,"angle":-87.6,"extra":1}},{"type":"Feature","geometry":{"type":"Point","coordinates":[16.316971,48.151316]},"properties":{"lines":"U6","color":"#9D6830","mode":"tram","arr":["U6"],"metro":1,"angle":-87.5,"extra":1}},{"type":"Feature","geometry":{"type":"Point","coordinates":[16.319775,48.155681]},"properties":{"lines":"U6","color":"#9D6830","mode":"tram","arr":["U6"],"metro":1,"angle":-42.8,"extra":1}},{"type":"Feature","geometry":{"type":"Point","coordinates":[16.323628,48.15986]},"properties":{"lines":"U6","color":"#9D6830","mode":"tram","arr":["U6"],"metro":1,"angle":-63.7,"extra":1}},{"type":"Feature","geometry":{"type":"Point","coordinates":[16.327082,48.164234]},"properties":{"lines":"U6","color":"#9D6830","mode":"tram","arr":["U6"],"metro":1,"angle":-56.7,"extra":1}},{"type":"Feature","geometry":{"type":"Point","coordinates":[16.328635,48.168963]},"properties":{"lines":"U6","color":"#9D6830","mode":"tram","arr":["U6"],"metro":1,"angle":-68.3,"extra":1}},{"type":"Feature","geometry":{"type":"Point","coordinates":[16.331507,48.173402]},"properties":{"lines":"U6","color":"#9D6830","mode":"tram","arr":["U6"],"metro":1,"angle":-83.9,"extra":1}},{"type":"Feature","geometry":{"type":"Point","coordinates":[16.331362,48.178338]},"properties":{"lines":"U6","color":"#9D6830","mode":"tram","arr":["U6"],"metro":1,"angle":85,"extra":1}},{"type":"Feature","geometry":{"type":"Point","coordinates":[16.331974,48.183189]},"properties":{"lines":"U6","color":"#9D6830","mode":"tram","arr":["U6"],"metro":1,"angle":-55.2,"extra":1}},{"type":"Feature","geometry":{"type":"Point","coordinates":[16.337336,48.186533]},"properties":{"lines":"U6","color":"#9D6830","mode":"tram","arr":["U6"],"metro":1,"angle":-51.2,"extra":1}},{"type":"Feature","geometry":{"type":"Point","coordinates":[16.337643,48.191265]},"properties":{"lines":"U6","color":"#9D6830","mode":"tram","arr":["U6"],"metro":1,"angle":-75.6,"extra":1}},{"type":"Feature","geometry":{"type":"Point","coordinates":[16.339648,48.195971]},"properties":{"lines":"U6","color":"#9D6830","mode":"tram","arr":["U6"],"metro":1,"angle":80.6,"extra":1}},{"type":"Feature","geometry":{"type":"Point","coordinates":[16.337015,48.205664]},"properties":{"lines":"U6","color":"#9D6830","mode":"tram","arr":["U6"],"metro":1,"angle":-89.5,"extra":1}},{"type":"Feature","geometry":{"type":"Point","coordinates":[16.339048,48.210372]},"properties":{"lines":"U6","color":"#9D6830","mode":"tram","arr":["U6"],"metro":1,"angle":-85,"extra":1}},{"type":"Feature","geometry":{"type":"Point","coordinates":[16.340946,48.215121]},"properties":{"lines":"U6","color":"#9D6830","mode":"tram","arr":["U6"],"metro":1,"angle":-70.1,"extra":1}},{"type":"Feature","geometry":{"type":"Point","coordinates":[16.343249,48.219819]},"properties":{"lines":"U6","color":"#9D6830","mode":"tram","arr":["U6"],"metro":1,"angle":-74.7,"extra":1}},{"type":"Feature","geometry":{"type":"Point","coordinates":[16.348442,48.223073]},"properties":{"lines":"U6","color":"#9D6830","mode":"tram","arr":["U6"],"metro":1,"angle":-46.2,"extra":1}},{"type":"Feature","geometry":{"type":"Point","coordinates":[16.350034,48.227841]},"properties":{"lines":"U6","color":"#9D6830","mode":"tram","arr":["U6"],"metro":1,"angle":-81.6,"extra":1}},{"type":"Feature","geometry":{"type":"Point","coordinates":[16.353563,48.231778]},"properties":{"lines":"U6","color":"#9D6830","mode":"tram","arr":["U6"],"metro":1,"angle":-38.5,"extra":1}},{"type":"Feature","geometry":{"type":"Point","coordinates":[16.357545,48.235519]},"properties":{"lines":"U6","color":"#9D6830","mode":"tram","arr":["U6"],"metro":1,"angle":-9.5,"extra":1}},{"type":"Feature","geometry":{"type":"Point","coordinates":[16.364866,48.235167]},"properties":{"lines":"U6","color":"#9D6830","mode":"tram","arr":["U6"],"metro":1,"angle":3,"extra":1}},{"type":"Feature","geometry":{"type":"Point","coordinates":[16.372291,48.235232]},"properties":{"lines":"U6","color":"#9D6830","mode":"tram","arr":["U6"],"metro":1,"angle":-1.5,"extra":1}},{"type":"Feature","geometry":{"type":"Point","coordinates":[16.379158,48.236736]},"properties":{"lines":"U6","color":"#9D6830","mode":"tram","arr":["U6"],"metro":1,"angle":-34.6,"extra":1}},{"type":"Feature","geometry":{"type":"Point","coordinates":[16.383393,48.24057]},"properties":{"lines":"U6","color":"#9D6830","mode":"tram","arr":["U6"],"metro":1,"angle":-56.8,"extra":1}},{"type":"Feature","geometry":{"type":"Point","coordinates":[16.389306,48.243527]},"properties":{"lines":"U6","color":"#9D6830","mode":"tram","arr":["U6"],"metro":1,"angle":-34.9,"extra":1}},{"type":"Feature","geometry":{"type":"Point","coordinates":[16.395055,48.246585]},"properties":{"lines":"U6","color":"#9D6830","mode":"tram","arr":["U6"],"metro":1,"angle":-54,"extra":1}},{"type":"Feature","geometry":{"type":"Point","coordinates":[16.397809,48.251135]},"properties":{"lines":"U6","color":"#9D6830","mode":"tram","arr":["U6"],"metro":1,"angle":-74.9,"extra":1}},{"type":"Feature","geometry":{"type":"Point","coordinates":[16.400265,48.255791]},"properties":{"lines":"U6","color":"#9D6830","mode":"tram","arr":["U6"],"metro":1,"angle":-63.8,"extra":1}},{"type":"Feature","geometry":{"type":"Point","coordinates":[16.338351,48.198791]},"properties":{"lines":"U6","color":"#9D6830","mode":"tram","arr":["U6"],"metro":1,"angle":76.9,"extra":1}}]}